cep,street_name,street_type_source,neighborhood_source,raw_line,source_reference,source_generation
68310-252,A,av,Maranhão,68310-252 A - av - Maranhão,NOVOS CEPs DE PARAUAPEBAS.pdf,2025-11-26 17:57
68310-400,A,r,Cid Nova,68310-400 A - r - Cid Nova,NOVOS CEPs DE PARAUAPEBAS.pdf,2025-11-26 17:57
68310-302,A,r,Primavera,68310-302 A - r - Primavera,NOVOS CEPs DE PARAUAPEBAS.pdf,2025-11-26 17:57
68317-214,Abacabal,tv,Beira Rio,68317-214 Abacabal - tv - Beira Rio,NOVOS CEPs DE PARAUAPEBAS.pdf,2025-11-26 17:57
68312-049,Abadia,tv,Jd Planalto,68312-049 Abadia - tv - Jd Planalto,NOVOS CEPs DE PARAUAPEBAS.pdf,2025-11-26 17:57
68315-051,Abaetetuba,tv,Cid Jardim,68315-051 Abaetetuba - tv - Cid Jardim,NOVOS CEPs DE PARAUAPEBAS.pdf,2025-11-26 17:57
68312-053,Abatiá,tv,Jd Planalto,68312-053 Abatiá - tv - Jd Planalto,NOVOS CEPs DE PARAUAPEBAS.pdf,2025-11-26 17:57
68317-706,Abdias,r,At Bonito,68317-706 Abdias - r - At Bonito,NOVOS CEPs DE PARAUAPEBAS.pdf,2025-11-26 17:57
68315-121,Abel Figueiredo,r,Cid Jardim,68315-121 Abel Figueiredo - r - Cid Jardim,NOVOS CEPs DE PARAUAPEBAS.pdf,2025-11-26 17:57
68319-390,Abel Nunes,r,Novo Viver,68319-390 Abel Nunes - r - Novo Viver,NOVOS CEPs DE PARAUAPEBAS.pdf,2025-11-26 17:57
68319-302,Abelardo Condurú,r,Novo Viver,68319-302 Abelardo Condurú - r - Novo Viver,NOVOS CEPs DE PARAUAPEBAS.pdf,2025-11-26 17:57
68318-133,Abraão,tv,Habitar Feliz,68318-133 Abraão - tv - Habitar Feliz,NOVOS CEPs DE PARAUAPEBAS.pdf,2025-11-26 17:57
68313-726,Abrantes,r,N Carajás,68313-726 Abrantes - r - N Carajás,NOVOS CEPs DE PARAUAPEBAS.pdf,2025-11-26 17:57
68315-161,Acácia,tv,Cid Jardim,68315-161 Acácia - tv - Cid Jardim,NOVOS CEPs DE PARAUAPEBAS.pdf,2025-11-26 17:57
68312-304,Açaí,r,Brasília,68312-304 Açaí - r - Brasília,NOVOS CEPs DE PARAUAPEBAS.pdf,2025-11-26 17:57
68310-630,Açaí,r,Liberdade I,68310-630 Açaí - r - Liberdade I,NOVOS CEPs DE PARAUAPEBAS.pdf,2025-11-26 17:57
68320-232,Açaí,tv,Palmares II,68320-232 Açaí - tv - Palmares II,NOVOS CEPs DE PARAUAPEBAS.pdf,2025-11-26 17:57
68310-262,Açailândia,r,Maranhão,68310-262 Açailândia - r - Maranhão,NOVOS CEPs DE PARAUAPEBAS.pdf,2025-11-26 17:57
68318-426,Acapúlco,tv,Novo Horizonte,68318-426 Acapúlco - tv - Novo Horizonte,NOVOS CEPs DE PARAUAPEBAS.pdf,2025-11-26 17:57
68318-121,Acará,tv,Habitar Feliz,68318-121 Acará - tv - Habitar Feliz,NOVOS CEPs DE PARAUAPEBAS.pdf,2025-11-26 17:57
68313-098,"Acaraí , do",tv,Amazônia,"68313-098 Acaraí , do - tv - Amazônia",NOVOS CEPs DE PARAUAPEBAS.pdf,2025-11-26 17:57
68312-011,Acaraú,tv,Jd Planalto,68312-011 Acaraú - tv - Jd Planalto,NOVOS CEPs DE PARAUAPEBAS.pdf,2025-11-26 17:57
68311-546,Acari,tv,Morada Nova,68311-546 Acari - tv - Morada Nova,NOVOS CEPs DE PARAUAPEBAS.pdf,2025-11-26 17:57
68317-324,Acemira,tv,Beira Rio,68317-324 Acemira - tv - Beira Rio,NOVOS CEPs DE PARAUAPEBAS.pdf,2025-11-26 17:57
68312-246,Acerola,r,Brasília,68312-246 Acerola - r - Brasília,NOVOS CEPs DE PARAUAPEBAS.pdf,2025-11-26 17:57
68320-055,"Acesso a Ferrovia , de",est,Palmares Sul,"68320-055 Acesso a Ferrovia , de - est - Palmares Sul",NOVOS CEPs DE PARAUAPEBAS.pdf,2025-11-26 17:57
68316-151,Aço,tv,Minérios,68316-151 Aço - tv - Minérios,NOVOS CEPs DE PARAUAPEBAS.pdf,2025-11-26 17:57
68317-093,Aconã,r,Prq Carajás,68317-093 Aconã - r - Prq Carajás,NOVOS CEPs DE PARAUAPEBAS.pdf,2025-11-26 17:57
68313-302,Acrab,r,Alvorá,68313-302 Acrab - r - Alvorá,NOVOS CEPs DE PARAUAPEBAS.pdf,2025-11-26 17:57
68310-320,Acre,r,Primavera,68310-320 Acre - r - Primavera,NOVOS CEPs DE PARAUAPEBAS.pdf,2025-11-26 17:57
68315-525,Acuana,r,Cid Jardim,68315-525 Acuana - r - Cid Jardim,NOVOS CEPs DE PARAUAPEBAS.pdf,2025-11-26 17:57
68315-201,Açucena,r,Cid Jardim,68315-201 Açucena - r - Cid Jardim,NOVOS CEPs DE PARAUAPEBAS.pdf,2025-11-26 17:57
68317-668,Adonai,r,At Bonito,68317-668 Adonai - r - At Bonito,NOVOS CEPs DE PARAUAPEBAS.pdf,2025-11-26 17:57
68311-548,Afenas,al,Morada Nova,68311-548 Afenas - al - Morada Nova,NOVOS CEPs DE PARAUAPEBAS.pdf,2025-11-26 17:57
68310-782,Afonso Arinos,r,N Vida,68310-782 Afonso Arinos - r - N Vida,NOVOS CEPs DE PARAUAPEBAS.pdf,2025-11-26 17:57
68310-055,Afonso Arinos,r,Paz,68310-055 Afonso Arinos - r - Paz,NOVOS CEPs DE PARAUAPEBAS.pdf,2025-11-26 17:57
68310-380,Afonso Cortês,al,Primavera,68310-380 Afonso Cortês - al - Primavera,NOVOS CEPs DE PARAUAPEBAS.pdf,2025-11-26 17:57
68320-276,Afonso Henrique Saldanha,r,Palmares II,68320-276 Afonso Henrique Saldanha - r - Palmares II,NOVOS CEPs DE PARAUAPEBAS.pdf,2025-11-26 17:57
68318-226,Afonso Pena,r,Altamira,68318-226 Afonso Pena - r - Altamira,NOVOS CEPs DE PARAUAPEBAS.pdf,2025-11-26 17:57
68318-011,Afonso Pena,r,Habitar Feliz,68318-011 Afonso Pena - r - Habitar Feliz,NOVOS CEPs DE PARAUAPEBAS.pdf,2025-11-26 17:57
68311-802,África do Sul,r,Prq Nações,68311-802 África do Sul - r - Prq Nações,NOVOS CEPs DE PARAUAPEBAS.pdf,2025-11-26 17:57
68315-313,Afuá,r,Cid Jardim,68315-313 Afuá - r - Cid Jardim,NOVOS CEPs DE PARAUAPEBAS.pdf,2025-11-26 17:57
68315-777,Agapanto,tv,Cid Jardim,68315-777 Agapanto - tv - Cid Jardim,NOVOS CEPs DE PARAUAPEBAS.pdf,2025-11-26 17:57
68311-013,Ágata,r,Guanabara,68311-013 Ágata - r - Guanabara,NOVOS CEPs DE PARAUAPEBAS.pdf,2025-11-26 17:57
68311-312,Ágata,r,Jd América,68311-312 Ágata - r - Jd América,NOVOS CEPs DE PARAUAPEBAS.pdf,2025-11-26 17:57
68315-391,Agave,tv,Cid Jardim,68315-391 Agave - tv - Cid Jardim,NOVOS CEPs DE PARAUAPEBAS.pdf,2025-11-26 17:57
68311-462,"Agostinho, Frei",tv,Morada Nova,"68311-462 Agostinho, Frei - tv - Morada Nova",NOVOS CEPs DE PARAUAPEBAS.pdf,2025-11-26 17:57
68311-550,Agrestina,tv,Morada Nova,68311-550 Agrestina - tv - Morada Nova,NOVOS CEPs DE PARAUAPEBAS.pdf,2025-11-26 17:57
68315-227,Agrião,r,Cid Jardim,68315-227 Agrião - r - Cid Jardim,NOVOS CEPs DE PARAUAPEBAS.pdf,2025-11-26 17:57
68317-296,Água Boa,tv,Beira Rio,68317-296 Água Boa - tv - Beira Rio,NOVOS CEPs DE PARAUAPEBAS.pdf,2025-11-26 17:57
68315-783,Aguapé,r,Cid Jardim,68315-783 Aguapé - r - Cid Jardim,NOVOS CEPs DE PARAUAPEBAS.pdf,2025-11-26 17:57
68318-119,Águas Lindas,al,Habitar Feliz,68318-119 Águas Lindas - al - Habitar Feliz,NOVOS CEPs DE PARAUAPEBAS.pdf,2025-11-26 17:57
68317-352,Águia,r,Beira Rio,68317-352 Águia - r - Beira Rio,NOVOS CEPs DE PARAUAPEBAS.pdf,2025-11-26 17:57
68315-541,Águia,r,Cid Jardim,68315-541 Águia - r - Cid Jardim,NOVOS CEPs DE PARAUAPEBAS.pdf,2025-11-26 17:57
68310-856,Águia Dourada,tv,N Vida,68310-856 Águia Dourada - tv - N Vida,NOVOS CEPs DE PARAUAPEBAS.pdf,2025-11-26 17:57
68319-169,Aguiar,tv,Tropical,68319-169 Aguiar - tv - Tropical,NOVOS CEPs DE PARAUAPEBAS.pdf,2025-11-26 17:57
68317-045,Aimoré,r,Prq Carajás,68317-045 Aimoré - r - Prq Carajás,NOVOS CEPs DE PARAUAPEBAS.pdf,2025-11-26 17:57
68310-166,Airton Senna,r,Rio Verde,68310-166 Airton Senna - r - Rio Verde,NOVOS CEPs DE PARAUAPEBAS.pdf,2025-11-26 17:57
68310-356,Airton Senna,tv,Primavera,68310-356 Airton Senna - tv - Primavera,NOVOS CEPs DE PARAUAPEBAS.pdf,2025-11-26 17:57
68315-797,Ajuru,tv,Cid Jardim,68315-797 Ajuru - tv - Cid Jardim,NOVOS CEPs DE PARAUAPEBAS.pdf,2025-11-26 17:57
68312-232,Akebia,r,Brasília,68312-232 Akebia - r - Brasília,NOVOS CEPs DE PARAUAPEBAS.pdf,2025-11-26 17:57
68319-500,Alabama,r,Sta Luzia,68319-500 Alabama - r - Sta Luzia,NOVOS CEPs DE PARAUAPEBAS.pdf,2025-11-26 17:57
68319-380,Alacid Nunes,r,Novo Viver,68319-380 Alacid Nunes - r - Novo Viver,NOVOS CEPs DE PARAUAPEBAS.pdf,2025-11-26 17:57
68319-528,Alasca,r,Sta Luzia,68319-528 Alasca - r - Sta Luzia,NOVOS CEPs DE PARAUAPEBAS.pdf,2025-11-26 17:57
68318-712,Albania,av,Vle Sol,68318-712 Albania - av - Vle Sol,NOVOS CEPs DE PARAUAPEBAS.pdf,2025-11-26 17:57
68313-648,Albânia,r,N Carajás,68313-648 Albânia - r - N Carajás,NOVOS CEPs DE PARAUAPEBAS.pdf,2025-11-26 17:57
68315-553,Albatroz,tv,Cid Jardim,68315-553 Albatroz - tv - Cid Jardim,NOVOS CEPs DE PARAUAPEBAS.pdf,2025-11-26 17:57
68319-332,Alberto Engelhard,r,Novo Viver,68319-332 Alberto Engelhard - r - Novo Viver,NOVOS CEPs DE PARAUAPEBAS.pdf,2025-11-26 17:57
68320-274,Alberto Maciel,r,Palmares II,68320-274 Alberto Maciel - r - Palmares II,NOVOS CEPs DE PARAUAPEBAS.pdf,2025-11-26 17:57
68318-758,Alberto Santis,r,Vle Sol,68318-758 Alberto Santis - r - Vle Sol,NOVOS CEPs DE PARAUAPEBAS.pdf,2025-11-26 17:57
68315-297,Alcaçuz,tv,Cid Jardim,68315-297 Alcaçuz - tv - Cid Jardim,NOVOS CEPs DE PARAUAPEBAS.pdf,2025-11-26 17:57
68310-276,Alcântara,tv,Maranhão,68310-276 Alcântara - tv - Maranhão,NOVOS CEPs DE PARAUAPEBAS.pdf,2025-11-26 17:57
68315-251,Aldenora Rego,av,Cid Jardim,68315-251 Aldenora Rego - av - Cid Jardim,NOVOS CEPs DE PARAUAPEBAS.pdf,2025-11-26 17:57
68317-484,Aldrago,tv,Jd Canadá,68317-484 Aldrago - tv - Jd Canadá,NOVOS CEPs DE PARAUAPEBAS.pdf,2025-11-26 17:57
68315-349,Alecrim,r,Cid Jardim,68315-349 Alecrim - r - Cid Jardim,NOVOS CEPs DE PARAUAPEBAS.pdf,2025-11-26 17:57
68315-067,Alenquer,tv,Cid Jardim,68315-067 Alenquer - tv - Cid Jardim,NOVOS CEPs DE PARAUAPEBAS.pdf,2025-11-26 17:57
68316-075,Alexandrita,tv,Minérios,68316-075 Alexandrita - tv - Minérios,NOVOS CEPs DE PARAUAPEBAS.pdf,2025-11-26 17:57
68313-184,Alexânia,r,Apoena,68313-184 Alexânia - r - Apoena,NOVOS CEPs DE PARAUAPEBAS.pdf,2025-11-26 17:57
68315-359,Alfazema,tv,Cid Jardim,68315-359 Alfazema - tv - Cid Jardim,NOVOS CEPs DE PARAUAPEBAS.pdf,2025-11-26 17:57
68313-820,Alfena,tv,N Carajás,68313-820 Alfena - tv - N Carajás,NOVOS CEPs DE PARAUAPEBAS.pdf,2025-11-26 17:57
68315-019,Alferes Costa,av,Cid Jardim,68315-019 Alferes Costa - av - Cid Jardim,NOVOS CEPs DE PARAUAPEBAS.pdf,2025-11-26 17:57
68311-400,Alfred Nobel,r,Jd América,68311-400 Alfred Nobel - r - Jd América,NOVOS CEPs DE PARAUAPEBAS.pdf,2025-11-26 17:57
68316-039,"Alfredo Amâncio Filho, Doutor",av,Minérios,"68316-039 Alfredo Amâncio Filho, Doutor - av - Minérios",NOVOS CEPs DE PARAUAPEBAS.pdf,2025-11-26 17:57
68319-131,Almeida,r,Tropical,68319-131 Almeida - r - Tropical,NOVOS CEPs DE PARAUAPEBAS.pdf,2025-11-26 17:57
68315-423,Alfredo Volpi,tv,Cid Jardim,68315-423 Alfredo Volpi - tv - Cid Jardim,NOVOS CEPs DE PARAUAPEBAS.pdf,2025-11-26 17:57
68315-743,Alisso,tv,Cid Jardim,68315-743 Alisso - tv - Cid Jardim,NOVOS CEPs DE PARAUAPEBAS.pdf,2025-11-26 17:57
68315-419,Almeida Junior,tv,Cid Jardim,68315-419 Almeida Junior - tv - Cid Jardim,NOVOS CEPs DE PARAUAPEBAS.pdf,2025-11-26 17:57
68311-220,Almeirim,tv,Linha Verde,68311-220 Almeirim - tv - Linha Verde,NOVOS CEPs DE PARAUAPEBAS.pdf,2025-11-26 17:57
68319-392,Almir Gabriel,r,Novo Viver,68319-392 Almir Gabriel - r - Novo Viver,NOVOS CEPs DE PARAUAPEBAS.pdf,2025-11-26 17:57
68315-081,Almirante Barroso,r,Cid Jardim,68315-081 Almirante Barroso - r - Cid Jardim,NOVOS CEPs DE PARAUAPEBAS.pdf,2025-11-26 17:57
68315-747,Alocasia,tv,Cid Jardim,68315-747 Alocasia - tv - Cid Jardim,NOVOS CEPs DE PARAUAPEBAS.pdf,2025-11-26 17:57
68319-099,Alonso,r,Tropical,68319-099 Alonso - r - Tropical,NOVOS CEPs DE PARAUAPEBAS.pdf,2025-11-26 17:57
68319-378,Aloysio Chaves,r,Novo Viver,68319-378 Aloysio Chaves - r - Novo Viver,NOVOS CEPs DE PARAUAPEBAS.pdf,2025-11-26 17:57
68313-294,Alpha,tv,Alvorá,68313-294 Alpha - tv - Alvorá,NOVOS CEPs DE PARAUAPEBAS.pdf,2025-11-26 17:57
68317-490,Alpinia,tv,Jd Canadá,68317-490 Alpinia - tv - Jd Canadá,NOVOS CEPs DE PARAUAPEBAS.pdf,2025-11-26 17:57
68312-045,Alquara,tv,Jd Planalto,68312-045 Alquara - tv - Jd Planalto,NOVOS CEPs DE PARAUAPEBAS.pdf,2025-11-26 17:57
68315-263,Altamira,tv,Cid Jardim,68315-263 Altamira - tv - Cid Jardim,NOVOS CEPs DE PARAUAPEBAS.pdf,2025-11-26 17:57
68320-075,Altamiro Borba,r,Palmares Sul,68320-075 Altamiro Borba - r - Palmares Sul,NOVOS CEPs DE PARAUAPEBAS.pdf,2025-11-26 17:57
68310-116,Alto Bonito,r,Rio Verde,68310-116 Alto Bonito - r - Rio Verde,NOVOS CEPs DE PARAUAPEBAS.pdf,2025-11-26 17:57
68313-312,Aludra,av,Alvorá,68313-312 Aludra - av - Alvorá,NOVOS CEPs DE PARAUAPEBAS.pdf,2025-11-26 17:57
68311-258,Aluízio de Azevedo,r,Caetanópolis,68311-258 Aluízio de Azevedo - r - Caetanópolis,NOVOS CEPs DE PARAUAPEBAS.pdf,2025-11-26 17:57
68319-079,Alvarenga,r,Tropical,68319-079 Alvarenga - r - Tropical,NOVOS CEPs DE PARAUAPEBAS.pdf,2025-11-26 17:57
68319-310,Alvares de Castro,tv,Novo Viver,68319-310 Alvares de Castro - tv - Novo Viver,NOVOS CEPs DE PARAUAPEBAS.pdf,2025-11-26 17:57
68311-386,Álvaro Vieira,r,Jd América,68311-386 Álvaro Vieira - r - Jd América,NOVOS CEPs DE PARAUAPEBAS.pdf,2025-11-26 17:57
68310-850,Álvaro Vieira,r,N Vida,68310-850 Álvaro Vieira - r - N Vida,NOVOS CEPs DE PARAUAPEBAS.pdf,2025-11-26 17:57
68319-129,Alves,r,Tropical,68319-129 Alves - r - Tropical,NOVOS CEPs DE PARAUAPEBAS.pdf,2025-11-26 17:57
68317-354,Alvorada,tv,Beira Rio,68317-354 Alvorada - tv - Beira Rio,NOVOS CEPs DE PARAUAPEBAS.pdf,2025-11-26 17:57
68311-558,Alzira Camilo,r,Morada Nova,68311-558 Alzira Camilo - r - Morada Nova,NOVOS CEPs DE PARAUAPEBAS.pdf,2025-11-26 17:57
68318-037,Amapari,tv,Habitar Feliz,68318-037 Amapari - tv - Habitar Feliz,NOVOS CEPs DE PARAUAPEBAS.pdf,2025-11-26 17:57
68319-065,Amaral,tv,Tropical,68319-065 Amaral - tv - Tropical,NOVOS CEPs DE PARAUAPEBAS.pdf,2025-11-26 17:57
68310-172,Amaralina,tv,Rio Verde,68310-172 Amaralina - tv - Rio Verde,NOVOS CEPs DE PARAUAPEBAS.pdf,2025-11-26 17:57
68315-145,Amarelão,tv,Cid Jardim,68315-145 Amarelão - tv - Cid Jardim,NOVOS CEPs DE PARAUAPEBAS.pdf,2025-11-26 17:57
68315-731,Amarilís,r,Cid Jardim,68315-731 Amarilís - r - Cid Jardim,NOVOS CEPs DE PARAUAPEBAS.pdf,2025-11-26 17:57
68317-526,Amarílis,tv,Jd Canadá,68317-526 Amarílis - tv - Jd Canadá,NOVOS CEPs DE PARAUAPEBAS.pdf,2025-11-26 17:57
68316-141,Amatista,tv,Minérios,68316-141 Amatista - tv - Minérios,NOVOS CEPs DE PARAUAPEBAS.pdf,2025-11-26 17:57
68313-055,Amatuteia,r,Novo Brasil,68313-055 Amatuteia - r - Novo Brasil,NOVOS CEPs DE PARAUAPEBAS.pdf,2025-11-26 17:57
68320-059,Amazonas,r,Palmares Sul,68320-059 Amazonas - r - Palmares Sul,NOVOS CEPs DE PARAUAPEBAS.pdf,2025-11-26 17:57
68310-220,Amazonas,r,Rio Verde,68310-220 Amazonas - r - Rio Verde,NOVOS CEPs DE PARAUAPEBAS.pdf,2025-11-26 17:57
68318-606,Amazônia,r,FAP,68318-606 Amazônia - r - FAP,NOVOS CEPs DE PARAUAPEBAS.pdf,2025-11-26 17:57
68316-119,Amazonita,tv,Minérios,68316-119 Amazonita - tv - Minérios,NOVOS CEPs DE PARAUAPEBAS.pdf,2025-11-26 17:57
68316-149,Âmbar,tv,Minérios,68316-149 Âmbar - tv - Minérios,NOVOS CEPs DE PARAUAPEBAS.pdf,2025-11-26 17:57
68312-202,Ameixa,r,Brasília,68312-202 Ameixa - r - Brasília,NOVOS CEPs DE PARAUAPEBAS.pdf,2025-11-26 17:57
68312-260,Amêndoa,r,Brasília,68312-260 Amêndoa - r - Brasília,NOVOS CEPs DE PARAUAPEBAS.pdf,2025-11-26 17:57
68317-308,América de Natal,r,Beira Rio,68317-308 América de Natal - r - Beira Rio,NOVOS CEPs DE PARAUAPEBAS.pdf,2025-11-26 17:57
68318-454,Ametista,tv,Novo Horizonte,68318-454 Ametista - tv - Novo Horizonte,NOVOS CEPs DE PARAUAPEBAS.pdf,2025-11-26 17:57
68316-055,Amianto,tv,Minérios,68316-055 Amianto - tv - Minérios,NOVOS CEPs DE PARAUAPEBAS.pdf,2025-11-26 17:57
68320-067,Amilton Martins,r,Palmares Sul,68320-067 Amilton Martins - r - Palmares Sul,NOVOS CEPs DE PARAUAPEBAS.pdf,2025-11-26 17:57
68315-155,Amor Perfeito,r,Cid Jardim,68315-155 Amor Perfeito - r - Cid Jardim,NOVOS CEPs DE PARAUAPEBAS.pdf,2025-11-26 17:57
68318-214,Amsterdã,r,Altamira,68318-214 Amsterdã - r - Altamira,NOVOS CEPs DE PARAUAPEBAS.pdf,2025-11-26 17:57
68318-003,Amsterdã,r,Habitar Feliz,68318-003 Amsterdã - r - Habitar Feliz,NOVOS CEPs DE PARAUAPEBAS.pdf,2025-11-26 17:57
68318-450,Amsterdã,r,Novo Horizonte,68318-450 Amsterdã - r - Novo Horizonte,NOVOS CEPs DE PARAUAPEBAS.pdf,2025-11-26 17:57
68318-502,Amsterdã,r,Vl Rica,68318-502 Amsterdã - r - Vl Rica,NOVOS CEPs DE PARAUAPEBAS.pdf,2025-11-26 17:57
68311-043,"Ana, Santa",r,Guanabara,"68311-043 Ana, Santa - r - Guanabara",NOVOS CEPs DE PARAUAPEBAS.pdf,2025-11-26 17:57
68311-552,Anajás,tv,Morada Nova,68311-552 Anajás - tv - Morada Nova,NOVOS CEPs DE PARAUAPEBAS.pdf,2025-11-26 17:57
68315-433,Anambé,r,Cid Jardim,68315-433 Anambé - r - Cid Jardim,NOVOS CEPs DE PARAUAPEBAS.pdf,2025-11-26 17:57
68311-202,Ananindeua,r,Linha Verde,68311-202 Ananindeua - r - Linha Verde,NOVOS CEPs DE PARAUAPEBAS.pdf,2025-11-26 17:57
68313-166,Ananindeua,tv,Apoena,68313-166 Ananindeua - tv - Apoena,NOVOS CEPs DE PARAUAPEBAS.pdf,2025-11-26 17:57
68313-019,Ananke,r,Novo Brasil,68313-019 Ananke - r - Novo Brasil,NOVOS CEPs DE PARAUAPEBAS.pdf,2025-11-26 17:57
68313-186,Anápoles,r,Apoena,68313-186 Anápoles - r - Apoena,NOVOS CEPs DE PARAUAPEBAS.pdf,2025-11-26 17:57
68317-310,Anapolina,r,Beira Rio,68317-310 Anapolina - r - Beira Rio,NOVOS CEPs DE PARAUAPEBAS.pdf,2025-11-26 17:57
68310-144,Anápolis,al,Rio Verde,68310-144 Anápolis - al - Rio Verde,NOVOS CEPs DE PARAUAPEBAS.pdf,2025-11-26 17:57
68315-069,Anapu,tv,Cid Jardim,68315-069 Anapu - tv - Cid Jardim,NOVOS CEPs DE PARAUAPEBAS.pdf,2025-11-26 17:57
68315-299,Anauera,tv,Cid Jardim,68315-299 Anauera - tv - Cid Jardim,NOVOS CEPs DE PARAUAPEBAS.pdf,2025-11-26 17:57
68311-784,Ancara,tv,Prq Nações,68311-784 Ancara - tv - Prq Nações,NOVOS CEPs DE PARAUAPEBAS.pdf,2025-11-26 17:57
68315-467,Anchova,r,Cid Jardim,68315-467 Anchova - r - Cid Jardim,NOVOS CEPs DE PARAUAPEBAS.pdf,2025-11-26 17:57
68315-479,Andirá,r,Cid Jardim,68315-479 Andirá - r - Cid Jardim,NOVOS CEPs DE PARAUAPEBAS.pdf,2025-11-26 17:57
68315-511,Andorinha,r,Cid Jardim,68315-511 Andorinha - r - Cid Jardim,NOVOS CEPs DE PARAUAPEBAS.pdf,2025-11-26 17:57
68313-736,Andorra,r,N Carajás,68313-736 Andorra - r - N Carajás,NOVOS CEPs DE PARAUAPEBAS.pdf,2025-11-26 17:57
68319-033,Andrade,r,Tropical,68319-033 Andrade - r - Tropical,NOVOS CEPs DE PARAUAPEBAS.pdf,2025-11-26 17:57
68315-501,Anemona,r,Cid Jardim,68315-501 Anemona - r - Cid Jardim,NOVOS CEPs DE PARAUAPEBAS.pdf,2025-11-26 17:57
68311-486,Angatuba,tv,Morada Nova,68311-486 Angatuba - tv - Morada Nova,NOVOS CEPs DE PARAUAPEBAS.pdf,2025-11-26 17:57
68311-027,Ângela Diniz,r,Guanabara,68311-027 Ângela Diniz - r - Guanabara,NOVOS CEPs DE PARAUAPEBAS.pdf,2025-11-26 17:57
68310-037,Ângela Diniz,r,Paz,68310-037 Ângela Diniz - r - Paz,NOVOS CEPs DE PARAUAPEBAS.pdf,2025-11-26 17:57
68311-320,Ângela Maria Bernardes,tv,Jd América,68311-320 Ângela Maria Bernardes - tv - Jd América,NOVOS CEPs DE PARAUAPEBAS.pdf,2025-11-26 17:57
68317-770,Angelim,r,Polo Moveleiro,68317-770 Angelim - r - Polo Moveleiro,NOVOS CEPs DE PARAUAPEBAS.pdf,2025-11-26 17:57
68315-417,Ângelo Agostini,r,Cid Jardim,68315-417 Ângelo Agostini - r - Cid Jardim,NOVOS CEPs DE PARAUAPEBAS.pdf,2025-11-26 17:57
68311-554,Angical,al,Morada Nova,68311-554 Angical - al - Morada Nova,NOVOS CEPs DE PARAUAPEBAS.pdf,2025-11-26 17:57
68315-211,Angico,r,Cid Jardim,68315-211 Angico - r - Cid Jardim,NOVOS CEPs DE PARAUAPEBAS.pdf,2025-11-26 17:57
68317-768,Angico,tv,Polo Moveleiro,68317-768 Angico - tv - Polo Moveleiro,NOVOS CEPs DE PARAUAPEBAS.pdf,2025-11-26 17:57
68311-720,Angola,r,Prq Nações,68311-720 Angola - r - Prq Nações,NOVOS CEPs DE PARAUAPEBAS.pdf,2025-11-26 17:57
68315-625,Angra dos Reis,r,Cid Jardim,68315-625 Angra dos Reis - r - Cid Jardim,NOVOS CEPs DE PARAUAPEBAS.pdf,2025-11-26 17:57
68317-047,Anhanguera,r,Prq Carajás,68317-047 Anhanguera - r - Prq Carajás,NOVOS CEPs DE PARAUAPEBAS.pdf,2025-11-26 17:57
68316-087,Anidrita,tv,Minérios,68316-087 Anidrita - tv - Minérios,NOVOS CEPs DE PARAUAPEBAS.pdf,2025-11-26 17:57
68318-117,Anil,al,Habitar Feliz,68318-117 Anil - al - Habitar Feliz,NOVOS CEPs DE PARAUAPEBAS.pdf,2025-11-26 17:57
68315-413,Anita Malfatti,tv,Cid Jardim,68315-413 Anita Malfatti - tv - Cid Jardim,NOVOS CEPs DE PARAUAPEBAS.pdf,2025-11-26 17:57
68312-039,Anori,tv,Jd Planalto,68312-039 Anori - tv - Jd Planalto,NOVOS CEPs DE PARAUAPEBAS.pdf,2025-11-26 17:57
68313-228,Antares,r,Alvorá,68313-228 Antares - r - Alvorá,NOVOS CEPs DE PARAUAPEBAS.pdf,2025-11-26 17:57
68320-063,Antônia Edilene,tv,Palmares Sul,68320-063 Antônia Edilene - tv - Palmares Sul,NOVOS CEPs DE PARAUAPEBAS.pdf,2025-11-26 17:57
68310-676,Antônio Bandeira,r,LIberdade II,68310-676 Antônio Bandeira - r - LIberdade II,NOVOS CEPs DE PARAUAPEBAS.pdf,2025-11-26 17:57
68320-214,Antonio Benetazzo,r,Palmares II,68320-214 Antonio Benetazzo - r - Palmares II,NOVOS CEPs DE PARAUAPEBAS.pdf,2025-11-26 17:57
68320-282,Antonio Conselheiro,r,Palmares II,68320-282 Antonio Conselheiro - r - Palmares II,NOVOS CEPs DE PARAUAPEBAS.pdf,2025-11-26 17:57
68319-306,Antonio Faciola,tv,Novo Viver,68319-306 Antonio Faciola - tv - Novo Viver,NOVOS CEPs DE PARAUAPEBAS.pdf,2025-11-26 17:57
68319-402,Antônio Marreiros,r,Novo Viver,68319-402 Antônio Marreiros - r - Novo Viver,NOVOS CEPs DE PARAUAPEBAS.pdf,2025-11-26 17:57
68320-206,Antônio Pereira Neto,r,Palmares II,68320-206 Antônio Pereira Neto - r - Palmares II,NOVOS CEPs DE PARAUAPEBAS.pdf,2025-11-26 17:57
68318-232,"Antônio, Santo",r,Altamira,"68318-232 Antônio, Santo - r - Altamira",NOVOS CEPs DE PARAUAPEBAS.pdf,2025-11-26 17:57
68320-296,"Antônio, Santo",r,Palmares II,"68320-296 Antônio, Santo - r - Palmares II",NOVOS CEPs DE PARAUAPEBAS.pdf,2025-11-26 17:57
68315-401,Antúrio,r,Cid Jardim,68315-401 Antúrio - r - Cid Jardim,NOVOS CEPs DE PARAUAPEBAS.pdf,2025-11-26 17:57
68317-009,Aparaí,r,Prq Carajás,68317-009 Aparaí - r - Prq Carajás,NOVOS CEPs DE PARAUAPEBAS.pdf,2025-11-26 17:57
68320-081,"Aparecida, Nossa Senhora",r,Palmares Sul,"68320-081 Aparecida, Nossa Senhora - r - Palmares Sul",NOVOS CEPs DE PARAUAPEBAS.pdf,2025-11-26 17:57
68316-019,Apatita,r,Minérios,68316-019 Apatita - r - Minérios,NOVOS CEPs DE PARAUAPEBAS.pdf,2025-11-26 17:57
68311-804,Ápia,r,Prq Nações,68311-804 Ápia - r - Prq Nações,NOVOS CEPs DE PARAUAPEBAS.pdf,2025-11-26 17:57
68313-844,Apia,tv,N Carajás,68313-844 Apia - tv - N Carajás,NOVOS CEPs DE PARAUAPEBAS.pdf,2025-11-26 17:57
68317-011,Apiaká,r,Prq Carajás,68317-011 Apiaká - r - Prq Carajás,NOVOS CEPs DE PARAUAPEBAS.pdf,2025-11-26 17:57
68317-005,Apinajé,r,Prq Carajás,68317-005 Apinajé - r - Prq Carajás,NOVOS CEPs DE PARAUAPEBAS.pdf,2025-11-26 17:57
68318-041,Aporé,tv,Habitar Feliz,68318-041 Aporé - tv - Habitar Feliz,NOVOS CEPs DE PARAUAPEBAS.pdf,2025-11-26 17:57
68318-322,Apóstolo Paulo,r,Betânia,68318-322 Apóstolo Paulo - r - Betânia,NOVOS CEPs DE PARAUAPEBAS.pdf,2025-11-26 17:57
68318-270,Apóstolo Pedro,r,Betânia,68318-270 Apóstolo Pedro - r - Betânia,NOVOS CEPs DE PARAUAPEBAS.pdf,2025-11-26 17:57
68318-418,Apóstolo Pedro,r,Novo Horizonte,68318-418 Apóstolo Pedro - r - Novo Horizonte,NOVOS CEPs DE PARAUAPEBAS.pdf,2025-11-26 17:57
68316-007,Aquamarine,r,Minérios,68316-007 Aquamarine - r - Minérios,NOVOS CEPs DE PARAUAPEBAS.pdf,2025-11-26 17:57
68312-079,Aquiraz,r,Jd Planalto,68312-079 Aquiraz - r - Jd Planalto,NOVOS CEPs DE PARAUAPEBAS.pdf,2025-11-26 17:57
68312-210,Araçá,r,Brasília,68312-210 Araçá - r - Brasília,NOVOS CEPs DE PARAUAPEBAS.pdf,2025-11-26 17:57
68315-789,Araçá,tv,Cid Jardim,68315-789 Araçá - tv - Cid Jardim,NOVOS CEPs DE PARAUAPEBAS.pdf,2025-11-26 17:57
68315-703,Araçagi,tv,Cid Jardim,68315-703 Araçagi - tv - Cid Jardim,NOVOS CEPs DE PARAUAPEBAS.pdf,2025-11-26 17:57
68320-019,Aracaju,r,Palmares Sul,68320-019 Aracaju - r - Palmares Sul,NOVOS CEPs DE PARAUAPEBAS.pdf,2025-11-26 17:57
68310-021,Aracajú,r,Paz,68310-021 Aracajú - r - Paz,NOVOS CEPs DE PARAUAPEBAS.pdf,2025-11-26 17:57
68315-697,Aracati,tv,Cid Jardim,68315-697 Aracati - tv - Cid Jardim,NOVOS CEPs DE PARAUAPEBAS.pdf,2025-11-26 17:57
68312-043,Araçatuba,r,Jd Planalto,68312-043 Araçatuba - r - Jd Planalto,NOVOS CEPs DE PARAUAPEBAS.pdf,2025-11-26 17:57
68312-198,Araçazeiro,r,Brasília,68312-198 Araçazeiro - r - Brasília,NOVOS CEPs DE PARAUAPEBAS.pdf,2025-11-26 17:57
68312-057,Araci,al,Jd Planalto,68312-057 Araci - al - Jd Planalto,NOVOS CEPs DE PARAUAPEBAS.pdf,2025-11-26 17:57
68320-204,Aracy de Carvalho,r,Palmares II,68320-204 Aracy de Carvalho - r - Palmares II,NOVOS CEPs DE PARAUAPEBAS.pdf,2025-11-26 17:57
68310-230,Aracy Guimarães Rosa,r,Rio Verde,68310-230 Aracy Guimarães Rosa - r - Rio Verde,NOVOS CEPs DE PARAUAPEBAS.pdf,2025-11-26 17:57
68317-356,Araguacena,r,Beira Rio,68317-356 Araguacena - r - Beira Rio,NOVOS CEPs DE PARAUAPEBAS.pdf,2025-11-26 17:57
68313-798,Araguatins,r,N Carajás,68313-798 Araguatins - r - N Carajás,NOVOS CEPs DE PARAUAPEBAS.pdf,2025-11-26 17:57
68310-005,Araguaia,r,Paz,68310-005 Araguaia - r - Paz,NOVOS CEPs DE PARAUAPEBAS.pdf,2025-11-26 17:57
68310-074,Araguaia,r,Rio Verde,68310-074 Araguaia - r - Rio Verde,NOVOS CEPs DE PARAUAPEBAS.pdf,2025-11-26 17:57
68318-015,Araguari,r,Habitar Feliz,68318-015 Araguari - r - Habitar Feliz,NOVOS CEPs DE PARAUAPEBAS.pdf,2025-11-26 17:57
68312-007,Arantina,tv,Jd Planalto,68312-007 Arantina - tv - Jd Planalto,NOVOS CEPs DE PARAUAPEBAS.pdf,2025-11-26 17:57
68313-374,Arapoema,r,N Carajás,68313-374 Arapoema - r - N Carajás,NOVOS CEPs DE PARAUAPEBAS.pdf,2025-11-26 17:57
68315-533,Arará,r,Cid Jardim,68315-533 Arará - r - Cid Jardim,NOVOS CEPs DE PARAUAPEBAS.pdf,2025-11-26 17:57
68317-071,Arara,r,Prq Carajás,68317-071 Arara - r - Prq Carajás,NOVOS CEPs DE PARAUAPEBAS.pdf,2025-11-26 17:57
68312-196,Araripe,r,Brasília,68312-196 Araripe - r - Brasília,NOVOS CEPs DE PARAUAPEBAS.pdf,2025-11-26 17:57
68312-087,Araruama,r,Jd Planalto,68312-087 Araruama - r - Jd Planalto,NOVOS CEPs DE PARAUAPEBAS.pdf,2025-11-26 17:57
68311-556,Araruna,al,Morada Nova,68311-556 Araruna - al - Morada Nova,NOVOS CEPs DE PARAUAPEBAS.pdf,2025-11-26 17:57
68312-176,Araticum,r,Brasília,68312-176 Araticum - r - Brasília,NOVOS CEPs DE PARAUAPEBAS.pdf,2025-11-26 17:57
68312-051,Aratuba,r,Jd Planalto,68312-051 Aratuba - r - Jd Planalto,NOVOS CEPs DE PARAUAPEBAS.pdf,2025-11-26 17:57
68312-174,Araucária,r,Brasília,68312-174 Araucária - r - Brasília,NOVOS CEPs DE PARAUAPEBAS.pdf,2025-11-26 17:57
68319-151,Araujo,tv,Tropical,68319-151 Araujo - tv - Tropical,NOVOS CEPs DE PARAUAPEBAS.pdf,2025-11-26 17:57
68317-077,Araweté,r,Prq Carajás,68317-077 Araweté - r - Prq Carajás,NOVOS CEPs DE PARAUAPEBAS.pdf,2025-11-26 17:57
68310-718,Araxá,al,LIberdade II,68310-718 Araxá - al - LIberdade II,NOVOS CEPs DE PARAUAPEBAS.pdf,2025-11-26 17:57
68310-170,Arco-íris,r,Rio Verde,68310-170 Arco-íris - r - Rio Verde,NOVOS CEPs DE PARAUAPEBAS.pdf,2025-11-26 17:57
68313-472,Arcos,tv,N Carajás,68313-472 Arcos - tv - N Carajás,NOVOS CEPs DE PARAUAPEBAS.pdf,2025-11-26 17:57
68315-733,Areca,r,Cid Jardim,68315-733 Areca - r - Cid Jardim,NOVOS CEPs DE PARAUAPEBAS.pdf,2025-11-26 17:57
68315-255,Arenque,r,Cid Jardim,68315-255 Arenque - r - Cid Jardim,NOVOS CEPs DE PARAUAPEBAS.pdf,2025-11-26 17:57
68318-720,Argélia,tv,Vle Sol,68318-720 Argélia - tv - Vle Sol,NOVOS CEPs DE PARAUAPEBAS.pdf,2025-11-26 17:57
68318-504,Argentina,r,Vl Rica,68318-504 Argentina - r - Vl Rica,NOVOS CEPs DE PARAUAPEBAS.pdf,2025-11-26 17:57
68316-123,Árgon,tv,Minérios,68316-123 Árgon - tv - Minérios,NOVOS CEPs DE PARAUAPEBAS.pdf,2025-11-26 17:57
68316-043,Argonita,r,Minérios,68316-043 Argonita - r - Minérios,NOVOS CEPs DE PARAUAPEBAS.pdf,2025-11-26 17:57
68311-334,Ari Barroso,r,Jd América,68311-334 Ari Barroso - r - Jd América,NOVOS CEPs DE PARAUAPEBAS.pdf,2025-11-26 17:57
68311-452,Ari Barroso,r,Morada Nova,68311-452 Ari Barroso - r - Morada Nova,NOVOS CEPs DE PARAUAPEBAS.pdf,2025-11-26 17:57
68311-476,Aricanduva,r,Morada Nova,68311-476 Aricanduva - r - Morada Nova,NOVOS CEPs DE PARAUAPEBAS.pdf,2025-11-26 17:57
68311-368,Aristóteles,r,Jd América,68311-368 Aristóteles - r - Jd América,NOVOS CEPs DE PARAUAPEBAS.pdf,2025-11-26 17:57
68311-706,Aristóteles,r,Prq Nações,68311-706 Aristóteles - r - Prq Nações,NOVOS CEPs DE PARAUAPEBAS.pdf,2025-11-26 17:57
68319-524,Arizona,r,Sta Luzia,68319-524 Arizona - r - Sta Luzia,NOVOS CEPs DE PARAUAPEBAS.pdf,2025-11-26 17:57
68319-510,Arkansas,r,Sta Luzia,68319-510 Arkansas - r - Sta Luzia,NOVOS CEPs DE PARAUAPEBAS.pdf,2025-11-26 17:57
68313-646,Arménia,r,N Carajás,68313-646 Arménia - r - N Carajás,NOVOS CEPs DE PARAUAPEBAS.pdf,2025-11-26 17:57
68311-736,Armênia,r,Prq Nações,68311-736 Armênia - r - Prq Nações,NOVOS CEPs DE PARAUAPEBAS.pdf,2025-11-26 17:57
68313-712,Armênia,tv,N Carajás,68313-712 Armênia - tv - N Carajás,NOVOS CEPs DE PARAUAPEBAS.pdf,2025-11-26 17:57
68319-396,Arnaldo Lobo,r,Novo Viver,68319-396 Arnaldo Lobo - r - Novo Viver,NOVOS CEPs DE PARAUAPEBAS.pdf,2025-11-26 17:57
68315-225,Arnica,r,Cid Jardim,68315-225 Arnica - r - Cid Jardim,NOVOS CEPs DE PARAUAPEBAS.pdf,2025-11-26 17:57
68315-631,Arpoador,tv,Cid Jardim,68315-631 Arpoador - tv - Cid Jardim,NOVOS CEPs DE PARAUAPEBAS.pdf,2025-11-26 17:57
68317-202,Arquiteto Gleidson Sousa,av per,Beira Rio,68317-202 Arquiteto Gleidson Sousa - av per - Beira Rio,NOVOS CEPs DE PARAUAPEBAS.pdf,2025-11-26 17:57
68315-039,Arraia,r,Cid Jardim,68315-039 Arraia - r - Cid Jardim,NOVOS CEPs DE PARAUAPEBAS.pdf,2025-11-26 17:57
68315-621,Arraial,tv,Cid Jardim,68315-621 Arraial - tv - Cid Jardim,NOVOS CEPs DE PARAUAPEBAS.pdf,2025-11-26 17:57
68315-235,Arruda,tv,Cid Jardim,68315-235 Arruda - tv - Cid Jardim,NOVOS CEPs DE PARAUAPEBAS.pdf,2025-11-26 17:57
68317-348,Arsenal,tv,Beira Rio,68317-348 Arsenal - tv - Beira Rio,NOVOS CEPs DE PARAUAPEBAS.pdf,2025-11-26 17:57
68316-029,Arsênico,tv,Minérios,68316-029 Arsênico - tv - Minérios,NOVOS CEPs DE PARAUAPEBAS.pdf,2025-11-26 17:57
68315-315,Arthur Bispo,tv,Cid Jardim,68315-315 Arthur Bispo - tv - Cid Jardim,NOVOS CEPs DE PARAUAPEBAS.pdf,2025-11-26 17:57
68311-162,Artur Bernardes,r,Esplanada,68311-162 Artur Bernardes - r - Esplanada,NOVOS CEPs DE PARAUAPEBAS.pdf,2025-11-26 17:57
68311-078,Artur Bernardes,r,Paraíso,68311-078 Artur Bernardes - r - Paraíso,NOVOS CEPs DE PARAUAPEBAS.pdf,2025-11-26 17:57
68311-256,Artur de Azevedo,r,Caetanópolis,68311-256 Artur de Azevedo - r - Caetanópolis,NOVOS CEPs DE PARAUAPEBAS.pdf,2025-11-26 17:57
68313-310,Arturo,r,Alvorá,68313-310 Arturo - r - Alvorá,NOVOS CEPs DE PARAUAPEBAS.pdf,2025-11-26 17:57
68317-053,Aruanã,tv,Prq Carajás,68317-053 Aruanã - tv - Prq Carajás,NOVOS CEPs DE PARAUAPEBAS.pdf,2025-11-26 17:57
68311-182,Arvoredo,tv,Esplanada,68311-182 Arvoredo - tv - Esplanada,NOVOS CEPs DE PARAUAPEBAS.pdf,2025-11-26 17:57
68317-067,Ashaninka,r,Prq Carajás,68317-067 Ashaninka - r - Prq Carajás,NOVOS CEPs DE PARAUAPEBAS.pdf,2025-11-26 17:57
68312-095,Assis,tv,Jd Planalto,68312-095 Assis - tv - Jd Planalto,NOVOS CEPs DE PARAUAPEBAS.pdf,2025-11-26 17:57
68313-444,Assunção,tv,N Carajás,68313-444 Assunção - tv - N Carajás,NOVOS CEPs DE PARAUAPEBAS.pdf,2025-11-26 17:57
68313-218,Asterion,r,Alvorá,68313-218 Asterion - r - Alvorá,NOVOS CEPs DE PARAUAPEBAS.pdf,2025-11-26 17:57
68316-095,Asteroide,tv,Minérios,68316-095 Asteroide - tv - Minérios,NOVOS CEPs DE PARAUAPEBAS.pdf,2025-11-26 17:57
68311-562,Atalanta,tv,Morada Nova,68311-562 Atalanta - tv - Morada Nova,NOVOS CEPs DE PARAUAPEBAS.pdf,2025-11-26 17:57
68311-564,Ataléia,tv,Morada Nova,68311-564 Ataléia - tv - Morada Nova,NOVOS CEPs DE PARAUAPEBAS.pdf,2025-11-26 17:57
68312-250,Atemoia,r,Brasília,68312-250 Atemoia - r - Brasília,NOVOS CEPs DE PARAUAPEBAS.pdf,2025-11-26 17:57
68318-340,Atenas,tv,Betânia,68318-340 Atenas - tv - Betânia,NOVOS CEPs DE PARAUAPEBAS.pdf,2025-11-26 17:57
68315-267,Ateneu,r,Cid Jardim,68315-267 Ateneu - r - Cid Jardim,NOVOS CEPs DE PARAUAPEBAS.pdf,2025-11-26 17:57
68315-589,Atibaia,r,Cid Jardim,68315-589 Atibaia - r - Cid Jardim,NOVOS CEPs DE PARAUAPEBAS.pdf,2025-11-26 17:57
68315-641,Atins,tv,Cid Jardim,68315-641 Atins - tv - Cid Jardim,NOVOS CEPs DE PARAUAPEBAS.pdf,2025-11-26 17:57
68313-502,Atlânta,tv,N Carajás,68313-502 Atlânta - tv - N Carajás,NOVOS CEPs DE PARAUAPEBAS.pdf,2025-11-26 17:57
68313-033,Atlas,al,Novo Brasil,68313-033 Atlas - al - Novo Brasil,NOVOS CEPs DE PARAUAPEBAS.pdf,2025-11-26 17:57
68310-834,Atlético,r,N Vida,68310-834 Atlético - r - N Vida,NOVOS CEPs DE PARAUAPEBAS.pdf,2025-11-26 17:57
68317-618,Atlético Bacabal,r,At Bonito,68317-618 Atlético Bacabal - r - At Bonito,NOVOS CEPs DE PARAUAPEBAS.pdf,2025-11-26 17:57
68317-328,Atlético Goianiense,r,Beira Rio,68317-328 Atlético Goianiense - r - Beira Rio,NOVOS CEPs DE PARAUAPEBAS.pdf,2025-11-26 17:57
68317-332,Atlético Mineiro,tv,Beira Rio,68317-332 Atlético Mineiro - tv - Beira Rio,NOVOS CEPs DE PARAUAPEBAS.pdf,2025-11-26 17:57
68317-330,Atlético Paraense,r,Beira Rio,68317-330 Atlético Paraense - r - Beira Rio,NOVOS CEPs DE PARAUAPEBAS.pdf,2025-11-26 17:57
68315-575,Atum,r,Cid Jardim,68315-575 Atum - r - Cid Jardim,NOVOS CEPs DE PARAUAPEBAS.pdf,2025-11-26 17:57
68316-057,Augita,r,Minérios,68316-057 Augita - r - Minérios,NOVOS CEPs DE PARAUAPEBAS.pdf,2025-11-26 17:57
68315-249,Augusto Corrêa,tv,Cid Jardim,68315-249 Augusto Corrêa - tv - Cid Jardim,NOVOS CEPs DE PARAUAPEBAS.pdf,2025-11-26 17:57
68311-264,Augusto Meira,r,Caetanópolis,68311-264 Augusto Meira - r - Caetanópolis,NOVOS CEPs DE PARAUAPEBAS.pdf,2025-11-26 17:57
68311-330,Augusto Meira,r,Jd América,68311-330 Augusto Meira - r - Jd América,NOVOS CEPs DE PARAUAPEBAS.pdf,2025-11-26 17:57
68311-450,Augusto Meira,r,Morada Nova,68311-450 Augusto Meira - r - Morada Nova,NOVOS CEPs DE PARAUAPEBAS.pdf,2025-11-26 17:57
68319-344,Augusto Montenegro,r,Novo Viver,68319-344 Augusto Montenegro - r - Novo Viver,NOVOS CEPs DE PARAUAPEBAS.pdf,2025-11-26 17:57
68319-338,Aurélio Correia,r,Novo Viver,68319-338 Aurélio Correia - r - Novo Viver,NOVOS CEPs DE PARAUAPEBAS.pdf,2025-11-26 17:57
68311-800,Aurino Gonçalves,r,Prq Nações,68311-800 Aurino Gonçalves - r - Prq Nações,NOVOS CEPs DE PARAUAPEBAS.pdf,2025-11-26 17:57
68315-053,Aurora do Pará,r,Cid Jardim,68315-053 Aurora do Pará - r - Cid Jardim,NOVOS CEPs DE PARAUAPEBAS.pdf,2025-11-26 17:57
68319-530,Austin,tv,Sta Luzia,68319-530 Austin - tv - Sta Luzia,NOVOS CEPs DE PARAUAPEBAS.pdf,2025-11-26 17:57
68313-666,Áustria,r,N Carajás,68313-666 Áustria - r - N Carajás,NOVOS CEPs DE PARAUAPEBAS.pdf,2025-11-26 17:57
68315-307,Aveiro,r,Cid Jardim,68315-307 Aveiro - r - Cid Jardim,NOVOS CEPs DE PARAUAPEBAS.pdf,2025-11-26 17:57
68312-252,Avelã,r,Brasília,68312-252 Avelã - r - Brasília,NOVOS CEPs DE PARAUAPEBAS.pdf,2025-11-26 17:57
68315-173,Avença,r,Cid Jardim,68315-173 Avença - r - Cid Jardim,NOVOS CEPs DE PARAUAPEBAS.pdf,2025-11-26 17:57
68317-666,Avivamento,r,At Bonito,68317-666 Avivamento - r - At Bonito,NOVOS CEPs DE PARAUAPEBAS.pdf,2025-11-26 17:57
68310-702,Axixá,r,LIberdade II,68310-702 Axixá - r - LIberdade II,NOVOS CEPs DE PARAUAPEBAS.pdf,2025-11-26 17:57
68320-208,Ayrton Sena,r,Palmares II,68320-208 Ayrton Sena - r - Palmares II,NOVOS CEPs DE PARAUAPEBAS.pdf,2025-11-26 17:57
68320-009,Ayrton Senna,r,Palmares Sul,68320-009 Ayrton Senna - r - Palmares Sul,NOVOS CEPs DE PARAUAPEBAS.pdf,2025-11-26 17:57
68315-785,Azaléias,r,Cid Jardim,68315-785 Azaléias - r - Cid Jardim,NOVOS CEPs DE PARAUAPEBAS.pdf,2025-11-26 17:57
68319-217,Azevedo,r,Tropical,68319-217 Azevedo - r - Tropical,NOVOS CEPs DE PARAUAPEBAS.pdf,2025-11-26 17:57
68316-047,Azirute,r,Minérios,68316-047 Azirute - r - Minérios,NOVOS CEPs DE PARAUAPEBAS.pdf,2025-11-26 17:57
68310-412,B,r,Cid Nova,68310-412 B - r - Cid Nova,NOVOS CEPs DE PARAUAPEBAS.pdf,2025-11-26 17:57
68315-803,Babaçú,r,Cid Jardim,68315-803 Babaçú - r - Cid Jardim,NOVOS CEPs DE PARAUAPEBAS.pdf,2025-11-26 17:57
68312-254,Bacaba,r,Brasília,68312-254 Bacaba - r - Brasília,NOVOS CEPs DE PARAUAPEBAS.pdf,2025-11-26 17:57
68310-704,Bacabeira,r,LIberdade II,68310-704 Bacabeira - r - LIberdade II,NOVOS CEPs DE PARAUAPEBAS.pdf,2025-11-26 17:57
68312-282,Bacupari,r,Brasília,68312-282 Bacupari - r - Brasília,NOVOS CEPs DE PARAUAPEBAS.pdf,2025-11-26 17:57
68310-628,Bacuri,r,Liberdade I,68310-628 Bacuri - r - Liberdade I,NOVOS CEPs DE PARAUAPEBAS.pdf,2025-11-26 17:57
68313-776,Bagdá,r,N Carajás,68313-776 Bagdá - r - N Carajás,NOVOS CEPs DE PARAUAPEBAS.pdf,2025-11-26 17:57
68315-033,Bagre,tv,Cid Jardim,68315-033 Bagre - tv - Cid Jardim,NOVOS CEPs DE PARAUAPEBAS.pdf,2025-11-26 17:57
68318-035,Bahamas,r,Habitar Feliz,68318-035 Bahamas - r - Habitar Feliz,NOVOS CEPs DE PARAUAPEBAS.pdf,2025-11-26 17:57
68318-518,Bahamas,r,Vl Rica,68318-518 Bahamas - r - Vl Rica,NOVOS CEPs DE PARAUAPEBAS.pdf,2025-11-26 17:57
68310-608,Bahia,r,Liberdade I,68310-608 Bahia - r - Liberdade I,NOVOS CEPs DE PARAUAPEBAS.pdf,2025-11-26 17:57
68310-126,Bahia,r,Rio Verde,68310-126 Bahia - r - Rio Verde,NOVOS CEPs DE PARAUAPEBAS.pdf,2025-11-26 17:57
68319-183,Baía,r,Tropical,68319-183 Baía - r - Tropical,NOVOS CEPs DE PARAUAPEBAS.pdf,2025-11-26 17:57
68312-077,Balbinos,r,Jd Planalto,68312-077 Balbinos - r - Jd Planalto,NOVOS CEPs DE PARAUAPEBAS.pdf,2025-11-26 17:57
68310-250,Balsas,r,Maranhão,68310-250 Balsas - r - Maranhão,NOVOS CEPs DE PARAUAPEBAS.pdf,2025-11-26 17:57
68319-348,Baltasar Rodrigues,tv,Novo Viver,68319-348 Baltasar Rodrigues - tv - Novo Viver,NOVOS CEPs DE PARAUAPEBAS.pdf,2025-11-26 17:57
68310-164,Bambú,r,Rio Verde,68310-164 Bambú - r - Rio Verde,NOVOS CEPs DE PARAUAPEBAS.pdf,2025-11-26 17:57
68313-476,Bambuí,r,N Carajás,68313-476 Bambuí - r - N Carajás,NOVOS CEPs DE PARAUAPEBAS.pdf,2025-11-26 17:57
68319-005,Bandeira,tv,Tropical,68319-005 Bandeira - tv - Tropical,NOVOS CEPs DE PARAUAPEBAS.pdf,2025-11-26 17:57
68315-363,Bandoleta,r,Cid Jardim,68315-363 Bandoleta - r - Cid Jardim,NOVOS CEPs DE PARAUAPEBAS.pdf,2025-11-26 17:57
68310-810,Bangú,tv,N Vida,68310-810 Bangú - tv - N Vida,NOVOS CEPs DE PARAUAPEBAS.pdf,2025-11-26 17:57
68315-037,Bannach,r,Cid Jardim,68315-037 Bannach - r - Cid Jardim,NOVOS CEPs DE PARAUAPEBAS.pdf,2025-11-26 17:57
68313-470,Barbacena,r,N Carajás,68313-470 Barbacena - r - N Carajás,NOVOS CEPs DE PARAUAPEBAS.pdf,2025-11-26 17:57
68317-544,Barbará Lima,r,Jd Canadá,68317-544 Barbará Lima - r - Jd Canadá,NOVOS CEPs DE PARAUAPEBAS.pdf,2025-11-26 17:57
68315-063,"Barbará, Santa",r,Cid Jardim,"68315-063 Barbará, Santa - r - Cid Jardim",NOVOS CEPs DE PARAUAPEBAS.pdf,2025-11-26 17:57
68320-294,"Bárbara, Santa",r,Palmares II,"68320-294 Bárbara, Santa - r - Palmares II",NOVOS CEPs DE PARAUAPEBAS.pdf,2025-11-26 17:57
68317-338,Barbarense,r,Beira Rio,68317-338 Barbarense - r - Beira Rio,NOVOS CEPs DE PARAUAPEBAS.pdf,2025-11-26 17:57
68319-029,Barbosa,r,Tropical,68319-029 Barbosa - r - Tropical,NOVOS CEPs DE PARAUAPEBAS.pdf,2025-11-26 17:57
68310-388,Barbosa Lima Sobrinho,r,Primavera,68310-388 Barbosa Lima Sobrinho - r - Primavera,NOVOS CEPs DE PARAUAPEBAS.pdf,2025-11-26 17:57
68311-178,Barcarena,r,Esplanada,68311-178 Barcarena - r - Esplanada,NOVOS CEPs DE PARAUAPEBAS.pdf,2025-11-26 17:57
68318-332,Barcelona,r,Betânia,68318-332 Barcelona - r - Betânia,NOVOS CEPs DE PARAUAPEBAS.pdf,2025-11-26 17:57
68310-264,"Barcelar, Duque",tv,Maranhão,"68310-264 Barcelar, Duque - tv - Maranhão",NOVOS CEPs DE PARAUAPEBAS.pdf,2025-11-26 17:57
68315-379,Bardana,r,Cid Jardim,68315-379 Bardana - r - Cid Jardim,NOVOS CEPs DE PARAUAPEBAS.pdf,2025-11-26 17:57
68310-814,Baré,tv,N Vida,68310-814 Baré - tv - N Vida,NOVOS CEPs DE PARAUAPEBAS.pdf,2025-11-26 17:57
68311-712,Barém,r,Prq Nações,68311-712 Barém - r - Prq Nações,NOVOS CEPs DE PARAUAPEBAS.pdf,2025-11-26 17:57
68313-414,Bariloche,r,N Carajás,68313-414 Bariloche - r - N Carajás,NOVOS CEPs DE PARAUAPEBAS.pdf,2025-11-26 17:57
68316-133,Bário,r,Minérios,68316-133 Bário - r - Minérios,NOVOS CEPs DE PARAUAPEBAS.pdf,2025-11-26 17:57
68316-059,Barita,r,Minérios,68316-059 Barita - r - Minérios,NOVOS CEPs DE PARAUAPEBAS.pdf,2025-11-26 17:57
68310-242,Barra do Corda,r,Maranhão,68310-242 Barra do Corda - r - Maranhão,NOVOS CEPs DE PARAUAPEBAS.pdf,2025-11-26 17:57
68315-691,Barra Grande,tv,Cid Jardim,68315-691 Barra Grande - tv - Cid Jardim,NOVOS CEPs DE PARAUAPEBAS.pdf,2025-11-26 17:57
68311-174,Barreiras,r,Esplanada,68311-174 Barreiras - r - Esplanada,NOVOS CEPs DE PARAUAPEBAS.pdf,2025-11-26 17:57
68315-645,Barreirinhas,tv,Cid Jardim,68315-645 Barreirinhas - tv - Cid Jardim,NOVOS CEPs DE PARAUAPEBAS.pdf,2025-11-26 17:57
68313-170,Barretos,tv,Apoena,68313-170 Barretos - tv - Apoena,NOVOS CEPs DE PARAUAPEBAS.pdf,2025-11-26 17:57
68319-147,Barros,tv,Tropical,68319-147 Barros - tv - Tropical,NOVOS CEPs DE PARAUAPEBAS.pdf,2025-11-26 17:57
68311-366,Bartolomeu de Gusmão,r,Jd América,68311-366 Bartolomeu de Gusmão - r - Jd América,NOVOS CEPs DE PARAUAPEBAS.pdf,2025-11-26 17:57
68318-206,Bartolomeu Dias,tv,Altamira,68318-206 Bartolomeu Dias - tv - Altamira,NOVOS CEPs DE PARAUAPEBAS.pdf,2025-11-26 17:57
68312-180,Baru,r,Brasília,68312-180 Baru - r - Brasília,NOVOS CEPs DE PARAUAPEBAS.pdf,2025-11-26 17:57
68317-676,Baruque,r,At Bonito,68317-676 Baruque - r - At Bonito,NOVOS CEPs DE PARAUAPEBAS.pdf,2025-11-26 17:57
68312-005,Bastos,al,Jd Planalto,68312-005 Bastos - al - Jd Planalto,NOVOS CEPs DE PARAUAPEBAS.pdf,2025-11-26 17:57
68319-077,Batista,tv,Tropical,68319-077 Batista - tv - Tropical,NOVOS CEPs DE PARAUAPEBAS.pdf,2025-11-26 17:57
68315-473,Baúna,r,Cid Jardim,68315-473 Baúna - r - Cid Jardim,NOVOS CEPs DE PARAUAPEBAS.pdf,2025-11-26 17:57
68312-222,Bauru,tv,Brasília,68312-222 Bauru - tv - Brasília,NOVOS CEPs DE PARAUAPEBAS.pdf,2025-11-26 17:57
68318-444,Bauxita,r,Novo Horizonte,68318-444 Bauxita - r - Novo Horizonte,NOVOS CEPs DE PARAUAPEBAS.pdf,2025-11-26 17:57
68313-778,Bazavile,r,N Carajás,68313-778 Bazavile - r - N Carajás,NOVOS CEPs DE PARAUAPEBAS.pdf,2025-11-26 17:57
68312-073,Beberibe,r,Jd Planalto,68312-073 Beberibe - r - Jd Planalto,NOVOS CEPs DE PARAUAPEBAS.pdf,2025-11-26 17:57
68315-663,Begônia,r,Cid Jardim,68315-663 Begônia - r - Cid Jardim,NOVOS CEPs DE PARAUAPEBAS.pdf,2025-11-26 17:57
68318-280,Beija Flor,tv,Betânia,68318-280 Beija Flor - tv - Betânia,NOVOS CEPs DE PARAUAPEBAS.pdf,2025-11-26 17:57
68310-019,Beira Rio,tv,Paz,68310-019 Beira Rio - tv - Paz,NOVOS CEPs DE PARAUAPEBAS.pdf,2025-11-26 17:57
68317-316,Beirol,r,Beira Rio,68317-316 Beirol - r - Beira Rio,NOVOS CEPs DE PARAUAPEBAS.pdf,2025-11-26 17:57
68313-626,Beirute,r,N Carajás,68313-626 Beirute - r - N Carajás,NOVOS CEPs DE PARAUAPEBAS.pdf,2025-11-26 17:57
68317-370,Bela Flor,tv,Beira Rio,68317-370 Bela Flor - tv - Beira Rio,NOVOS CEPs DE PARAUAPEBAS.pdf,2025-11-26 17:57
68310-138,Bela Vista,tv,Rio Verde,68310-138 Bela Vista - tv - Rio Verde,NOVOS CEPs DE PARAUAPEBAS.pdf,2025-11-26 17:57
68313-286,Belame,r,Alvorá,68313-286 Belame - r - Alvorá,NOVOS CEPs DE PARAUAPEBAS.pdf,2025-11-26 17:57
68313-706,Belarus,r,N Carajás,68313-706 Belarus - r - N Carajás,NOVOS CEPs DE PARAUAPEBAS.pdf,2025-11-26 17:57
68313-484,Belau,tv,N Carajás,68313-484 Belau - tv - N Carajás,NOVOS CEPs DE PARAUAPEBAS.pdf,2025-11-26 17:57
68320-053,Belém,r,Palmares Sul,68320-053 Belém - r - Palmares Sul,NOVOS CEPs DE PARAUAPEBAS.pdf,2025-11-26 17:57
68310-312,Belém,r,Primavera,68310-312 Belém - r - Primavera,NOVOS CEPs DE PARAUAPEBAS.pdf,2025-11-26 17:57
68311-730,Bélgica,r,Prq Nações,68311-730 Bélgica - r - Prq Nações,NOVOS CEPs DE PARAUAPEBAS.pdf,2025-11-26 17:57
68313-031,Belinda,tv,Novo Brasil,68313-031 Belinda - tv - Novo Brasil,NOVOS CEPs DE PARAUAPEBAS.pdf,2025-11-26 17:57
68313-662,Belize,tv,N Carajás,68313-662 Belize - tv - N Carajás,NOVOS CEPs DE PARAUAPEBAS.pdf,2025-11-26 17:57
68313-216,Bellatrix,r,Alvorá,68313-216 Bellatrix - r - Alvorá,NOVOS CEPs DE PARAUAPEBAS.pdf,2025-11-26 17:57
68312-085,Belmiro Braga,av,Jd Planalto,68312-085 Belmiro Braga - av - Jd Planalto,NOVOS CEPs DE PARAUAPEBAS.pdf,2025-11-26 17:57
68312-061,Belmonte,r,Jd Planalto,68312-061 Belmonte - r - Jd Planalto,NOVOS CEPs DE PARAUAPEBAS.pdf,2025-11-26 17:57
68310-590,Belo Horizonte,r,Liberdade I,68310-590 Belo Horizonte - r - Liberdade I,NOVOS CEPs DE PARAUAPEBAS.pdf,2025-11-26 17:57
68312-093,Belo Monte,r,Jd Planalto,68312-093 Belo Monte - r - Jd Planalto,NOVOS CEPs DE PARAUAPEBAS.pdf,2025-11-26 17:57
68319-107,Beltão,tv,Tropical,68319-107 Beltão - tv - Tropical,NOVOS CEPs DE PARAUAPEBAS.pdf,2025-11-26 17:57
68311-204,Belterra,r,Linha Verde,68311-204 Belterra - r - Linha Verde,NOVOS CEPs DE PARAUAPEBAS.pdf,2025-11-26 17:57
68315-435,Bem-te-vi,r,Cid Jardim,68315-435 Bem-te-vi - r - Cid Jardim,NOVOS CEPs DE PARAUAPEBAS.pdf,2025-11-26 17:57
68310-306,Benevides,r,Primavera,68310-306 Benevides - r - Primavera,NOVOS CEPs DE PARAUAPEBAS.pdf,2025-11-26 17:57
68311-806,Benima,tv,Prq Nações,68311-806 Benima - tv - Prq Nações,NOVOS CEPs DE PARAUAPEBAS.pdf,2025-11-26 17:57
68318-334,Benin,r,Betânia,68318-334 Benin - r - Betânia,NOVOS CEPs DE PARAUAPEBAS.pdf,2025-11-26 17:57
68318-284,Benjamin,r,Betânia,68318-284 Benjamin - r - Betânia,NOVOS CEPs DE PARAUAPEBAS.pdf,2025-11-26 17:57
68311-304,Benjamin Franklin,r,Jd América,68311-304 Benjamin Franklin - r - Jd América,NOVOS CEPs DE PARAUAPEBAS.pdf,2025-11-26 17:57
68310-366,Bento Gonçalves,al,Primavera,68310-366 Bento Gonçalves - al - Primavera,NOVOS CEPs DE PARAUAPEBAS.pdf,2025-11-26 17:57
68319-370,Bento Marciel,r,Novo Viver,68319-370 Bento Marciel - r - Novo Viver,NOVOS CEPs DE PARAUAPEBAS.pdf,2025-11-26 17:57
68311-314,Bento Padro,r,Jd América,68311-314 Bento Padro - r - Jd América,NOVOS CEPs DE PARAUAPEBAS.pdf,2025-11-26 17:57
68317-336,Berga,tv,Beira Rio,68317-336 Berga - tv - Beira Rio,NOVOS CEPs DE PARAUAPEBAS.pdf,2025-11-26 17:57
68313-598,Bérgamo,r,N Carajás,68313-598 Bérgamo - r - N Carajás,NOVOS CEPs DE PARAUAPEBAS.pdf,2025-11-26 17:57
68312-228,Bergamota,r,Brasília,68312-228 Bergamota - r - Brasília,NOVOS CEPs DE PARAUAPEBAS.pdf,2025-11-26 17:57
68316-015,Berílio,av,Minérios,68316-015 Berílio - av - Minérios,NOVOS CEPs DE PARAUAPEBAS.pdf,2025-11-26 17:57
68311-520,Berilo,r,Morada Nova,68311-520 Berilo - r - Morada Nova,NOVOS CEPs DE PARAUAPEBAS.pdf,2025-11-26 17:57
68318-538,Berlim,r,Vl Rica,68318-538 Berlim - r - Vl Rica,NOVOS CEPs DE PARAUAPEBAS.pdf,2025-11-26 17:57
68313-696,Berna,r,N Carajás,68313-696 Berna - r - N Carajás,NOVOS CEPs DE PARAUAPEBAS.pdf,2025-11-26 17:57
68319-039,Bernardes,r,Tropical,68319-039 Bernardes - r - Tropical,NOVOS CEPs DE PARAUAPEBAS.pdf,2025-11-26 17:57
68319-372,Bernardo de Sousa Franco,r,Novo Viver,68319-372 Bernardo de Sousa Franco - r - Novo Viver,NOVOS CEPs DE PARAUAPEBAS.pdf,2025-11-26 17:57
68310-390,Bernardo Élis,r,Primavera,68310-390 Bernardo Élis - r - Primavera,NOVOS CEPs DE PARAUAPEBAS.pdf,2025-11-26 17:57
68311-342,Bernardo Sayão,r,Jd América,68311-342 Bernardo Sayão - r - Jd América,NOVOS CEPs DE PARAUAPEBAS.pdf,2025-11-26 17:57
68317-616,Betel,r,At Bonito,68317-616 Betel - r - At Bonito,NOVOS CEPs DE PARAUAPEBAS.pdf,2025-11-26 17:57
68310-118,Betim,r,Rio Verde,68310-118 Betim - r - Rio Verde,NOVOS CEPs DE PARAUAPEBAS.pdf,2025-11-26 17:57
68319-215,Bezerra,tv,Tropical,68319-215 Bezerra - tv - Tropical,NOVOS CEPs DE PARAUAPEBAS.pdf,2025-11-26 17:57
68315-343,Biguá,r,Cid Jardim,68315-343 Biguá - r - Cid Jardim,NOVOS CEPs DE PARAUAPEBAS.pdf,2025-11-26 17:57
68315-487,Biguatinga,r,Cid Jardim,68315-487 Biguatinga - r - Cid Jardim,NOVOS CEPs DE PARAUAPEBAS.pdf,2025-11-26 17:57
68315-813,Biribá,tv,Cid Jardim,68315-813 Biribá - tv - Cid Jardim,NOVOS CEPs DE PARAUAPEBAS.pdf,2025-11-26 17:57
68318-306,Bizantino,r,Betânia,68318-306 Bizantino - r - Betânia,NOVOS CEPs DE PARAUAPEBAS.pdf,2025-11-26 17:57
68310-634,Boa Esperança,tv,Liberdade I,68310-634 Boa Esperança - tv - Liberdade I,NOVOS CEPs DE PARAUAPEBAS.pdf,2025-11-26 17:57
68320-041,Boa Vista,av,Palmares Sul,68320-041 Boa Vista - av - Palmares Sul,NOVOS CEPs DE PARAUAPEBAS.pdf,2025-11-26 17:57
68315-685,Boaventura,av,Cid Jardim,68315-685 Boaventura - av - Cid Jardim,NOVOS CEPs DE PARAUAPEBAS.pdf,2025-11-26 17:57
68312-284,Bocaiuva,av,Brasília,68312-284 Bocaiuva - av - Brasília,NOVOS CEPs DE PARAUAPEBAS.pdf,2025-11-26 17:57
68313-448,Bogotá,tv,N Carajás,68313-448 Bogotá - tv - N Carajás,NOVOS CEPs DE PARAUAPEBAS.pdf,2025-11-26 17:57
68318-506,Bolivia,r,Vl Rica,68318-506 Bolivia - r - Vl Rica,NOVOS CEPs DE PARAUAPEBAS.pdf,2025-11-26 17:57
68313-592,Bolonha,r,N Carajás,68313-592 Bolonha - r - N Carajás,NOVOS CEPs DE PARAUAPEBAS.pdf,2025-11-26 17:57
68318-748,Bolonha,tv,Vle Sol,68318-748 Bolonha - tv - Vle Sol,NOVOS CEPs DE PARAUAPEBAS.pdf,2025-11-26 17:57
68311-268,Bom Jardim,av,Caetanópolis,68311-268 Bom Jardim - av - Caetanópolis,NOVOS CEPs DE PARAUAPEBAS.pdf,2025-11-26 17:57
68311-033,Bom Jardim,av,Guanabara,68311-033 Bom Jardim - av - Guanabara,NOVOS CEPs DE PARAUAPEBAS.pdf,2025-11-26 17:57
68311-466,Bom Jardim,av,Morada Nova,68311-466 Bom Jardim - av - Morada Nova,NOVOS CEPs DE PARAUAPEBAS.pdf,2025-11-26 17:57
68310-029,Bom Jardim,av,Paz,68310-029 Bom Jardim - av - Paz,NOVOS CEPs DE PARAUAPEBAS.pdf,2025-11-26 17:57
68318-228,Bom Jesus,r,Altamira,68318-228 Bom Jesus - r - Altamira,NOVOS CEPs DE PARAUAPEBAS.pdf,2025-11-26 17:57
68318-324,Bom Jesus,r,Betânia,68318-324 Bom Jesus - r - Betânia,NOVOS CEPs DE PARAUAPEBAS.pdf,2025-11-26 17:57
68318-009,Bom Jesus,r,Habitar Feliz,68318-009 Bom Jesus - r - Habitar Feliz,NOVOS CEPs DE PARAUAPEBAS.pdf,2025-11-26 17:57
68320-254,Bom Jesus,r,Palmares II,68320-254 Bom Jesus - r - Palmares II,NOVOS CEPs DE PARAUAPEBAS.pdf,2025-11-26 17:57
68320-240,Bom Sucesso,r,Palmares II,68320-240 Bom Sucesso - r - Palmares II,NOVOS CEPs DE PARAUAPEBAS.pdf,2025-11-26 17:57
68317-250,Bomfim,tv,Beira Rio,68317-250 Bomfim - tv - Beira Rio,NOVOS CEPs DE PARAUAPEBAS.pdf,2025-11-26 17:57
68315-675,Bonete,tv,Cid Jardim,68315-675 Bonete - tv - Cid Jardim,NOVOS CEPs DE PARAUAPEBAS.pdf,2025-11-26 17:57
68315-131,Bonito,r,Cid Jardim,68315-131 Bonito - r - Cid Jardim,NOVOS CEPs DE PARAUAPEBAS.pdf,2025-11-26 17:57
68316-035,Bórax,r,Minérios,68316-035 Bórax - r - Minérios,NOVOS CEPs DE PARAUAPEBAS.pdf,2025-11-26 17:57
68319-111,Borges,r,Tropical,68319-111 Borges - r - Tropical,NOVOS CEPs DE PARAUAPEBAS.pdf,2025-11-26 17:57
68316-031,Bornite,r,Minérios,68316-031 Bornite - r - Minérios,NOVOS CEPs DE PARAUAPEBAS.pdf,2025-11-26 17:57
68317-069,Bororó,r,Prq Carajás,68317-069 Bororó - r - Prq Carajás,NOVOS CEPs DE PARAUAPEBAS.pdf,2025-11-26 17:57
68317-536,Boston,tv,Jd Canadá,68317-536 Boston - tv - Jd Canadá,NOVOS CEPs DE PARAUAPEBAS.pdf,2025-11-26 17:57
68318-416,Boston,tv,Novo Horizonte,68318-416 Boston - tv - Novo Horizonte,NOVOS CEPs DE PARAUAPEBAS.pdf,2025-11-26 17:57
68313-630,Botsuana,r,N Carajás,68313-630 Botsuana - r - N Carajás,NOVOS CEPs DE PARAUAPEBAS.pdf,2025-11-26 17:57
68311-648,Bozano,r,S Lucas,68311-648 Bozano - r - S Lucas,NOVOS CEPs DE PARAUAPEBAS.pdf,2025-11-26 17:57
68319-101,Braga,r,Tropical,68319-101 Braga - r - Tropical,NOVOS CEPs DE PARAUAPEBAS.pdf,2025-11-26 17:57
68311-226,Bragança,tv,Linha Verde,68311-226 Bragança - tv - Linha Verde,NOVOS CEPs DE PARAUAPEBAS.pdf,2025-11-26 17:57
68317-312,Bragantino,tv,Beira Rio,68317-312 Bragantino - tv - Beira Rio,NOVOS CEPs DE PARAUAPEBAS.pdf,2025-11-26 17:57
68315-055,Brás Cubas,r,Cid Jardim,68315-055 Brás Cubas - r - Cid Jardim,NOVOS CEPs DE PARAUAPEBAS.pdf,2025-11-26 17:57
68320-284,Brasil,r,Palmares II,68320-284 Brasil - r - Palmares II,NOVOS CEPs DE PARAUAPEBAS.pdf,2025-11-26 17:57
68320-097,Brasil,r,Palmares Sul,68320-097 Brasil - r - Palmares Sul,NOVOS CEPs DE PARAUAPEBAS.pdf,2025-11-26 17:57
68310-198,Brasil,r,Rio Verde,68310-198 Brasil - r - Rio Verde,NOVOS CEPs DE PARAUAPEBAS.pdf,2025-11-26 17:57
68315-119,Brasil Novo,r,Cid Jardim,68315-119 Brasil Novo - r - Cid Jardim,NOVOS CEPs DE PARAUAPEBAS.pdf,2025-11-26 17:57
68310-642,Brasília,r,Liberdade I,68310-642 Brasília - r - Liberdade I,NOVOS CEPs DE PARAUAPEBAS.pdf,2025-11-26 17:57
68320-025,Brasília,r,Palmares Sul,68320-025 Brasília - r - Palmares Sul,NOVOS CEPs DE PARAUAPEBAS.pdf,2025-11-26 17:57
68313-354,Brasnorte,tv,N Carajás,68313-354 Brasnorte - tv - N Carajás,NOVOS CEPs DE PARAUAPEBAS.pdf,2025-11-26 17:57
68312-055,Braúnas,tv,Jd Planalto,68312-055 Braúnas - tv - Jd Planalto,NOVOS CEPs DE PARAUAPEBAS.pdf,2025-11-26 17:57
68315-689,Brava,tv,Cid Jardim,68315-689 Brava - tv - Cid Jardim,NOVOS CEPs DE PARAUAPEBAS.pdf,2025-11-26 17:57
68319-011,Braz,tv,Tropical,68319-011 Braz - tv - Tropical,NOVOS CEPs DE PARAUAPEBAS.pdf,2025-11-26 17:57
68320-230,Brejo das Flores,r,Palmares II,68320-230 Brejo das Flores - r - Palmares II,NOVOS CEPs DE PARAUAPEBAS.pdf,2025-11-26 17:57
68315-111,Brejo Grande,r,Cid Jardim,68315-111 Brejo Grande - r - Cid Jardim,NOVOS CEPs DE PARAUAPEBAS.pdf,2025-11-26 17:57
68315-113,Breu Branco,tv,Cid Jardim,68315-113 Breu Branco - tv - Cid Jardim,NOVOS CEPs DE PARAUAPEBAS.pdf,2025-11-26 17:57
68315-071,Breves,tv,Cid Jardim,68315-071 Breves - tv - Cid Jardim,NOVOS CEPs DE PARAUAPEBAS.pdf,2025-11-26 17:57
68320-252,Brilho do Sol,r,Palmares II,68320-252 Brilho do Sol - r - Palmares II,NOVOS CEPs DE PARAUAPEBAS.pdf,2025-11-26 17:57
68319-053,Brito,tv,Tropical,68319-053 Brito - tv - Tropical,NOVOS CEPs DE PARAUAPEBAS.pdf,2025-11-26 17:57
68315-453,Bromelia,r,Cid Jardim,68315-453 Bromelia - r - Cid Jardim,NOVOS CEPs DE PARAUAPEBAS.pdf,2025-11-26 17:57
68318-410,Brunei,tv,Novo Horizonte,68318-410 Brunei - tv - Novo Horizonte,NOVOS CEPs DE PARAUAPEBAS.pdf,2025-11-26 17:57
68316-107,Brometo,r,Minérios,68316-107 Brometo - r - Minérios,NOVOS CEPs DE PARAUAPEBAS.pdf,2025-11-26 17:57
68313-162,Brotas,tv,Apoena,68313-162 Brotas - tv - Apoena,NOVOS CEPs DE PARAUAPEBAS.pdf,2025-11-26 17:57
68318-049,Brumado,tv,Habitar Feliz,68318-049 Brumado - tv - Habitar Feliz,NOVOS CEPs DE PARAUAPEBAS.pdf,2025-11-26 17:57
68311-408,Bruno de Menezes,r,Jd América,68311-408 Bruno de Menezes - r - Jd América,NOVOS CEPs DE PARAUAPEBAS.pdf,2025-11-26 17:57
68310-162,Brusque,tv,Rio Verde,68310-162 Brusque - tv - Rio Verde,NOVOS CEPs DE PARAUAPEBAS.pdf,2025-11-26 17:57
68318-762,Bruxelas,tv,Vle Sol,68318-762 Bruxelas - tv - Vle Sol,NOVOS CEPs DE PARAUAPEBAS.pdf,2025-11-26 17:57
68313-800,Bucareste,r,N Carajás,68313-800 Bucareste - r - N Carajás,NOVOS CEPs DE PARAUAPEBAS.pdf,2025-11-26 17:57
68313-718,Buenos Aires,tv,N Carajás,68313-718 Buenos Aires - tv - N Carajás,NOVOS CEPs DE PARAUAPEBAS.pdf,2025-11-26 17:57
68311-568,Bugre,tv,Morada Nova,68311-568 Bugre - tv - Morada Nova,NOVOS CEPs DE PARAUAPEBAS.pdf,2025-11-26 17:57
68311-570,Bujari,tv,Morada Nova,68311-570 Bujari - tv - Morada Nova,NOVOS CEPs DE PARAUAPEBAS.pdf,2025-11-26 17:57
68318-131,Buriti,r,Habitar Feliz,68318-131 Buriti - r - Habitar Feliz,NOVOS CEPs DE PARAUAPEBAS.pdf,2025-11-26 17:57
68310-626,Buriti,r,Liberdade I,68310-626 Buriti - r - Liberdade I,NOVOS CEPs DE PARAUAPEBAS.pdf,2025-11-26 17:57
68317-254,Buritizal,tv,Beira Rio,68317-254 Buritizal - tv - Beira Rio,NOVOS CEPs DE PARAUAPEBAS.pdf,2025-11-26 17:57
68313-676,Burundi,r,N Carajás,68313-676 Burundi - r - N Carajás,NOVOS CEPs DE PARAUAPEBAS.pdf,2025-11-26 17:57
68312-298,Butiá,r,Brasília,68312-298 Butiá - r - Brasília,NOVOS CEPs DE PARAUAPEBAS.pdf,2025-11-26 17:57
68313-538,Butiá,tv,N Carajás,68313-538 Butiá - tv - N Carajás,NOVOS CEPs DE PARAUAPEBAS.pdf,2025-11-26 17:57
68315-615,Buzios,r,Cid Jardim,68315-615 Buzios - r - Cid Jardim,NOVOS CEPs DE PARAUAPEBAS.pdf,2025-11-26 17:57
68310-416,C,r,Cid Nova,68310-416 C - r - Cid Nova,NOVOS CEPs DE PARAUAPEBAS.pdf,2025-11-26 17:57
68318-608,Caatinga,tv,FAP,68318-608 Caatinga - tv - FAP,NOVOS CEPs DE PARAUAPEBAS.pdf,2025-11-26 17:57
68317-270,Cabanos,tv,Beira Rio,68317-270 Cabanos - tv - Beira Rio,NOVOS CEPs DE PARAUAPEBAS.pdf,2025-11-26 17:57
68315-619,Cabo Frio,r,Cid Jardim,68315-619 Cabo Frio - r - Cid Jardim,NOVOS CEPs DE PARAUAPEBAS.pdf,2025-11-26 17:57
68313-462,Cabo Verde,r,N Carajás,68313-462 Cabo Verde - r - N Carajás,NOVOS CEPs DE PARAUAPEBAS.pdf,2025-11-26 17:57
68319-141,Cabral,tv,Tropical,68319-141 Cabral - tv - Tropical,NOVOS CEPs DE PARAUAPEBAS.pdf,2025-11-26 17:57
68311-722,Cabul,tv,Prq Nações,68311-722 Cabul - tv - Prq Nações,NOVOS CEPs DE PARAUAPEBAS.pdf,2025-11-26 17:57
68313-530,Caçapava,r,N Carajás,68313-530 Caçapava - r - N Carajás,NOVOS CEPs DE PARAUAPEBAS.pdf,2025-11-26 17:57
68312-172,Cacau,r,Brasília,68312-172 Cacau - r - Brasília,NOVOS CEPs DE PARAUAPEBAS.pdf,2025-11-26 17:57
68315-387,Cactos,r,Cid Jardim,68315-387 Cactos - r - Cid Jardim,NOVOS CEPs DE PARAUAPEBAS.pdf,2025-11-26 17:57
68312-089,Caetanos,r,Jd Planalto,68312-089 Caetanos - r - Jd Planalto,NOVOS CEPs DE PARAUAPEBAS.pdf,2025-11-26 17:57
68317-035,Caeté,r,Prq Carajás,68317-035 Caeté - r - Prq Carajás,NOVOS CEPs DE PARAUAPEBAS.pdf,2025-11-26 17:57
68318-224,Café Filho,r,Altamira,68318-224 Café Filho - r - Altamira,NOVOS CEPs DE PARAUAPEBAS.pdf,2025-11-26 17:57
68318-013,Café Filho,r,Habitar Feliz,68318-013 Café Filho - r - Habitar Feliz,NOVOS CEPs DE PARAUAPEBAS.pdf,2025-11-26 17:57
68317-101,Caiabí,tv,Prq Carajás,68317-101 Caiabí - tv - Prq Carajás,NOVOS CEPs DE PARAUAPEBAS.pdf,2025-11-26 17:57
68317-530,Caiena,av,Jd Canadá,68317-530 Caiena - av - Jd Canadá,NOVOS CEPs DE PARAUAPEBAS.pdf,2025-11-26 17:57
68318-404,Caiena,av,Novo Horizonte,68318-404 Caiena - av - Novo Horizonte,NOVOS CEPs DE PARAUAPEBAS.pdf,2025-11-26 17:57
68318-542,Caiena,av,Vl Rica,68318-542 Caiena - av - Vl Rica,NOVOS CEPs DE PARAUAPEBAS.pdf,2025-11-26 17:57
68318-540,Cairo,r,Vl Rica,68318-540 Cairo - r - Vl Rica,NOVOS CEPs DE PARAUAPEBAS.pdf,2025-11-26 17:57
68310-640,Cajazeira,r,Liberdade I,68310-640 Cajazeira - r - Liberdade I,NOVOS CEPs DE PARAUAPEBAS.pdf,2025-11-26 17:57
68320-258,Cajazeiras,r,Palmares II,68320-258 Cajazeiras - r - Palmares II,NOVOS CEPs DE PARAUAPEBAS.pdf,2025-11-26 17:57
68310-724,Cajueiro,tv,LIberdade II,68310-724 Cajueiro - tv - LIberdade II,NOVOS CEPs DE PARAUAPEBAS.pdf,2025-11-26 17:57
68315-821,Cajuí,r,Cid Jardim,68315-821 Cajuí - r - Cid Jardim,NOVOS CEPs DE PARAUAPEBAS.pdf,2025-11-26 17:57
68317-528,Caladium,r,Jd Canadá,68317-528 Caladium - r - Jd Canadá,NOVOS CEPs DE PARAUAPEBAS.pdf,2025-11-26 17:57
68313-402,Calafate,r,N Carajás,68313-402 Calafate - r - N Carajás,NOVOS CEPs DE PARAUAPEBAS.pdf,2025-11-26 17:57
68315-801,Cálamo,r,Cid Jardim,68315-801 Cálamo - r - Cid Jardim,NOVOS CEPs DE PARAUAPEBAS.pdf,2025-11-26 17:57
68314-025,Calcário,r,Polo Industrial,68314-025 Calcário - r - Polo Industrial,NOVOS CEPs DE PARAUAPEBAS.pdf,2025-11-26 17:57
68316-061,Calcita,r,Minérios,68316-061 Calcita - r - Minérios,NOVOS CEPs DE PARAUAPEBAS.pdf,2025-11-26 17:57
68313-188,Caldas Novas,r,Apoena,68313-188 Caldas Novas - r - Apoena,NOVOS CEPs DE PARAUAPEBAS.pdf,2025-11-26 17:57
68319-013,Caldeira,r,Tropical,68319-013 Caldeira - r - Tropical,NOVOS CEPs DE PARAUAPEBAS.pdf,2025-11-26 17:57
68315-217,Calêndula,r,Cid Jardim,68315-217 Calêndula - r - Cid Jardim,NOVOS CEPs DE PARAUAPEBAS.pdf,2025-11-26 17:57
68313-684,Calgary,r,N Carajás,68313-684 Calgary - r - N Carajás,NOVOS CEPs DE PARAUAPEBAS.pdf,2025-11-26 17:57
68313-017,Caliban,r,Novo Brasil,68313-017 Caliban - r - Novo Brasil,NOVOS CEPs DE PARAUAPEBAS.pdf,2025-11-26 17:57
68319-526,California,r,Sta Luzia,68319-526 California - r - Sta Luzia,NOVOS CEPs DE PARAUAPEBAS.pdf,2025-11-26 17:57
68313-005,Calique,r,Novo Brasil,68313-005 Calique - r - Novo Brasil,NOVOS CEPs DE PARAUAPEBAS.pdf,2025-11-26 17:57
68313-023,Calisto,tv,Novo Brasil,68313-023 Calisto - tv - Novo Brasil,NOVOS CEPs DE PARAUAPEBAS.pdf,2025-11-26 17:57
68315-367,Calopsita,tv,Cid Jardim,68315-367 Calopsita - tv - Cid Jardim,NOVOS CEPs DE PARAUAPEBAS.pdf,2025-11-26 17:57
68312-170,Camapu,r,Brasília,68312-170 Camapu - r - Brasília,NOVOS CEPs DE PARAUAPEBAS.pdf,2025-11-26 17:57
68313-522,Camargo,tv,N Carajás,68313-522 Camargo - tv - N Carajás,NOVOS CEPs DE PARAUAPEBAS.pdf,2025-11-26 17:57
68315-289,Cambará,r,Cid Jardim,68315-289 Cambará - r - Cid Jardim,NOVOS CEPs DE PARAUAPEBAS.pdf,2025-11-26 17:57
68318-428,Camboja,r,Novo Horizonte,68318-428 Camboja - r - Novo Horizonte,NOVOS CEPs DE PARAUAPEBAS.pdf,2025-11-26 17:57
68317-506,Cambucá,r,Jd Canadá,68317-506 Cambucá - r - Jd Canadá,NOVOS CEPs DE PARAUAPEBAS.pdf,2025-11-26 17:57
68313-480,Cambuí,r,N Carajás,68313-480 Cambuí - r - N Carajás,NOVOS CEPs DE PARAUAPEBAS.pdf,2025-11-26 17:57
68317-466,Camélia,r,Jd Canadá,68317-466 Camélia - r - Jd Canadá,NOVOS CEPs DE PARAUAPEBAS.pdf,2025-11-26 17:57
68311-224,Cametá,tv,Linha Verde,68311-224 Cametá - tv - Linha Verde,NOVOS CEPs DE PARAUAPEBAS.pdf,2025-11-26 17:57
68315-651,Camocim,tv,Cid Jardim,68315-651 Camocim - tv - Cid Jardim,NOVOS CEPs DE PARAUAPEBAS.pdf,2025-11-26 17:57
68315-357,Camomila,tv,Cid Jardim,68315-357 Camomila - tv - Cid Jardim,NOVOS CEPs DE PARAUAPEBAS.pdf,2025-11-26 17:57
68311-148,Campeche,r,Esplanada,68311-148 Campeche - r - Esplanada,NOVOS CEPs DE PARAUAPEBAS.pdf,2025-11-26 17:57
68319-153,Campelo,r,Tropical,68319-153 Campelo - r - Tropical,NOVOS CEPs DE PARAUAPEBAS.pdf,2025-11-26 17:57
68317-286,Campina,r,Beira Rio,68317-286 Campina - r - Beira Rio,NOVOS CEPs DE PARAUAPEBAS.pdf,2025-11-26 17:57
68320-218,"Campo , do",r,Palmares II,"68320-218 Campo , do - r - Palmares II",NOVOS CEPs DE PARAUAPEBAS.pdf,2025-11-26 17:57
68310-726,Campo Grande,r,LIberdade II,68310-726 Campo Grande - r - LIberdade II,NOVOS CEPs DE PARAUAPEBAS.pdf,2025-11-26 17:57
68319-087,Campos,tv,Tropical,68319-087 Campos - tv - Tropical,NOVOS CEPs DE PARAUAPEBAS.pdf,2025-11-26 17:57
68310-132,Campos Ferruginosos,r,Rio Verde,68310-132 Campos Ferruginosos - r - Rio Verde,NOVOS CEPs DE PARAUAPEBAS.pdf,2025-11-26 17:57
68311-070,Campos Sales,tv,Paraíso,68311-070 Campos Sales - tv - Paraíso,NOVOS CEPs DE PARAUAPEBAS.pdf,2025-11-26 17:57
68318-508,Canadá,r,Vl Rica,68318-508 Canadá - r - Vl Rica,NOVOS CEPs DE PARAUAPEBAS.pdf,2025-11-26 17:57
68315-437,Canaleiro,tv,Cid Jardim,68315-437 Canaleiro - tv - Cid Jardim,NOVOS CEPs DE PARAUAPEBAS.pdf,2025-11-26 17:57
68311-144,Canárias,r,Esplanada,68311-144 Canárias - r - Esplanada,NOVOS CEPs DE PARAUAPEBAS.pdf,2025-11-26 17:57
68317-334,Canarinho,r,Beira Rio,68317-334 Canarinho - r - Beira Rio,NOVOS CEPs DE PARAUAPEBAS.pdf,2025-11-26 17:57
68315-369,Canário,tv,Cid Jardim,68315-369 Canário - tv - Cid Jardim,NOVOS CEPs DE PARAUAPEBAS.pdf,2025-11-26 17:57
68313-544,Candelária,r,N Carajás,68313-544 Candelária - r - N Carajás,NOVOS CEPs DE PARAUAPEBAS.pdf,2025-11-26 17:57
68315-325,Candido Portinari,tv,Cid Jardim,68315-325 Candido Portinari - tv - Cid Jardim,NOVOS CEPs DE PARAUAPEBAS.pdf,2025-11-26 17:57
68310-122,Canela,tv,Rio Verde,68310-122 Canela - tv - Rio Verde,NOVOS CEPs DE PARAUAPEBAS.pdf,2025-11-26 17:57
68315-361,Canindé,r,Cid Jardim,68315-361 Canindé - r - Cid Jardim,NOVOS CEPs DE PARAUAPEBAS.pdf,2025-11-26 17:57
68318-067,Canoas,tv,Habitar Feliz,68318-067 Canoas - tv - Habitar Feliz,NOVOS CEPs DE PARAUAPEBAS.pdf,2025-11-26 17:57
68313-272,Canopeia,r,Alvorá,68313-272 Canopeia - r - Alvorá,NOVOS CEPs DE PARAUAPEBAS.pdf,2025-11-26 17:57
68315-439,Cantador,tv,Cid Jardim,68315-439 Cantador - tv - Cid Jardim,NOVOS CEPs DE PARAUAPEBAS.pdf,2025-11-26 17:57
68318-320,Cânticos,al,Betânia,68318-320 Cânticos - al - Betânia,NOVOS CEPs DE PARAUAPEBAS.pdf,2025-11-26 17:57
68318-202,Cânticos,r,Altamira,68318-202 Cânticos - r - Altamira,NOVOS CEPs DE PARAUAPEBAS.pdf,2025-11-26 17:57
68317-684,Cânticos,r,At Bonito,68317-684 Cânticos - r - At Bonito,NOVOS CEPs DE PARAUAPEBAS.pdf,2025-11-26 17:57
68318-304,Cânticos,r,Betânia,68318-304 Cânticos - r - Betânia,NOVOS CEPs DE PARAUAPEBAS.pdf,2025-11-26 17:57
68317-252,Canudos,tv,Beira Rio,68317-252 Canudos - tv - Beira Rio,NOVOS CEPs DE PARAUAPEBAS.pdf,2025-11-26 17:57
68318-127,Canumã,tv,Habitar Feliz,68318-127 Canumã - tv - Habitar Feliz,NOVOS CEPs DE PARAUAPEBAS.pdf,2025-11-26 17:57
68318-061,Capanema,tv,Habitar Feliz,68318-061 Capanema - tv - Habitar Feliz,NOVOS CEPs DE PARAUAPEBAS.pdf,2025-11-26 17:57
68313-478,Capetinga,r,N Carajás,68313-478 Capetinga - r - N Carajás,NOVOS CEPs DE PARAUAPEBAS.pdf,2025-11-26 17:57
68311-808,Capiatá,tv,Prq Nações,68311-808 Capiatá - tv - Prq Nações,NOVOS CEPs DE PARAUAPEBAS.pdf,2025-11-26 17:57
68317-548,Capim Dourado,tv,Jd Canadá,68317-548 Capim Dourado - tv - Jd Canadá,NOVOS CEPs DE PARAUAPEBAS.pdf,2025-11-26 17:57
68315-117,Capitão Poço,r,Cid Jardim,68315-117 Capitão Poço - r - Cid Jardim,NOVOS CEPs DE PARAUAPEBAS.pdf,2025-11-26 17:57
68318-125,Capivari,al,Habitar Feliz,68318-125 Capivari - al - Habitar Feliz,NOVOS CEPs DE PARAUAPEBAS.pdf,2025-11-26 17:57
68312-091,Capixaba,r,Jd Planalto,68312-091 Capixaba - r - Jd Planalto,NOVOS CEPs DE PARAUAPEBAS.pdf,2025-11-26 17:57
68312-226,Capulim,r,Brasília,68312-226 Capulim - r - Brasília,NOVOS CEPs DE PARAUAPEBAS.pdf,2025-11-26 17:57
68312-029,Caputira,r,Jd Planalto,68312-029 Caputira - r - Jd Planalto,NOVOS CEPs DE PARAUAPEBAS.pdf,2025-11-26 17:57
68312-288,Caqui,r,Brasília,68312-288 Caqui - r - Brasília,NOVOS CEPs DE PARAUAPEBAS.pdf,2025-11-26 17:57
68312-280,Caquizeiro,r,Brasília,68312-280 Caquizeiro - r - Brasília,NOVOS CEPs DE PARAUAPEBAS.pdf,2025-11-26 17:57
68317-534,Caracas,r,Jd Canadá,68317-534 Caracas - r - Jd Canadá,NOVOS CEPs DE PARAUAPEBAS.pdf,2025-11-26 17:57
68318-406,Caracas,r,Novo Horizonte,68318-406 Caracas - r - Novo Horizonte,NOVOS CEPs DE PARAUAPEBAS.pdf,2025-11-26 17:57
68318-544,Caracas,r,Vl Rica,68318-544 Caracas - r - Vl Rica,NOVOS CEPs DE PARAUAPEBAS.pdf,2025-11-26 17:57
68315-611,Caracol,tv,Cid Jardim,68315-611 Caracol - tv - Cid Jardim,NOVOS CEPs DE PARAUAPEBAS.pdf,2025-11-26 17:57
68320-027,Carajás,r,Palmares Sul,68320-027 Carajás - r - Palmares Sul,NOVOS CEPs DE PARAUAPEBAS.pdf,2025-11-26 17:57
68310-148,Carajás,tv,Rio Verde,68310-148 Carajás - tv - Rio Verde,NOVOS CEPs DE PARAUAPEBAS.pdf,2025-11-26 17:57
68318-230,Carají,r,Altamira,68318-230 Carají - r - Altamira,NOVOS CEPs DE PARAUAPEBAS.pdf,2025-11-26 17:57
68318-007,Carají,r,Habitar Feliz,68318-007 Carají - r - Habitar Feliz,NOVOS CEPs DE PARAUAPEBAS.pdf,2025-11-26 17:57
68315-441,Cardeal,tv,Cid Jardim,68315-441 Cardeal - tv - Cid Jardim,NOVOS CEPs DE PARAUAPEBAS.pdf,2025-11-26 17:57
68319-193,Cardoso,r,Tropical,68319-193 Cardoso - r - Tropical,NOVOS CEPs DE PARAUAPEBAS.pdf,2025-11-26 17:57
68318-093,Carioca,tv,Habitar Feliz,68318-093 Carioca - tv - Habitar Feliz,NOVOS CEPs DE PARAUAPEBAS.pdf,2025-11-26 17:57
68319-057,Carlos Augusto,r,Tropical,68319-057 Carlos Augusto - r - Tropical,NOVOS CEPs DE PARAUAPEBAS.pdf,2025-11-26 17:57
68311-272,Carlos Drummond de Andrade,r,Caetanópolis,68311-272 Carlos Drummond de Andrade - r - Caetanópolis,NOVOS CEPs DE PARAUAPEBAS.pdf,2025-11-26 17:57
68310-364,Carlos Fonseca,al,Primavera,68310-364 Carlos Fonseca - al - Primavera,NOVOS CEPs DE PARAUAPEBAS.pdf,2025-11-26 17:57
68310-686,Carlos Gomes,r,LIberdade II,68310-686 Carlos Gomes - r - LIberdade II,NOVOS CEPs DE PARAUAPEBAS.pdf,2025-11-26 17:57
68311-114,Carlos Luz,r,Paraíso,68311-114 Carlos Luz - r - Paraíso,NOVOS CEPs DE PARAUAPEBAS.pdf,2025-11-26 17:57
68317-656,Carmelo,r,At Bonito,68317-656 Carmelo - r - At Bonito,NOVOS CEPs DE PARAUAPEBAS.pdf,2025-11-26 17:57
68311-344,Carmen Miranda,r,Jd América,68311-344 Carmen Miranda - r - Jd América,NOVOS CEPs DE PARAUAPEBAS.pdf,2025-11-26 17:57
68315-725,Carnabá,tv,Cid Jardim,68315-725 Carnabá - tv - Cid Jardim,NOVOS CEPs DE PARAUAPEBAS.pdf,2025-11-26 17:57
68312-156,Carnaúva,r,Brasília,68312-156 Carnaúva - r - Brasília,NOVOS CEPs DE PARAUAPEBAS.pdf,2025-11-26 17:57
68313-300,Caronte,r,Alvorá,68313-300 Caronte - r - Alvorá,NOVOS CEPs DE PARAUAPEBAS.pdf,2025-11-26 17:57
68315-667,Carneiros,tv,Cid Jardim,68315-667 Carneiros - tv - Cid Jardim,NOVOS CEPs DE PARAUAPEBAS.pdf,2025-11-26 17:57
68310-266,Carolina,r,Maranhão,68310-266 Carolina - r - Maranhão,NOVOS CEPs DE PARAUAPEBAS.pdf,2025-11-26 17:57
68313-082,Carolina Dias de Sá,r,Amazônia,68313-082 Carolina Dias de Sá - r - Amazônia,NOVOS CEPs DE PARAUAPEBAS.pdf,2025-11-26 17:57
68311-378,Carrier,tv,Jd América,68311-378 Carrier - tv - Jd América,NOVOS CEPs DE PARAUAPEBAS.pdf,2025-11-26 17:57
68312-021,Cartagena,r,Jd Planalto,68312-021 Cartagena - r - Jd Planalto,NOVOS CEPs DE PARAUAPEBAS.pdf,2025-11-26 17:57
68313-794,Cartagena,r,N Carajás,68313-794 Cartagena - r - N Carajás,NOVOS CEPs DE PARAUAPEBAS.pdf,2025-11-26 17:57
68313-744,Cartaxo,tv,N Carajás,68313-744 Cartaxo - tv - N Carajás,NOVOS CEPs DE PARAUAPEBAS.pdf,2025-11-26 17:57
68310-017,Cartola,al,Paz,68310-017 Cartola - al - Paz,NOVOS CEPs DE PARAUAPEBAS.pdf,2025-11-26 17:57
68311-782,Cartum,tv,Prq Nações,68311-782 Cartum - tv - Prq Nações,NOVOS CEPs DE PARAUAPEBAS.pdf,2025-11-26 17:57
68317-346,Caruara,al,Beira Rio,68317-346 Caruara - al - Beira Rio,NOVOS CEPs DE PARAUAPEBAS.pdf,2025-11-26 17:57
68320-079,Carvalho,r,Palmares Sul,68320-079 Carvalho - r - Palmares Sul,NOVOS CEPs DE PARAUAPEBAS.pdf,2025-11-26 17:57
68319-233,Carvalho,tv,Tropical,68319-233 Carvalho - tv - Tropical,NOVOS CEPs DE PARAUAPEBAS.pdf,2025-11-26 17:57
68318-462,Cassiterita,r,Novo Horizonte,68318-462 Cassiterita - r - Novo Horizonte,NOVOS CEPs DE PARAUAPEBAS.pdf,2025-11-26 17:57
68312-178,Castanha,r,Brasília,68312-178 Castanha - r - Brasília,NOVOS CEPs DE PARAUAPEBAS.pdf,2025-11-26 17:57
68311-222,Castanhal,tv,Linha Verde,68311-222 Castanhal - tv - Linha Verde,NOVOS CEPs DE PARAUAPEBAS.pdf,2025-11-26 17:57
68315-709,Castanheira,av,Cid Jardim,68315-709 Castanheira - av - Cid Jardim,NOVOS CEPs DE PARAUAPEBAS.pdf,2025-11-26 17:57
68310-204,Castelo Branco,r,Rio Verde,68310-204 Castelo Branco - r - Rio Verde,NOVOS CEPs DE PARAUAPEBAS.pdf,2025-11-26 17:57
68317-238,Castelo dos Sonhos,tv,Beira Rio,68317-238 Castelo dos Sonhos - tv - Beira Rio,NOVOS CEPs DE PARAUAPEBAS.pdf,2025-11-26 17:57
68311-370,Castilho França,r,Jd América,68311-370 Castilho França - r - Jd América,NOVOS CEPs DE PARAUAPEBAS.pdf,2025-11-26 17:57
68311-708,Castilho França,r,Prq Nações,68311-708 Castilho França - r - Prq Nações,NOVOS CEPs DE PARAUAPEBAS.pdf,2025-11-26 17:57
68313-256,Castor,r,Alvorá,68313-256 Castor - r - Alvorá,NOVOS CEPs DE PARAUAPEBAS.pdf,2025-11-26 17:57
68311-728,Castries,tv,Prq Nações,68311-728 Castries - tv - Prq Nações,NOVOS CEPs DE PARAUAPEBAS.pdf,2025-11-26 17:57
68313-686,Castris,r,N Carajás,68313-686 Castris - r - N Carajás,NOVOS CEPs DE PARAUAPEBAS.pdf,2025-11-26 17:57
68319-201,Castro,r,Tropical,68319-201 Castro - r - Tropical,NOVOS CEPs DE PARAUAPEBAS.pdf,2025-11-26 17:57
68310-015,Castro Alves,r,Paz,68310-015 Castro Alves - r - Paz,NOVOS CEPs DE PARAUAPEBAS.pdf,2025-11-26 17:57
68310-168,Catalão,r,Rio Verde,68310-168 Catalão - r - Rio Verde,NOVOS CEPs DE PARAUAPEBAS.pdf,2025-11-26 17:57
68313-550,Catânia,r,N Carajás,68313-550 Catânia - r - N Carajás,NOVOS CEPs DE PARAUAPEBAS.pdf,2025-11-26 17:57
68310-632,"Catarina, Santa",r,Liberdade I,"68310-632 Catarina, Santa - r - Liberdade I",NOVOS CEPs DE PARAUAPEBAS.pdf,2025-11-26 17:57
68310-708,"Catarina, Santa",r,LIberdade II,"68310-708 Catarina, Santa - r - LIberdade II",NOVOS CEPs DE PARAUAPEBAS.pdf,2025-11-26 17:57
68315-545,Catatua,r,Cid Jardim,68315-545 Catatua - r - Cid Jardim,NOVOS CEPs DE PARAUAPEBAS.pdf,2025-11-26 17:57
68314-029,Caulim,r,Polo Industrial,68314-029 Caulim - r - Polo Industrial,NOVOS CEPs DE PARAUAPEBAS.pdf,2025-11-26 17:57
68314-031,Caulim,tv,Polo Industrial,68314-031 Caulim - tv - Polo Industrial,NOVOS CEPs DE PARAUAPEBAS.pdf,2025-11-26 17:57
68318-123,Caveiras,al,Habitar Feliz,68318-123 Caveiras - al - Habitar Feliz,NOVOS CEPs DE PARAUAPEBAS.pdf,2025-11-26 17:57
68311-166,Caviana,r,Esplanada,68311-166 Caviana - r - Esplanada,NOVOS CEPs DE PARAUAPEBAS.pdf,2025-11-26 17:57
68311-210,Caviana,r,Linha Verde,68311-210 Caviana - r - Linha Verde,NOVOS CEPs DE PARAUAPEBAS.pdf,2025-11-26 17:57
68310-280,Caxias,al,Maranhão,68310-280 Caxias - al - Maranhão,NOVOS CEPs DE PARAUAPEBAS.pdf,2025-11-26 17:57
68310-090,"Caxias, Duque , de",r,Rio Verde,"68310-090 Caxias, Duque , de - r - Rio Verde",NOVOS CEPs DE PARAUAPEBAS.pdf,2025-11-26 17:57
68320-015,Ceará,r,Palmares Sul,68320-015 Ceará - r - Palmares Sul,NOVOS CEPs DE PARAUAPEBAS.pdf,2025-11-26 17:57
68310-080,Ceará,r,Rio Verde,68310-080 Ceará - r - Rio Verde,NOVOS CEPs DE PARAUAPEBAS.pdf,2025-11-26 17:57
68310-334,Cedro,tv,Primavera,68310-334 Cedro - tv - Primavera,NOVOS CEPs DE PARAUAPEBAS.pdf,2025-11-26 17:57
68317-774,Cedroarana,tv,Polo Moveleiro,68317-774 Cedroarana - tv - Polo Moveleiro,NOVOS CEPs DE PARAUAPEBAS.pdf,2025-11-26 17:57
68313-260,Celeste,r,Alvorá,68313-260 Celeste - r - Alvorá,NOVOS CEPs DE PARAUAPEBAS.pdf,2025-11-26 17:57
68313-298,Centauri,r,Alvorá,68313-298 Centauri - r - Alvorá,NOVOS CEPs DE PARAUAPEBAS.pdf,2025-11-26 17:57
68320-228,Cerejeira,r,Palmares II,68320-228 Cerejeira - r - Palmares II,NOVOS CEPs DE PARAUAPEBAS.pdf,2025-11-26 17:57
68315-007,Cerejeira,tv,Cid Jardim,68315-007 Cerejeira - tv - Cid Jardim,NOVOS CEPs DE PARAUAPEBAS.pdf,2025-11-26 17:57
68318-610,Cerrado,r,FAP,68318-610 Cerrado - r - FAP,NOVOS CEPs DE PARAUAPEBAS.pdf,2025-11-26 17:57
68316-109,Césio,r,Minérios,68316-109 Césio - r - Minérios,NOVOS CEPs DE PARAUAPEBAS.pdf,2025-11-26 17:57
68317-390,Céu Azul,r,Beira Rio,68317-390 Céu Azul - r - Beira Rio,NOVOS CEPs DE PARAUAPEBAS.pdf,2025-11-26 17:57
68318-292,Céu Azul,r,Betânia,68318-292 Céu Azul - r - Betânia,NOVOS CEPs DE PARAUAPEBAS.pdf,2025-11-26 17:57
68313-724,Ceuta,tv,N Carajás,68313-724 Ceuta - tv - N Carajás,NOVOS CEPs DE PARAUAPEBAS.pdf,2025-11-26 17:57
68310-556,Chagas,tv,Liberdade I,68310-556 Chagas - tv - Liberdade I,NOVOS CEPs DE PARAUAPEBAS.pdf,2025-11-26 17:57
68315-065,Chaves,tv,Cid Jardim,68315-065 Chaves - tv - Cid Jardim,NOVOS CEPs DE PARAUAPEBAS.pdf,2025-11-26 17:57
68318-710,Chicago,tv,Vle Sol,68318-710 Chicago - tv - Vle Sol,NOVOS CEPs DE PARAUAPEBAS.pdf,2025-11-26 17:57
68320-011,Chico Mendes,r,Palmares Sul,68320-011 Chico Mendes - r - Palmares Sul,NOVOS CEPs DE PARAUAPEBAS.pdf,2025-11-26 17:57
68310-013,Chico Mendes,r,Paz,68310-013 Chico Mendes - r - Paz,NOVOS CEPs DE PARAUAPEBAS.pdf,2025-11-26 17:57
68311-003,Chico Xavier,r,Guanabara,68311-003 Chico Xavier - r - Guanabara,NOVOS CEPs DE PARAUAPEBAS.pdf,2025-11-26 17:57
68311-810,Chile,r,Prq Nações,68311-810 Chile - r - Prq Nações,NOVOS CEPs DE PARAUAPEBAS.pdf,2025-11-26 17:57
68313-654,Chile,tv,N Carajás,68313-654 Chile - tv - N Carajás,NOVOS CEPs DE PARAUAPEBAS.pdf,2025-11-26 17:57
68311-762,China,tv,Prq Nações,68311-762 China - tv - Prq Nações,NOVOS CEPs DE PARAUAPEBAS.pdf,2025-11-26 17:57
68314-023,Chumbo,r,Polo Industrial,68314-023 Chumbo - r - Polo Industrial,NOVOS CEPs DE PARAUAPEBAS.pdf,2025-11-26 17:57
68315-425,Cícero Dias,tv,Cid Jardim,68315-425 Cícero Dias - tv - Cid Jardim,NOVOS CEPs DE PARAUAPEBAS.pdf,2025-11-26 17:57
68317-508,Ciclame,tv,Jd Canadá,68317-508 Ciclame - tv - Jd Canadá,NOVOS CEPs DE PARAUAPEBAS.pdf,2025-11-26 17:57
68310-278,Cidelândia,tv,Maranhão,68310-278 Cidelândia - tv - Maranhão,NOVOS CEPs DE PARAUAPEBAS.pdf,2025-11-26 17:57
68315-281,Cidreira,tv,Cid Jardim,68315-281 Cidreira - tv - Cid Jardim,NOVOS CEPs DE PARAUAPEBAS.pdf,2025-11-26 17:57
68317-486,Cinerária,tv,Jd Canadá,68317-486 Cinerária - tv - Jd Canadá,NOVOS CEPs DE PARAUAPEBAS.pdf,2025-11-26 17:57
68313-282,Cisne,r,Alvorá,68313-282 Cisne - r - Alvorá,NOVOS CEPs DE PARAUAPEBAS.pdf,2025-11-26 17:57
68316-113,Citrino,tv,Minérios,68316-113 Citrino - tv - Minérios,NOVOS CEPs DE PARAUAPEBAS.pdf,2025-11-26 17:57
68315-827,Citronela,r,Cid Jardim,68315-827 Citronela - r - Cid Jardim,NOVOS CEPs DE PARAUAPEBAS.pdf,2025-11-26 17:57
68317-460,Citrus,r,Jd Canadá,68317-460 Citrus - r - Jd Canadá,NOVOS CEPs DE PARAUAPEBAS.pdf,2025-11-26 17:57
68310-033,Clara Nunes,r,Paz,68310-033 Clara Nunes - r - Paz,NOVOS CEPs DE PARAUAPEBAS.pdf,2025-11-26 17:57
68310-790,Cláudio Coutinho,r,N Vida,68310-790 Cláudio Coutinho - r - N Vida,NOVOS CEPs DE PARAUAPEBAS.pdf,2025-11-26 17:57
68310-051,Cláudio Coutinho,r,Paz,68310-051 Cláudio Coutinho - r - Paz,NOVOS CEPs DE PARAUAPEBAS.pdf,2025-11-26 17:57
68319-368,Clóvis Rego,tv,Novo Viver,68319-368 Clóvis Rego - tv - Novo Viver,NOVOS CEPs DE PARAUAPEBAS.pdf,2025-11-26 17:57
68318-464,Cobalto,r,Novo Horizonte,68318-464 Cobalto - r - Novo Horizonte,NOVOS CEPs DE PARAUAPEBAS.pdf,2025-11-26 17:57
68318-446,Cobre,r,Novo Horizonte,68318-446 Cobre - r - Novo Horizonte,NOVOS CEPs DE PARAUAPEBAS.pdf,2025-11-26 17:57
68316-131,Cobre,tv,Minérios,68316-131 Cobre - tv - Minérios,NOVOS CEPs DE PARAUAPEBAS.pdf,2025-11-26 17:57
68314-015,Cobre,tv,Polo Industrial,68314-015 Cobre - tv - Polo Industrial,NOVOS CEPs DE PARAUAPEBAS.pdf,2025-11-26 17:57
68310-260,Coelho Neto,tv,Maranhão,68310-260 Coelho Neto - tv - Maranhão,NOVOS CEPs DE PARAUAPEBAS.pdf,2025-11-26 17:57
68313-270,Coimbra,r,Alvorá,68313-270 Coimbra - r - Alvorá,NOVOS CEPs DE PARAUAPEBAS.pdf,2025-11-26 17:57
68313-388,Coimbra,r,N Carajás,68313-388 Coimbra - r - N Carajás,NOVOS CEPs DE PARAUAPEBAS.pdf,2025-11-26 17:57
68315-107,Colares,tv,Cid Jardim,68315-107 Colares - tv - Cid Jardim,NOVOS CEPs DE PARAUAPEBAS.pdf,2025-11-26 17:57
68313-568,Colatina,r,N Carajás,68313-568 Colatina - r - N Carajás,NOVOS CEPs DE PARAUAPEBAS.pdf,2025-11-26 17:57
68310-270,Colinas,tv,Maranhão,68310-270 Colinas - tv - Maranhão,NOVOS CEPs DE PARAUAPEBAS.pdf,2025-11-26 17:57
68315-475,Colisa,tv,Cid Jardim,68315-475 Colisa - tv - Cid Jardim,NOVOS CEPs DE PARAUAPEBAS.pdf,2025-11-26 17:57
68313-422,Colômbia,r,N Carajás,68313-422 Colômbia - r - N Carajás,NOVOS CEPs DE PARAUAPEBAS.pdf,2025-11-26 17:57
68312-025,Colombo,r,Jd Planalto,68312-025 Colombo - r - Jd Planalto,NOVOS CEPs DE PARAUAPEBAS.pdf,2025-11-26 17:57
68319-522,Colorado,r,Sta Luzia,68319-522 Colorado - r - Sta Luzia,NOVOS CEPs DE PARAUAPEBAS.pdf,2025-11-26 17:57
68311-170,Combu,r,Esplanada,68311-170 Combu - r - Esplanada,NOVOS CEPs DE PARAUAPEBAS.pdf,2025-11-26 17:57
68310-210,"Comércio , do",r,Rio Verde,"68310-210 Comércio , do - r - Rio Verde",NOVOS CEPs DE PARAUAPEBAS.pdf,2025-11-26 17:57
68313-254,Cometa,r,Alvorá,68313-254 Cometa - r - Alvorá,NOVOS CEPs DE PARAUAPEBAS.pdf,2025-11-26 17:57
68313-678,Comoris,r,N Carajás,68313-678 Comoris - r - N Carajás,NOVOS CEPs DE PARAUAPEBAS.pdf,2025-11-26 17:57
68315-129,Conceição do Araguaia,r,Cid Jardim,68315-129 Conceição do Araguaia - r - Cid Jardim,NOVOS CEPs DE PARAUAPEBAS.pdf,2025-11-26 17:57
68315-115,Concórdia do Pará,tv,Cid Jardim,68315-115 Concórdia do Pará - tv - Cid Jardim,NOVOS CEPs DE PARAUAPEBAS.pdf,2025-11-26 17:57
68312-274,Conde,r,Brasília,68312-274 Conde - r - Brasília,NOVOS CEPs DE PARAUAPEBAS.pdf,2025-11-26 17:57
68312-292,Condessa,r,Brasília,68312-292 Condessa - r - Brasília,NOVOS CEPs DE PARAUAPEBAS.pdf,2025-11-26 17:57
68317-258,Condor,tv,Beira Rio,68317-258 Condor - tv - Beira Rio,NOVOS CEPs DE PARAUAPEBAS.pdf,2025-11-26 17:57
68315-229,Confrei,tv,Cid Jardim,68315-229 Confrei - tv - Cid Jardim,NOVOS CEPs DE PARAUAPEBAS.pdf,2025-11-26 17:57
68311-396,Confúcio,tv,Jd América,68311-396 Confúcio - tv - Jd América,NOVOS CEPs DE PARAUAPEBAS.pdf,2025-11-26 17:57
68318-053,Congonhas,tv,Habitar Feliz,68318-053 Congonhas - tv - Habitar Feliz,NOVOS CEPs DE PARAUAPEBAS.pdf,2025-11-26 17:57
68320-256,Conquista,r,Palmares II,68320-256 Conquista - r - Palmares II,NOVOS CEPs DE PARAUAPEBAS.pdf,2025-11-26 17:57
68310-374,"Conquista , da",r,Primavera,"68310-374 Conquista , da - r - Primavera",NOVOS CEPs DE PARAUAPEBAS.pdf,2025-11-26 17:57
68320-224,Conselheiro Furtado,r,Palmares II,68320-224 Conselheiro Furtado - r - Palmares II,NOVOS CEPs DE PARAUAPEBAS.pdf,2025-11-26 17:57
68313-466,Contagem,r,N Carajás,68313-466 Contagem - r - N Carajás,NOVOS CEPs DE PARAUAPEBAS.pdf,2025-11-26 17:57
68317-678,"Contorno , do",r,At Bonito,"68317-678 Contorno , do - r - At Bonito",NOVOS CEPs DE PARAUAPEBAS.pdf,2025-11-26 17:57
68315-633,Copacabana,tv,Cid Jardim,68315-633 Copacabana - tv - Cid Jardim,NOVOS CEPs DE PARAUAPEBAS.pdf,2025-11-26 17:57
68315-279,Copaíba,tv,Cid Jardim,68315-279 Copaíba - tv - Cid Jardim,NOVOS CEPs DE PARAUAPEBAS.pdf,2025-11-26 17:57
68313-418,Copenhage,tv,N Carajás,68313-418 Copenhage - tv - N Carajás,NOVOS CEPs DE PARAUAPEBAS.pdf,2025-11-26 17:57
68313-680,Copenhague,r,N Carajás,68313-680 Copenhague - r - N Carajás,NOVOS CEPs DE PARAUAPEBAS.pdf,2025-11-26 17:57
68310-560,Cora Coralina,r,Liberdade I,68310-560 Cora Coralina - r - Liberdade I,NOVOS CEPs DE PARAUAPEBAS.pdf,2025-11-26 17:57
68315-043,Coral,r,Cid Jardim,68315-043 Coral - r - Cid Jardim,NOVOS CEPs DE PARAUAPEBAS.pdf,2025-11-26 17:57
68318-302,Corazim,tv,Betânia,68318-302 Corazim - tv - Betânia,NOVOS CEPs DE PARAUAPEBAS.pdf,2025-11-26 17:57
68315-627,Corcovado,tv,Cid Jardim,68315-627 Corcovado - tv - Cid Jardim,NOVOS CEPs DE PARAUAPEBAS.pdf,2025-11-26 17:57
68317-314,Cordino,r,Beira Rio,68317-314 Cordino - r - Beira Rio,NOVOS CEPs DE PARAUAPEBAS.pdf,2025-11-26 17:57
68313-828,Córdoba,r,N Carajás,68313-828 Córdoba - r - N Carajás,NOVOS CEPs DE PARAUAPEBAS.pdf,2025-11-26 17:57
68313-454,Córdova,tv,N Carajás,68313-454 Córdova - tv - N Carajás,NOVOS CEPs DE PARAUAPEBAS.pdf,2025-11-26 17:57
68311-724,Coréia do Norte,r,Prq Nações,68311-724 Coréia do Norte - r - Prq Nações,NOVOS CEPs DE PARAUAPEBAS.pdf,2025-11-26 17:57
68310-818,Corinthians,r,N Vida,68310-818 Corinthians - r - N Vida,NOVOS CEPs DE PARAUAPEBAS.pdf,2025-11-26 17:57
68317-488,Coroá,r,Jd Canadá,68317-488 Coroá - r - Jd Canadá,NOVOS CEPs DE PARAUAPEBAS.pdf,2025-11-26 17:57
68318-045,Coroatá,tv,Habitar Feliz,68318-045 Coroatá - tv - Habitar Feliz,NOVOS CEPs DE PARAUAPEBAS.pdf,2025-11-26 17:57
68311-566,Cortês,tv,Morada Nova,68311-566 Cortês - tv - Morada Nova,NOVOS CEPs DE PARAUAPEBAS.pdf,2025-11-26 17:57
68318-077,Corumbá,r,Habitar Feliz,68318-077 Corumbá - r - Habitar Feliz,NOVOS CEPs DE PARAUAPEBAS.pdf,2025-11-26 17:57
68318-017,"Costa e Silva, Presidente",r,Habitar Feliz,"68318-017 Costa e Silva, Presidente - r - Habitar Feliz",NOVOS CEPs DE PARAUAPEBAS.pdf,2025-11-26 17:57
68315-191,Corvina,r,Cid Jardim,68315-191 Corvina - r - Cid Jardim,NOVOS CEPs DE PARAUAPEBAS.pdf,2025-11-26 17:57
68319-133,Costa,r,Tropical,68319-133 Costa - r - Tropical,NOVOS CEPs DE PARAUAPEBAS.pdf,2025-11-26 17:57
68318-222,"Costa e Silva, Presidente",r,Altamira,"68318-222 Costa e Silva, Presidente - r - Altamira",NOVOS CEPs DE PARAUAPEBAS.pdf,2025-11-26 17:57
68311-774,Costa Rica,r,Prq Nações,68311-774 Costa Rica - r - Prq Nações,NOVOS CEPs DE PARAUAPEBAS.pdf,2025-11-26 17:57
68313-434,Costa Rita,tv,N Carajás,68313-434 Costa Rita - tv - N Carajás,NOVOS CEPs DE PARAUAPEBAS.pdf,2025-11-26 17:57
68311-180,Cotijuba,tv,Esplanada,68311-180 Cotijuba - tv - Esplanada,NOVOS CEPs DE PARAUAPEBAS.pdf,2025-11-26 17:57
68319-139,Couto,tv,Tropical,68319-139 Couto - tv - Tropical,NOVOS CEPs DE PARAUAPEBAS.pdf,2025-11-26 17:57
68315-567,Cozumel,tv,Cid Jardim,68315-567 Cozumel - tv - Cid Jardim,NOVOS CEPs DE PARAUAPEBAS.pdf,2025-11-26 17:57
68317-500,Cravel,tv,Jd Canadá,68317-500 Cravel - tv - Jd Canadá,NOVOS CEPs DE PARAUAPEBAS.pdf,2025-11-26 17:57
68317-494,Cravina,r,Jd Canadá,68317-494 Cravina - r - Jd Canadá,NOVOS CEPs DE PARAUAPEBAS.pdf,2025-11-26 17:57
68315-745,Cravo,tv,Cid Jardim,68315-745 Cravo - tv - Cid Jardim,NOVOS CEPs DE PARAUAPEBAS.pdf,2025-11-26 17:57
68310-146,Criança Feliz,tv,Rio Verde,68310-146 Criança Feliz - tv - Rio Verde,NOVOS CEPs DE PARAUAPEBAS.pdf,2025-11-26 17:57
68315-737,Crisântemo,tv,Cid Jardim,68315-737 Crisântemo - tv - Cid Jardim,NOVOS CEPs DE PARAUAPEBAS.pdf,2025-11-26 17:57
68318-456,Cristal,r,Novo Horizonte,68318-456 Cristal - r - Novo Horizonte,NOVOS CEPs DE PARAUAPEBAS.pdf,2025-11-26 17:57
68311-310,Cristalina,r,Jd América,68311-310 Cristalina - r - Jd América,NOVOS CEPs DE PARAUAPEBAS.pdf,2025-11-26 17:57
68310-842,Cristalina,r,N Vida,68310-842 Cristalina - r - N Vida,NOVOS CEPs DE PARAUAPEBAS.pdf,2025-11-26 17:57
68310-216,Cristo Rei,r,Rio Verde,68310-216 Cristo Rei - r - Rio Verde,NOVOS CEPs DE PARAUAPEBAS.pdf,2025-11-26 17:57
68318-220,Cristovão Colombo,r,Altamira,68318-220 Cristovão Colombo - r - Altamira,NOVOS CEPs DE PARAUAPEBAS.pdf,2025-11-26 17:57
68318-019,Cristovão Colombo,r,Habitar Feliz,68318-019 Cristovão Colombo - r - Habitar Feliz,NOVOS CEPs DE PARAUAPEBAS.pdf,2025-11-26 17:57
68313-674,Croácia,tv,N Carajás,68313-674 Croácia - tv - N Carajás,NOVOS CEPs DE PARAUAPEBAS.pdf,2025-11-26 17:57
68316-073,Cromita,tv,Minérios,68316-073 Cromita - tv - Minérios,NOVOS CEPs DE PARAUAPEBAS.pdf,2025-11-26 17:57
68316-079,Cromo,tv,Minérios,68316-079 Cromo - tv - Minérios,NOVOS CEPs DE PARAUAPEBAS.pdf,2025-11-26 17:57
68311-308,Cruzeiro,r,Jd América,68311-308 Cruzeiro - r - Jd América,NOVOS CEPs DE PARAUAPEBAS.pdf,2025-11-26 17:57
68310-812,Cruzeiro,r,N Vida,68310-812 Cruzeiro - r - N Vida,NOVOS CEPs DE PARAUAPEBAS.pdf,2025-11-26 17:57
68313-246,Cruzeiro do Sul,r,Alvorá,68313-246 Cruzeiro do Sul - r - Alvorá,NOVOS CEPs DE PARAUAPEBAS.pdf,2025-11-26 17:57
68313-504,Cuba,tv,N Carajás,68313-504 Cuba - tv - N Carajás,NOVOS CEPs DE PARAUAPEBAS.pdf,2025-11-26 17:57
68313-400,Cuiabá,tv,N Carajás,68313-400 Cuiabá - tv - N Carajás,NOVOS CEPs DE PARAUAPEBAS.pdf,2025-11-26 17:57
68313-362,Cujubim,tv,N Carajás,68313-362 Cujubim - tv - N Carajás,NOVOS CEPs DE PARAUAPEBAS.pdf,2025-11-26 17:57
68315-355,Cumarí,tv,Cid Jardim,68315-355 Cumarí - tv - Cid Jardim,NOVOS CEPs DE PARAUAPEBAS.pdf,2025-11-26 17:57
68317-772,Cumarú,r,Polo Moveleiro,68317-772 Cumarú - r - Polo Moveleiro,NOVOS CEPs DE PARAUAPEBAS.pdf,2025-11-26 17:57
68315-695,Cumbuco,tv,Cid Jardim,68315-695 Cumbuco - tv - Cid Jardim,NOVOS CEPs DE PARAUAPEBAS.pdf,2025-11-26 17:57
68315-285,Cúrcuma,tv,Cid Jardim,68315-285 Cúrcuma - tv - Cid Jardim,NOVOS CEPs DE PARAUAPEBAS.pdf,2025-11-26 17:57
68315-443,Curió,tv,Cid Jardim,68315-443 Curió - tv - Cid Jardim,NOVOS CEPs DE PARAUAPEBAS.pdf,2025-11-26 17:57
68311-646,Curtiga,tv,S Lucas,68311-646 Curtiga - tv - S Lucas,NOVOS CEPs DE PARAUAPEBAS.pdf,2025-11-26 17:57
68318-097,Curuá,tv,Habitar Feliz,68318-097 Curuá - tv - Habitar Feliz,NOVOS CEPs DE PARAUAPEBAS.pdf,2025-11-26 17:57
68315-127,Curuçá,tv,Cid Jardim,68315-127 Curuçá - tv - Cid Jardim,NOVOS CEPs DE PARAUAPEBAS.pdf,2025-11-26 17:57
68317-212,Curumins,tv,Beira Rio,68317-212 Curumins - tv - Beira Rio,NOVOS CEPs DE PARAUAPEBAS.pdf,2025-11-26 17:57
68313-460,Curvelo,r,N Carajás,68313-460 Curvelo - r - N Carajás,NOVOS CEPs DE PARAUAPEBAS.pdf,2025-11-26 17:57
68310-418,D,r,Cid Nova,68310-418 D - r - Cid Nova,NOVOS CEPs DE PARAUAPEBAS.pdf,2025-11-26 17:57
68310-152,da Mangueira II,r,Rio Verde,68310-152 da Mangueira II - r - Rio Verde,NOVOS CEPs DE PARAUAPEBAS.pdf,2025-11-26 17:57
68320-083,"da Paz , da",r,Palmares Sul,"68320-083 da Paz , da - r - Palmares Sul",NOVOS CEPs DE PARAUAPEBAS.pdf,2025-11-26 17:57
68313-043,Dafne,tv,Novo Brasil,68313-043 Dafne - tv - Novo Brasil,NOVOS CEPs DE PARAUAPEBAS.pdf,2025-11-26 17:57
68318-402,Dakar,r,Novo Horizonte,68318-402 Dakar - r - Novo Horizonte,NOVOS CEPs DE PARAUAPEBAS.pdf,2025-11-26 17:57
68319-516,Dakota,r,Sta Luzia,68319-516 Dakota - r - Sta Luzia,NOVOS CEPs DE PARAUAPEBAS.pdf,2025-11-26 17:57
68319-209,Dalcídio Jurandir,r,Tropical,68319-209 Dalcídio Jurandir - r - Tropical,NOVOS CEPs DE PARAUAPEBAS.pdf,2025-11-26 17:57
68317-482,Dália,tv,Jd Canadá,68317-482 Dália - tv - Jd Canadá,NOVOS CEPs DE PARAUAPEBAS.pdf,2025-11-26 17:57
68313-438,Dalian,tv,N Carajás,68313-438 Dalian - tv - N Carajás,NOVOS CEPs DE PARAUAPEBAS.pdf,2025-11-26 17:57
68313-490,Dallas,tv,N Carajás,68313-490 Dallas - tv - N Carajás,NOVOS CEPs DE PARAUAPEBAS.pdf,2025-11-26 17:57
68319-199,Damasceno,r,Tropical,68319-199 Damasceno - r - Tropical,NOVOS CEPs DE PARAUAPEBAS.pdf,2025-11-26 17:57
68318-704,Damasco,tv,Vle Sol,68318-704 Damasco - tv - Vle Sol,NOVOS CEPs DE PARAUAPEBAS.pdf,2025-11-26 17:57
68310-762,Daniella Perez,r,N Vida,68310-762 Daniella Perez - r - N Vida,NOVOS CEPs DE PARAUAPEBAS.pdf,2025-11-26 17:57
68319-015,Dantas,r,Tropical,68319-015 Dantas - r - Tropical,NOVOS CEPs DE PARAUAPEBAS.pdf,2025-11-26 17:57
68312-027,Darcinópolis,r,Jd Planalto,68312-027 Darcinópolis - r - Jd Planalto,NOVOS CEPs DE PARAUAPEBAS.pdf,2025-11-26 17:57
68310-392,Darcy Ribeiro,tv,Primavera,68310-392 Darcy Ribeiro - tv - Primavera,NOVOS CEPs DE PARAUAPEBAS.pdf,2025-11-26 17:57
68312-099,Dário Meira,r,Jd Planalto,68312-099 Dário Meira - r - Jd Planalto,NOVOS CEPs DE PARAUAPEBAS.pdf,2025-11-26 17:57
68312-224,Dário Meira,tv,Brasília,68312-224 Dário Meira - tv - Brasília,NOVOS CEPs DE PARAUAPEBAS.pdf,2025-11-26 17:57
68319-023,das Flores,r,Tropical,68319-023 das Flores - r - Tropical,NOVOS CEPs DE PARAUAPEBAS.pdf,2025-11-26 17:57
68317-680,das Marquesas,r,At Bonito,68317-680 das Marquesas - r - At Bonito,NOVOS CEPs DE PARAUAPEBAS.pdf,2025-11-26 17:57
68310-120,das Orquídeas,tv,Rio Verde,68310-120 das Orquídeas - tv - Rio Verde,NOVOS CEPs DE PARAUAPEBAS.pdf,2025-11-26 17:57
68311-084,Delfim Moreira,r,Paraíso,68311-084 Delfim Moreira - r - Paraíso,NOVOS CEPs DE PARAUAPEBAS.pdf,2025-11-26 17:57
68312-017,Delmiro Gouveia,r,Jd Planalto,68312-017 Delmiro Gouveia - r - Jd Planalto,NOVOS CEPs DE PARAUAPEBAS.pdf,2025-11-26 17:57
68312-200,Dendê,r,Brasília,68312-200 Dendê - r - Brasília,NOVOS CEPs DE PARAUAPEBAS.pdf,2025-11-26 17:57
68313-824,Dendera,tv,N Carajás,68313-824 Dendera - tv - N Carajás,NOVOS CEPs DE PARAUAPEBAS.pdf,2025-11-26 17:57
68318-536,Denver,r,Vl Rica,68318-536 Denver - r - Vl Rica,NOVOS CEPs DE PARAUAPEBAS.pdf,2025-11-26 17:57
68313-492,Detroit,tv,N Carajás,68313-492 Detroit - tv - N Carajás,NOVOS CEPs DE PARAUAPEBAS.pdf,2025-11-26 17:57
68315-427,Di Cavalcanti,tv,Cid Jardim,68315-427 Di Cavalcanti - tv - Cid Jardim,NOVOS CEPs DE PARAUAPEBAS.pdf,2025-11-26 17:57
68310-174,Diadema,r,Rio Verde,68310-174 Diadema - r - Rio Verde,NOVOS CEPs DE PARAUAPEBAS.pdf,2025-11-26 17:57
68316-143,Diamante,tv,Minérios,68316-143 Diamante - tv - Minérios,NOVOS CEPs DE PARAUAPEBAS.pdf,2025-11-26 17:57
68313-762,Diamantino,r,N Carajás,68313-762 Diamantino - r - N Carajás,NOVOS CEPs DE PARAUAPEBAS.pdf,2025-11-26 17:57
68317-496,Dicente,tv,Jd Canadá,68317-496 Dicente - tv - Jd Canadá,NOVOS CEPs DE PARAUAPEBAS.pdf,2025-11-26 17:57
68315-329,Diego Rivera,tv,Cid Jardim,68315-329 Diego Rivera - tv - Cid Jardim,NOVOS CEPs DE PARAUAPEBAS.pdf,2025-11-26 17:57
68318-510,Dinamarca,av,Vl Rica,68318-510 Dinamarca - av - Vl Rica,NOVOS CEPs DE PARAUAPEBAS.pdf,2025-11-26 17:57
68317-364,Dínamo,tv,Beira Rio,68317-364 Dínamo - tv - Beira Rio,NOVOS CEPs DE PARAUAPEBAS.pdf,2025-11-26 17:57
68311-576,Diolina Lemos,r,Morada Nova,68311-576 Diolina Lemos - r - Morada Nova,NOVOS CEPs DE PARAUAPEBAS.pdf,2025-11-26 17:57
68312-023,Diorama,r,Jd Planalto,68312-023 Diorama - r - Jd Planalto,NOVOS CEPs DE PARAUAPEBAS.pdf,2025-11-26 17:57
68315-445,Diuca,tv,Cid Jardim,68315-445 Diuca - tv - Cid Jardim,NOVOS CEPs DE PARAUAPEBAS.pdf,2025-11-26 17:57
68312-015,Divino,r,Jd Planalto,68312-015 Divino - r - Jd Planalto,NOVOS CEPs DE PARAUAPEBAS.pdf,2025-11-26 17:57
68310-194,Dois Irmãos,r,Rio Verde,68310-194 Dois Irmãos - r - Rio Verde,NOVOS CEPs DE PARAUAPEBAS.pdf,2025-11-26 17:57
68310-394,Dom Marcos Babosa,al,Primavera,68310-394 Dom Marcos Babosa - al - Primavera,NOVOS CEPs DE PARAUAPEBAS.pdf,2025-11-26 17:57
68318-218,Domingos Cardoso,r,Altamira,68318-218 Domingos Cardoso - r - Altamira,NOVOS CEPs DE PARAUAPEBAS.pdf,2025-11-26 17:57
68317-722,Domingos Cardoso,r,At Bonito,68317-722 Domingos Cardoso - r - At Bonito,NOVOS CEPs DE PARAUAPEBAS.pdf,2025-11-26 17:57
68311-110,Domingos Montagner,r,Paraíso,68311-110 Domingos Montagner - r - Paraíso,NOVOS CEPs DE PARAUAPEBAS.pdf,2025-11-26 17:57
68313-420,Dominica,r,N Carajás,68313-420 Dominica - r - N Carajás,NOVOS CEPs DE PARAUAPEBAS.pdf,2025-11-26 17:57
68315-029,Dourado,r,Cid Jardim,68315-029 Dourado - r - Cid Jardim,NOVOS CEPs DE PARAUAPEBAS.pdf,2025-11-26 17:57
68317-520,Dracenas,r,Jd Canadá,68317-520 Dracenas - r - Jd Canadá,NOVOS CEPs DE PARAUAPEBAS.pdf,2025-11-26 17:57
68319-167,Duarte,tv,Tropical,68319-167 Duarte - tv - Tropical,NOVOS CEPs DE PARAUAPEBAS.pdf,2025-11-26 17:57
68319-075,Dubai,av,Tropical,68319-075 Dubai - av - Tropical,NOVOS CEPs DE PARAUAPEBAS.pdf,2025-11-26 17:57
68318-732,Dubai,av,Vle Sol,68318-732 Dubai - av - Vle Sol,NOVOS CEPs DE PARAUAPEBAS.pdf,2025-11-26 17:57
68313-508,Dubai,tv,N Carajás,68313-508 Dubai - tv - N Carajás,NOVOS CEPs DE PARAUAPEBAS.pdf,2025-11-26 17:57
68313-638,Dúble,tv,N Carajás,68313-638 Dúble - tv - N Carajás,NOVOS CEPs DE PARAUAPEBAS.pdf,2025-11-26 17:57
68318-754,Dublin,r,Vle Sol,68318-754 Dublin - r - Vle Sol,NOVOS CEPs DE PARAUAPEBAS.pdf,2025-11-26 17:57
68312-262,Durião,r,Brasília,68312-262 Durião - r - Brasília,NOVOS CEPs DE PARAUAPEBAS.pdf,2025-11-26 17:57
68310-246,"Dutra, Presidente",r,Maranhão,"68310-246 Dutra, Presidente - r - Maranhão",NOVOS CEPs DE PARAUAPEBAS.pdf,2025-11-26 17:57
68310-240,E,av,Maranhão,68310-240 E - av - Maranhão,NOVOS CEPs DE PARAUAPEBAS.pdf,2025-11-26 17:57
68310-420,E,r,Cid Nova,68310-420 E - r - Cid Nova,NOVOS CEPs DE PARAUAPEBAS.pdf,2025-11-26 17:57
68317-632,Eclesiastes,tv,At Bonito,68317-632 Eclesiastes - tv - At Bonito,NOVOS CEPs DE PARAUAPEBAS.pdf,2025-11-26 17:57
68313-242,Eclipse,r,Alvorá,68313-242 Eclipse - r - Alvorá,NOVOS CEPs DE PARAUAPEBAS.pdf,2025-11-26 17:57
68317-246,Edivaldo Barbosa de Souza,av,Beira Rio,68317-246 Edivaldo Barbosa de Souza - av - Beira Rio,NOVOS CEPs DE PARAUAPEBAS.pdf,2025-11-26 17:57
68310-784,Eduardo Campos,r,N Vida,68310-784 Eduardo Campos - r - N Vida,NOVOS CEPs DE PARAUAPEBAS.pdf,2025-11-26 17:57
68320-226,Eduardo Campos,r,Palmares II,68320-226 Eduardo Campos - r - Palmares II,NOVOS CEPs DE PARAUAPEBAS.pdf,2025-11-26 17:57
68317-704,Efraim,tv,At Bonito,68317-704 Efraim - tv - At Bonito,NOVOS CEPs DE PARAUAPEBAS.pdf,2025-11-26 17:57
68311-732,Egito,tv,Prq Nações,68311-732 Egito - tv - Prq Nações,NOVOS CEPs DE PARAUAPEBAS.pdf,2025-11-26 17:57
68311-776,El Salvador,tv,Prq Nações,68311-776 El Salvador - tv - Prq Nações,NOVOS CEPs DE PARAUAPEBAS.pdf,2025-11-26 17:57
68313-013,Elara,r,Novo Brasil,68313-013 Elara - r - Novo Brasil,NOVOS CEPs DE PARAUAPEBAS.pdf,2025-11-26 17:57
68313-304,Electra,tv,Alvorá,68313-304 Electra - tv - Alvorá,NOVOS CEPs DE PARAUAPEBAS.pdf,2025-11-26 17:57
68315-017,Elis Regina,r,Cid Jardim,68315-017 Elis Regina - r - Cid Jardim,NOVOS CEPs DE PARAUAPEBAS.pdf,2025-11-26 17:57
68319-213,Elleres,tv,Tropical,68319-213 Elleres - tv - Tropical,NOVOS CEPs DE PARAUAPEBAS.pdf,2025-11-26 17:57
68318-316,Emaús,r,Betânia,68318-316 Emaús - r - Betânia,NOVOS CEPs DE PARAUAPEBAS.pdf,2025-11-26 17:57
68315-669,Embaú,tv,Cid Jardim,68315-669 Embaú - tv - Cid Jardim,NOVOS CEPs DE PARAUAPEBAS.pdf,2025-11-26 17:57
68310-354,Embaúba,tv,Primavera,68310-354 Embaúba - tv - Primavera,NOVOS CEPs DE PARAUAPEBAS.pdf,2025-11-26 17:57
68318-161,Embirá,tv,Habitar Feliz,68318-161 Embirá - tv - Habitar Feliz,NOVOS CEPs DE PARAUAPEBAS.pdf,2025-11-26 17:57
68311-092,Emílio Médice,r,Paraíso,68311-092 Emílio Médice - r - Paraíso,NOVOS CEPs DE PARAUAPEBAS.pdf,2025-11-26 17:57
68317-065,Enawenê Nauê,r,Prq Carajás,68317-065 Enawenê Nauê - r - Prq Carajás,NOVOS CEPs DE PARAUAPEBAS.pdf,2025-11-26 17:57
68312-013,Encanto,r,Jd Planalto,68312-013 Encanto - r - Jd Planalto,NOVOS CEPs DE PARAUAPEBAS.pdf,2025-11-26 17:57
68317-718,Enoque,r,At Bonito,68317-718 Enoque - r - At Bonito,NOVOS CEPs DE PARAUAPEBAS.pdf,2025-11-26 17:57
68312-019,Envira,r,Jd Planalto,68312-019 Envira - r - Jd Planalto,NOVOS CEPs DE PARAUAPEBAS.pdf,2025-11-26 17:57
68311-134,Epitácio Pessoa,r,Esplanada,68311-134 Epitácio Pessoa - r - Esplanada,NOVOS CEPs DE PARAUAPEBAS.pdf,2025-11-26 17:57
68320-210,Erica Boeno,r,Palmares II,68320-210 Erica Boeno - r - Palmares II,NOVOS CEPs DE PARAUAPEBAS.pdf,2025-11-26 17:57
68311-068,Epitácio Pessoa,r,Paraíso,68311-068 Epitácio Pessoa - r - Paraíso,NOVOS CEPs DE PARAUAPEBAS.pdf,2025-11-26 17:57
68313-704,Equador,r,N Carajás,68313-704 Equador - r - N Carajás,NOVOS CEPs DE PARAUAPEBAS.pdf,2025-11-26 17:57
68311-778,Equador,r,Prq Nações,68311-778 Equador - r - Prq Nações,NOVOS CEPs DE PARAUAPEBAS.pdf,2025-11-26 17:57
68311-254,Érico Veríssimo,r,Caetanópolis,68311-254 Érico Veríssimo - r - Caetanópolis,NOVOS CEPs DE PARAUAPEBAS.pdf,2025-11-26 17:57
68313-049,Eridano,r,Novo Brasil,68313-049 Eridano - r - Novo Brasil,NOVOS CEPs DE PARAUAPEBAS.pdf,2025-11-26 17:57
68311-094,Ernesto Geisel,r,Paraíso,68311-094 Ernesto Geisel - r - Paraíso,NOVOS CEPs DE PARAUAPEBAS.pdf,2025-11-26 17:57
68318-312,Esaú,r,Betânia,68318-312 Esaú - r - Betânia,NOVOS CEPs DE PARAUAPEBAS.pdf,2025-11-26 17:57
68311-816,Escócia,r,Prq Nações,68311-816 Escócia - r - Prq Nações,NOVOS CEPs DE PARAUAPEBAS.pdf,2025-11-26 17:57
68317-646,Esdras,tv,At Bonito,68317-646 Esdras - tv - At Bonito,NOVOS CEPs DE PARAUAPEBAS.pdf,2025-11-26 17:57
68313-618,Eslovênia,r,N Carajás,68313-618 Eslovênia - r - N Carajás,NOVOS CEPs DE PARAUAPEBAS.pdf,2025-11-26 17:57
68318-460,Esmeralda,r,Novo Horizonte,68318-460 Esmeralda - r - Novo Horizonte,NOVOS CEPs DE PARAUAPEBAS.pdf,2025-11-26 17:57
68318-512,Espanha,r,Vl Rica,68318-512 Espanha - r - Vl Rica,NOVOS CEPs DE PARAUAPEBAS.pdf,2025-11-26 17:57
68317-608,Esperança,tv,At Bonito,68317-608 Esperança - tv - At Bonito,NOVOS CEPs DE PARAUAPEBAS.pdf,2025-11-26 17:57
68312-047,Esperantina,r,Jd Planalto,68312-047 Esperantina - r - Jd Planalto,NOVOS CEPs DE PARAUAPEBAS.pdf,2025-11-26 17:57
68316-099,Espinela,r,Minérios,68316-099 Espinela - r - Minérios,NOVOS CEPs DE PARAUAPEBAS.pdf,2025-11-26 17:57
68312-041,Espinosa,r,Jd Planalto,68312-041 Espinosa - r - Jd Planalto,NOVOS CEPs DE PARAUAPEBAS.pdf,2025-11-26 17:57
68318-310,Espírito Santo,r,Betânia,68318-310 Espírito Santo - r - Betânia,NOVOS CEPs DE PARAUAPEBAS.pdf,2025-11-26 17:57
68310-612,Espirito Santo,r,Liberdade I,68310-612 Espirito Santo - r - Liberdade I,NOVOS CEPs DE PARAUAPEBAS.pdf,2025-11-26 17:57
68312-069,Esplanada,r,Jd Planalto,68312-069 Esplanada - r - Jd Planalto,NOVOS CEPs DE PARAUAPEBAS.pdf,2025-11-26 17:57
68320-222,"Esporte , do",r,Palmares II,"68320-222 Esporte , do - r - Palmares II",NOVOS CEPs DE PARAUAPEBAS.pdf,2025-11-26 17:57
68311-756,Estados Unidos,r,Prq Nações,68311-756 Estados Unidos - r - Prq Nações,NOVOS CEPs DE PARAUAPEBAS.pdf,2025-11-26 17:57
68318-432,Estambul,tv,Novo Horizonte,68318-432 Estambul - tv - Novo Horizonte,NOVOS CEPs DE PARAUAPEBAS.pdf,2025-11-26 17:57
68310-706,Esteio,r,LIberdade II,68310-706 Esteio - r - LIberdade II,NOVOS CEPs DE PARAUAPEBAS.pdf,2025-11-26 17:57
68313-264,Estelar,r,Alvorá,68313-264 Estelar - r - Alvorá,NOVOS CEPs DE PARAUAPEBAS.pdf,2025-11-26 17:57
68318-344,Estocolmo,r,Betânia,68318-344 Estocolmo - r - Betânia,NOVOS CEPs DE PARAUAPEBAS.pdf,2025-11-26 17:57
68318-400,Estocolmo,r,Novo Horizonte,68318-400 Estocolmo - r - Novo Horizonte,NOVOS CEPs DE PARAUAPEBAS.pdf,2025-11-26 17:57
68320-023,Estrada Bel Mesquita,est,Palmares Sul,68320-023 Estrada Bel Mesquita - est - Palmares Sul,NOVOS CEPs DE PARAUAPEBAS.pdf,2025-11-26 17:57
68314-007,Estrada de acesso ao Cedere I,est,Polo Industrial,68314-007 Estrada de acesso ao Cedere I - est - Polo Industrial,NOVOS CEPs DE PARAUAPEBAS.pdf,2025-11-26 17:57
68310-256,Estreito,tv,Maranhão,68310-256 Estreito - tv - Maranhão,NOVOS CEPs DE PARAUAPEBAS.pdf,2025-11-26 17:57
68310-592,Estrela Dalva,r,Liberdade I,68310-592 Estrela Dalva - r - Liberdade I,NOVOS CEPs DE PARAUAPEBAS.pdf,2025-11-26 17:57
68317-388,Estrela Guia,tv,Beira Rio,68317-388 Estrela Guia - tv - Beira Rio,NOVOS CEPs DE PARAUAPEBAS.pdf,2025-11-26 17:57
68315-353,Eucalipto,tv,Cid Jardim,68315-353 Eucalipto - tv - Cid Jardim,NOVOS CEPs DE PARAUAPEBAS.pdf,2025-11-26 17:57
68319-326,Euclides Camaru,tv,Novo Viver,68319-326 Euclides Camaru - tv - Novo Viver,NOVOS CEPs DE PARAUAPEBAS.pdf,2025-11-26 17:57
68311-398,Euclides da Cunha,r,Jd América,68311-398 Euclides da Cunha - r - Jd América,NOVOS CEPs DE PARAUAPEBAS.pdf,2025-11-26 17:57
68311-098,Eurico Dutra,r,Paraíso,68311-098 Eurico Dutra - r - Paraíso,NOVOS CEPs DE PARAUAPEBAS.pdf,2025-11-26 17:57
68313-057,Euridone,r,Novo Brasil,68313-057 Euridone - r - Novo Brasil,NOVOS CEPs DE PARAUAPEBAS.pdf,2025-11-26 17:57
68310-774,Eva Vilma,tv,N Vida,68310-774 Eva Vilma - tv - N Vida,NOVOS CEPs DE PARAUAPEBAS.pdf,2025-11-26 17:57
68313-124,Evaristo Flauzino,av,Amazônia,68313-124 Evaristo Flauzino - av - Amazônia,NOVOS CEPs DE PARAUAPEBAS.pdf,2025-11-26 17:57
68310-498,F,r,União,68310-498 F - r - União,NOVOS CEPs DE PARAUAPEBAS.pdf,2025-11-26 17:57
68319-231,Fagundes,tv,Tropical,68319-231 Fagundes - tv - Tropical,NOVOS CEPs DE PARAUAPEBAS.pdf,2025-11-26 17:57
68313-210,"Faisal Salmen, Doutor",rod,Alvorá,"68313-210 Faisal Salmen, Doutor - rod - Alvorá",NOVOS CEPs DE PARAUAPEBAS.pdf,2025-11-26 17:57
68315-003,"Faisal Salmen, Doutor",rod,Cid Jardim,"68315-003 Faisal Salmen, Doutor - rod - Cid Jardim",NOVOS CEPs DE PARAUAPEBAS.pdf,2025-11-26 17:57
68313-350,"Faisal Salmen, Doutor",rod,N Carajás,"68313-350 Faisal Salmen, Doutor - rod - N Carajás",NOVOS CEPs DE PARAUAPEBAS.pdf,2025-11-26 17:57
68313-001,"Faisal Salmen, Doutor",rod,Novo Brasil,"68313-001 Faisal Salmen, Doutor - rod - Novo Brasil",NOVOS CEPs DE PARAUAPEBAS.pdf,2025-11-26 17:57
68317-001,"Faisal Salmen, Doutor",rod,Prq Carajás,"68317-001 Faisal Salmen, Doutor - rod - Prq Carajás",NOVOS CEPs DE PARAUAPEBAS.pdf,2025-11-26 17:57
68310-460,"Faisal Salmen, Doutor",rod,União,"68310-460 Faisal Salmen, Doutor - rod - União",NOVOS CEPs DE PARAUAPEBAS.pdf,2025-11-26 17:57
68315-337,Faisão,tv,Cid Jardim,68315-337 Faisão - tv - Cid Jardim,NOVOS CEPs DE PARAUAPEBAS.pdf,2025-11-26 17:57
68315-335,Falcão,r,Cid Jardim,68315-335 Falcão - r - Cid Jardim,NOVOS CEPs DE PARAUAPEBAS.pdf,2025-11-26 17:57
68319-021,Farias,al,Tropical,68319-021 Farias - al - Tropical,NOVOS CEPs DE PARAUAPEBAS.pdf,2025-11-26 17:57
68312-065,Farias Brito,r,Jd Planalto,68312-065 Farias Brito - r - Jd Planalto,NOVOS CEPs DE PARAUAPEBAS.pdf,2025-11-26 17:57
68315-057,Faro,tv,Cid Jardim,68315-057 Faro - tv - Cid Jardim,NOVOS CEPs DE PARAUAPEBAS.pdf,2025-11-26 17:57
68312-184,Farol,r,Brasília,68312-184 Farol - r - Brasília,NOVOS CEPs DE PARAUAPEBAS.pdf,2025-11-26 17:57
68312-063,Farroupilha,r,Jd Planalto,68312-063 Farroupilha - r - Jd Planalto,NOVOS CEPs DE PARAUAPEBAS.pdf,2025-11-26 17:57
68318-600,Faruk Salmen,rod,FAP,68318-600 Faruk Salmen - rod - FAP,NOVOS CEPs DE PARAUAPEBAS.pdf,2025-11-26 17:57
68317-450,Faruk Salmen,rod,Jd Canadá,68317-450 Faruk Salmen - rod - Jd Canadá,NOVOS CEPs DE PARAUAPEBAS.pdf,2025-11-26 17:57
68310-284,Faruk Salmen,rod,Maranhão,68310-284 Faruk Salmen - rod - Maranhão,NOVOS CEPs DE PARAUAPEBAS.pdf,2025-11-26 17:57
68318-408,Faruk Salmen,rod,Novo Horizonte,68318-408 Faruk Salmen - rod - Novo Horizonte,NOVOS CEPs DE PARAUAPEBAS.pdf,2025-11-26 17:57
68319-300,Faruk Salmen,rod,Novo Viver,68319-300 Faruk Salmen - rod - Novo Viver,NOVOS CEPs DE PARAUAPEBAS.pdf,2025-11-26 17:57
68320-200,Faruk Salmen,rod,Palmares II,68320-200 Faruk Salmen - rod - Palmares II,NOVOS CEPs DE PARAUAPEBAS.pdf,2025-11-26 17:57
68320-001,Faruk Salmen,rod,Palmares Sul,68320-001 Faruk Salmen - rod - Palmares Sul,NOVOS CEPs DE PARAUAPEBAS.pdf,2025-11-26 17:57
68310-300,Faruk Salmen,rod,Primavera,68310-300 Faruk Salmen - rod - Primavera,NOVOS CEPs DE PARAUAPEBAS.pdf,2025-11-26 17:57
68318-546,Faruk Salmen,rod,Vl Rica,68318-546 Faruk Salmen - rod - Vl Rica,NOVOS CEPs DE PARAUAPEBAS.pdf,2025-11-26 17:57
68318-700,Faruk Salmen,rod,Vle Sol,68318-700 Faruk Salmen - rod - Vle Sol,NOVOS CEPs DE PARAUAPEBAS.pdf,2025-11-26 17:57
68318-526,"Fé, Santa",tv,Vl Rica,"68318-526 Fé, Santa - tv - Vl Rica",NOVOS CEPs DE PARAUAPEBAS.pdf,2025-11-26 17:57
68313-380,Feijó,tv,N Carajás,68313-380 Feijó - tv - N Carajás,NOVOS CEPs DE PARAUAPEBAS.pdf,2025-11-26 17:57
68319-161,Feitosa,r,Tropical,68319-161 Feitosa - r - Tropical,NOVOS CEPs DE PARAUAPEBAS.pdf,2025-11-26 17:57
68319-400,Feliciano Correia,r,Novo Viver,68319-400 Feliciano Correia - r - Novo Viver,NOVOS CEPs DE PARAUAPEBAS.pdf,2025-11-26 17:57
68312-037,Felisburgo,r,Jd Planalto,68312-037 Felisburgo - r - Jd Planalto,NOVOS CEPs DE PARAUAPEBAS.pdf,2025-11-26 17:57
68313-292,Fênix,r,Alvorá,68313-292 Fênix - r - Alvorá,NOVOS CEPs DE PARAUAPEBAS.pdf,2025-11-26 17:57
68319-336,Fernando Coutinho,tv,Novo Viver,68319-336 Fernando Coutinho - tv - Novo Viver,NOVOS CEPs DE PARAUAPEBAS.pdf,2025-11-26 17:57
68319-342,Fernando Guillhon,r,Novo Viver,68319-342 Fernando Guillhon - r - Novo Viver,NOVOS CEPs DE PARAUAPEBAS.pdf,2025-11-26 17:57
68311-350,Fernando Peixoto,r,Jd América,68311-350 Fernando Peixoto - r - Jd América,NOVOS CEPs DE PARAUAPEBAS.pdf,2025-11-26 17:57
68311-326,Fernando Pessoa,tv,Jd América,68311-326 Fernando Pessoa - tv - Jd América,NOVOS CEPs DE PARAUAPEBAS.pdf,2025-11-26 17:57
68310-684,Fernão Dias,r,LIberdade II,68310-684 Fernão Dias - r - LIberdade II,NOVOS CEPs DE PARAUAPEBAS.pdf,2025-11-26 17:57
68319-085,Ferreira,r,Tropical,68319-085 Ferreira - r - Tropical,NOVOS CEPs DE PARAUAPEBAS.pdf,2025-11-26 17:57
68314-009,Ferro Carajás,av,Polo Industrial,68314-009 Ferro Carajás - av - Polo Industrial,NOVOS CEPs DE PARAUAPEBAS.pdf,2025-11-26 17:57
68320-248,Fidel Castro,r,Palmares II,68320-248 Fidel Castro - r - Palmares II,NOVOS CEPs DE PARAUAPEBAS.pdf,2025-11-26 17:57
68312-166,Figo,r,Brasília,68312-166 Figo - r - Brasília,NOVOS CEPs DE PARAUAPEBAS.pdf,2025-11-26 17:57
68312-248,Figueira,r,Brasília,68312-248 Figueira - r - Brasília,NOVOS CEPs DE PARAUAPEBAS.pdf,2025-11-26 17:57
68315-713,Figueira,tv,Cid Jardim,68315-713 Figueira - tv - Cid Jardim,NOVOS CEPs DE PARAUAPEBAS.pdf,2025-11-26 17:57
68319-025,Figueiredo,tv,Tropical,68319-025 Figueiredo - tv - Tropical,NOVOS CEPs DE PARAUAPEBAS.pdf,2025-11-26 17:57
68310-836,Figueirense,r,N Vida,68310-836 Figueirense - r - N Vida,NOVOS CEPs DE PARAUAPEBAS.pdf,2025-11-26 17:57
68310-838,Figueirense,tv,N Vida,68310-838 Figueirense - tv - N Vida,NOVOS CEPs DE PARAUAPEBAS.pdf,2025-11-26 17:57
68318-746,Filândia,r,Vle Sol,68318-746 Filândia - r - Vle Sol,NOVOS CEPs DE PARAUAPEBAS.pdf,2025-11-26 17:57
68315-557,Filhore,r,Cid Jardim,68315-557 Filhore - r - Cid Jardim,NOVOS CEPs DE PARAUAPEBAS.pdf,2025-11-26 17:57
68317-672,Filipenses,r,At Bonito,68317-672 Filipenses - r - At Bonito,NOVOS CEPs DE PARAUAPEBAS.pdf,2025-11-26 17:57
68313-614,Filipinas,r,N Carajás,68313-614 Filipinas - r - N Carajás,NOVOS CEPs DE PARAUAPEBAS.pdf,2025-11-26 17:57
68311-362,Finlândia,r,Jd América,68311-362 Finlândia - r - Jd América,NOVOS CEPs DE PARAUAPEBAS.pdf,2025-11-26 17:57
68311-710,Finlândia,r,Prq Nações,68311-710 Finlândia - r - Prq Nações,NOVOS CEPs DE PARAUAPEBAS.pdf,2025-11-26 17:57
68312-276,Físalis,r,Brasília,68312-276 Físalis - r - Brasília,NOVOS CEPs DE PARAUAPEBAS.pdf,2025-11-26 17:57
68310-588,Flamboia,r,Liberdade I,68310-588 Flamboia - r - Liberdade I,NOVOS CEPs DE PARAUAPEBAS.pdf,2025-11-26 17:57
68317-350,Flamengo,tv,Beira Rio,68317-350 Flamengo - tv - Beira Rio,NOVOS CEPs DE PARAUAPEBAS.pdf,2025-11-26 17:57
68315-447,Flautim,tv,Cid Jardim,68315-447 Flautim - tv - Cid Jardim,NOVOS CEPs DE PARAUAPEBAS.pdf,2025-11-26 17:57
68315-717,Flecheiras,r,Cid Jardim,68315-717 Flecheiras - r - Cid Jardim,NOVOS CEPs DE PARAUAPEBAS.pdf,2025-11-26 17:57
68313-606,Flor de Carajás,av,N Carajás,68313-606 Flor de Carajás - av - N Carajás,NOVOS CEPs DE PARAUAPEBAS.pdf,2025-11-26 17:57
68317-474,Flor de Maio,r,Jd Canadá,68317-474 Flor de Maio - r - Jd Canadá,NOVOS CEPs DE PARAUAPEBAS.pdf,2025-11-26 17:57
68312-071,Floraí,r,Jd Planalto,68312-071 Floraí - r - Jd Planalto,NOVOS CEPs DE PARAUAPEBAS.pdf,2025-11-26 17:57
68312-075,Florânia,r,Jd Planalto,68312-075 Florânia - r - Jd Planalto,NOVOS CEPs DE PARAUAPEBAS.pdf,2025-11-26 17:57
68315-739,Floreira,tv,Cid Jardim,68315-739 Floreira - tv - Cid Jardim,NOVOS CEPs DE PARAUAPEBAS.pdf,2025-11-26 17:57
68313-392,Florença,r,N Carajás,68313-392 Florença - r - N Carajás,NOVOS CEPs DE PARAUAPEBAS.pdf,2025-11-26 17:57
68320-091,"Flores , das",r,Palmares Sul,"68320-091 Flores , das - r - Palmares Sul",NOVOS CEPs DE PARAUAPEBAS.pdf,2025-11-26 17:57
68313-542,Flores da Cunha,r,N Carajás,68313-542 Flores da Cunha - r - N Carajás,NOVOS CEPs DE PARAUAPEBAS.pdf,2025-11-26 17:57
68319-324,Florestan Fernandes,tv,Novo Viver,68319-324 Florestan Fernandes - tv - Novo Viver,NOVOS CEPs DE PARAUAPEBAS.pdf,2025-11-26 17:57
68313-190,Floriano,tv,Apoena,68313-190 Floriano - tv - Apoena,NOVOS CEPs DE PARAUAPEBAS.pdf,2025-11-26 17:57
68311-140,Floriano Peixoto,r,Esplanada,68311-140 Floriano Peixoto - r - Esplanada,NOVOS CEPs DE PARAUAPEBAS.pdf,2025-11-26 17:57
68310-314,Florianópolis,r,Primavera,68310-314 Florianópolis - r - Primavera,NOVOS CEPs DE PARAUAPEBAS.pdf,2025-11-26 17:57
68313-416,Flórida,r,N Carajás,68313-416 Flórida - r - N Carajás,NOVOS CEPs DE PARAUAPEBAS.pdf,2025-11-26 17:57
68319-502,Florida,r,Sta Luzia,68319-502 Florida - r - Sta Luzia,NOVOS CEPs DE PARAUAPEBAS.pdf,2025-11-26 17:57
68316-135,Floureto,r,Minérios,68316-135 Floureto - r - Minérios,NOVOS CEPs DE PARAUAPEBAS.pdf,2025-11-26 17:57
68319-041,Fonseca,r,Tropical,68319-041 Fonseca - r - Tropical,NOVOS CEPs DE PARAUAPEBAS.pdf,2025-11-26 17:57
68319-239,Fonteneles,tv,Tropical,68319-239 Fonteneles - tv - Tropical,NOVOS CEPs DE PARAUAPEBAS.pdf,2025-11-26 17:57
68313-164,"Fora, Juiz , de",r,Apoena,"68313-164 Fora, Juiz , de - r - Apoena",NOVOS CEPs DE PARAUAPEBAS.pdf,2025-11-26 17:57
68312-003,Formosa,r,Jd Planalto,68312-003 Formosa - r - Jd Planalto,NOVOS CEPs DE PARAUAPEBAS.pdf,2025-11-26 17:57
68310-186,Fortaleza,r,Rio Verde,68310-186 Fortaleza - r - Rio Verde,NOVOS CEPs DE PARAUAPEBAS.pdf,2025-11-26 17:57
68315-693,Forte,tv,Cid Jardim,68315-693 Forte - tv - Cid Jardim,NOVOS CEPs DE PARAUAPEBAS.pdf,2025-11-26 17:57
68315-607,Foz Iguaçu,tv,Cid Jardim,68315-607 Foz Iguaçu - tv - Cid Jardim,NOVOS CEPs DE PARAUAPEBAS.pdf,2025-11-26 17:57
68318-514,França,r,Vl Rica,68318-514 França - r - Vl Rica,NOVOS CEPs DE PARAUAPEBAS.pdf,2025-11-26 17:57
68319-374,Fracisco Coelho,r,Novo Viver,68319-374 Fracisco Coelho - r - Novo Viver,NOVOS CEPs DE PARAUAPEBAS.pdf,2025-11-26 17:57
68311-146,Frades,r,Esplanada,68311-146 Frades - r - Esplanada,NOVOS CEPs DE PARAUAPEBAS.pdf,2025-11-26 17:57
68312-286,Framboesa,r,Brasília,68312-286 Framboesa - r - Brasília,NOVOS CEPs DE PARAUAPEBAS.pdf,2025-11-26 17:57
68316-053,Frâncio,tv,Minérios,68316-053 Frâncio - tv - Minérios,NOVOS CEPs DE PARAUAPEBAS.pdf,2025-11-26 17:57
68319-364,Francisco Mendonça Furtado,r,Novo Viver,68319-364 Francisco Mendonça Furtado - r - Novo Viver,NOVOS CEPs DE PARAUAPEBAS.pdf,2025-11-26 17:57
68319-384,Francisco Pedro Vinagre,tv,Novo Viver,68319-384 Francisco Pedro Vinagre - tv - Novo Viver,NOVOS CEPs DE PARAUAPEBAS.pdf,2025-11-26 17:57
68318-532,Frankfurt,r,Vl Rica,68318-532 Frankfurt - r - Vl Rica,NOVOS CEPs DE PARAUAPEBAS.pdf,2025-11-26 17:57
68315-135,Freijó,tv,Cid Jardim,68315-135 Freijó - tv - Cid Jardim,NOVOS CEPs DE PARAUAPEBAS.pdf,2025-11-26 17:57
68319-049,Freire,tv,Tropical,68319-049 Freire - tv - Tropical,NOVOS CEPs DE PARAUAPEBAS.pdf,2025-11-26 17:57
68319-067,Freitas,tv,Tropical,68319-067 Freitas - tv - Tropical,NOVOS CEPs DE PARAUAPEBAS.pdf,2025-11-26 17:57
68315-323,Frida Khalo,r,Cid Jardim,68315-323 Frida Khalo - r - Cid Jardim,NOVOS CEPs DE PARAUAPEBAS.pdf,2025-11-26 17:57
68315-599,Furnas,tv,Cid Jardim,68315-599 Furnas - tv - Cid Jardim,NOVOS CEPs DE PARAUAPEBAS.pdf,2025-11-26 17:57
68315-711,Futuro,tv,Cid Jardim,68315-711 Futuro - tv - Cid Jardim,NOVOS CEPs DE PARAUAPEBAS.pdf,2025-11-26 17:57
68310-464,G,r,União,68310-464 G - r - União,NOVOS CEPs DE PARAUAPEBAS.pdf,2025-11-26 17:57
68312-204,Gabiroba,r,Brasília,68312-204 Gabiroba - r - Brasília,NOVOS CEPs DE PARAUAPEBAS.pdf,2025-11-26 17:57
68310-206,Gabriel Pimenta,r,Rio Verde,68310-206 Gabriel Pimenta - r - Rio Verde,NOVOS CEPs DE PARAUAPEBAS.pdf,2025-11-26 17:57
68315-403,Gabriel Rego Braga,av,Cid Jardim,68315-403 Gabriel Rego Braga - av - Cid Jardim,NOVOS CEPs DE PARAUAPEBAS.pdf,2025-11-26 17:57
68311-007,Gabus Mendes,r,Guanabara,68311-007 Gabus Mendes - r - Guanabara,NOVOS CEPs DE PARAUAPEBAS.pdf,2025-11-26 17:57
68315-531,Gaivota,r,Cid Jardim,68315-531 Gaivota - r - Cid Jardim,NOVOS CEPs DE PARAUAPEBAS.pdf,2025-11-26 17:57
68313-252,Galáxia,tv,Alvorá,68313-252 Galáxia - tv - Alvorá,NOVOS CEPs DE PARAUAPEBAS.pdf,2025-11-26 17:57
68316-025,Galena,tv,Minérios,68316-025 Galena - tv - Minérios,NOVOS CEPs DE PARAUAPEBAS.pdf,2025-11-26 17:57
68312-067,Gália,r,Jd Planalto,68312-067 Gália - r - Jd Planalto,NOVOS CEPs DE PARAUAPEBAS.pdf,2025-11-26 17:57
68317-630,Galileia,r,At Bonito,68317-630 Galileia - r - At Bonito,NOVOS CEPs DE PARAUAPEBAS.pdf,2025-11-26 17:57
68319-007,Galvão,r,Tropical,68319-007 Galvão - r - Tropical,NOVOS CEPs DE PARAUAPEBAS.pdf,2025-11-26 17:57
68319-105,Gama,r,Tropical,68319-105 Gama - r - Tropical,NOVOS CEPs DE PARAUAPEBAS.pdf,2025-11-26 17:57
68319-366,Gama Abreu,r,Novo Viver,68319-366 Gama Abreu - r - Novo Viver,NOVOS CEPs DE PARAUAPEBAS.pdf,2025-11-26 17:57
68312-031,Gameleira,r,Jd Planalto,68312-031 Gameleira - r - Jd Planalto,NOVOS CEPs DE PARAUAPEBAS.pdf,2025-11-26 17:57
68313-220,Gamma,tv,Alvorá,68313-220 Gamma - tv - Alvorá,NOVOS CEPs DE PARAUAPEBAS.pdf,2025-11-26 17:57
68313-496,Ganá,tv,N Carajás,68313-496 Ganá - tv - N Carajás,NOVOS CEPs DE PARAUAPEBAS.pdf,2025-11-26 17:57
68311-336,Gandhi,r,Jd América,68311-336 Gandhi - r - Jd América,NOVOS CEPs DE PARAUAPEBAS.pdf,2025-11-26 17:57
68313-011,Ganimedes,r,Novo Brasil,68313-011 Ganimedes - r - Novo Brasil,NOVOS CEPs DE PARAUAPEBAS.pdf,2025-11-26 17:57
68317-766,Garapeira,tv,Polo Moveleiro,68317-766 Garapeira - tv - Polo Moveleiro,NOVOS CEPs DE PARAUAPEBAS.pdf,2025-11-26 17:57
68315-701,Garapuá,tv,Cid Jardim,68315-701 Garapuá - tv - Cid Jardim,NOVOS CEPs DE PARAUAPEBAS.pdf,2025-11-26 17:57
68315-515,"Garças , das",r,Cid Jardim,"68315-515 Garças , das - r - Cid Jardim",NOVOS CEPs DE PARAUAPEBAS.pdf,2025-11-26 17:57
68319-117,Garcia,tv,Tropical,68319-117 Garcia - tv - Tropical,NOVOS CEPs DE PARAUAPEBAS.pdf,2025-11-26 17:57
68315-751,Gardênia,tv,Cid Jardim,68315-751 Gardênia - tv - Cid Jardim,NOVOS CEPs DE PARAUAPEBAS.pdf,2025-11-26 17:57
68311-532,Garibalde,r,Morada Nova,68311-532 Garibalde - r - Morada Nova,NOVOS CEPs DE PARAUAPEBAS.pdf,2025-11-26 17:57
68315-013,Garoupa,r,Cid Jardim,68315-013 Garoupa - r - Cid Jardim,NOVOS CEPs DE PARAUAPEBAS.pdf,2025-11-26 17:57
68315-485,Garoupa,tv,Cid Jardim,68315-485 Garoupa - tv - Cid Jardim,NOVOS CEPs DE PARAUAPEBAS.pdf,2025-11-26 17:57
68319-386,Gaspar Dutra,tv,Novo Viver,68319-386 Gaspar Dutra - tv - Novo Viver,NOVOS CEPs DE PARAUAPEBAS.pdf,2025-11-26 17:57
68310-680,Gaspar Viana,r,LIberdade II,68310-680 Gaspar Viana - r - LIberdade II,NOVOS CEPs DE PARAUAPEBAS.pdf,2025-11-26 17:57
68313-290,Gatria,r,Alvorá,68313-290 Gatria - r - Alvorá,NOVOS CEPs DE PARAUAPEBAS.pdf,2025-11-26 17:57
68315-449,Gaturamo,tv,Cid Jardim,68315-449 Gaturamo - tv - Cid Jardim,NOVOS CEPs DE PARAUAPEBAS.pdf,2025-11-26 17:57
68312-083,Gaurama,r,Jd Planalto,68312-083 Gaurama - r - Jd Planalto,NOVOS CEPs DE PARAUAPEBAS.pdf,2025-11-26 17:57
68315-549,Gavião,tv,Cid Jardim,68315-549 Gavião - tv - Cid Jardim,NOVOS CEPs DE PARAUAPEBAS.pdf,2025-11-26 17:57
68313-029,Gemini,r,Novo Brasil,68313-029 Gemini - r - Novo Brasil,NOVOS CEPs DE PARAUAPEBAS.pdf,2025-11-26 17:57
68318-764,Genebra,r,Vle Sol,68318-764 Genebra - r - Vle Sol,NOVOS CEPs DE PARAUAPEBAS.pdf,2025-11-26 17:57
68315-715,Genipabu,r,Cid Jardim,68315-715 Genipabu - r - Cid Jardim,NOVOS CEPs DE PARAUAPEBAS.pdf,2025-11-26 17:57
68313-582,Génova,r,N Carajás,68313-582 Génova - r - N Carajás,NOVOS CEPs DE PARAUAPEBAS.pdf,2025-11-26 17:57
68317-538,Gênova,tv,Jd Canadá,68317-538 Gênova - tv - Jd Canadá,NOVOS CEPs DE PARAUAPEBAS.pdf,2025-11-26 17:57
68319-312,Gentil Bittencourt,av,Novo Viver,68319-312 Gentil Bittencourt - av - Novo Viver,NOVOS CEPs DE PARAUAPEBAS.pdf,2025-11-26 17:57
68315-587,Geólogo Breno dos Santos,r,Cid Jardim,68315-587 Geólogo Breno dos Santos - r - Cid Jardim,NOVOS CEPs DE PARAUAPEBAS.pdf,2025-11-26 17:57
68319-520,Georgia,r,Sta Luzia,68319-520 Georgia - r - Sta Luzia,NOVOS CEPs DE PARAUAPEBAS.pdf,2025-11-26 17:57
68313-506,Georgia,tv,N Carajás,68313-506 Georgia - tv - N Carajás,NOVOS CEPs DE PARAUAPEBAS.pdf,2025-11-26 17:57
68317-516,Gerânios,r,Jd Canadá,68317-516 Gerânios - r - Jd Canadá,NOVOS CEPs DE PARAUAPEBAS.pdf,2025-11-26 17:57
68315-749,Gérbera,tv,Cid Jardim,68315-749 Gérbera - tv - Cid Jardim,NOVOS CEPs DE PARAUAPEBAS.pdf,2025-11-26 17:57
68312-150,Gervásio Antônio Morás,av,Brasília,68312-150 Gervásio Antônio Morás - av - Brasília,NOVOS CEPs DE PARAUAPEBAS.pdf,2025-11-26 17:57
68311-025,Gervásio Antônio Morás,av,Guanabara,68311-025 Gervásio Antônio Morás - av - Guanabara,NOVOS CEPs DE PARAUAPEBAS.pdf,2025-11-26 17:57
68311-328,Gervásio Antônio Morás,av,Jd América,68311-328 Gervásio Antônio Morás - av - Jd América,NOVOS CEPs DE PARAUAPEBAS.pdf,2025-11-26 17:57
68312-001,Gervásio Antônio Morás,av,Jd Planalto,68312-001 Gervásio Antônio Morás - av - Jd Planalto,NOVOS CEPs DE PARAUAPEBAS.pdf,2025-11-26 17:57
68311-464,Gervásio Antônio Morás,av,Morada Nova,68311-464 Gervásio Antônio Morás - av - Morada Nova,NOVOS CEPs DE PARAUAPEBAS.pdf,2025-11-26 17:57
68310-802,Gervásio Antônio Morás,av,N Vida,68310-802 Gervásio Antônio Morás - av - N Vida,NOVOS CEPs DE PARAUAPEBAS.pdf,2025-11-26 17:57
68310-039,Gervásio Antônio Morás,av,Paz,68310-039 Gervásio Antônio Morás - av - Paz,NOVOS CEPs DE PARAUAPEBAS.pdf,2025-11-26 17:57
68311-700,Gervásio Antônio Morás,av,Prq Nações,68311-700 Gervásio Antônio Morás - av - Prq Nações,NOVOS CEPs DE PARAUAPEBAS.pdf,2025-11-26 17:57
68320-085,Getúlio Vargas,r,Palmares Sul,68320-085 Getúlio Vargas - r - Palmares Sul,NOVOS CEPs DE PARAUAPEBAS.pdf,2025-11-26 17:57
68310-202,Getúlio Vargas,r,Rio Verde,68310-202 Getúlio Vargas - r - Rio Verde,NOVOS CEPs DE PARAUAPEBAS.pdf,2025-11-26 17:57
68317-614,Gideão,tv,At Bonito,68317-614 Gideão - tv - At Bonito,NOVOS CEPs DE PARAUAPEBAS.pdf,2025-11-26 17:57
68318-238,Gilbraltar,r,Altamira,68318-238 Gilbraltar - r - Altamira,NOVOS CEPs DE PARAUAPEBAS.pdf,2025-11-26 17:57
68318-530,Gilbraltar,r,Vl Rica,68318-530 Gilbraltar - r - Vl Rica,NOVOS CEPs DE PARAUAPEBAS.pdf,2025-11-26 17:57
68316-065,Gipsita,tv,Minérios,68316-065 Gipsita - tv - Minérios,NOVOS CEPs DE PARAUAPEBAS.pdf,2025-11-26 17:57
68315-169,Girassol,r,Cid Jardim,68315-169 Girassol - r - Cid Jardim,NOVOS CEPs DE PARAUAPEBAS.pdf,2025-11-26 17:57
68313-450,Girona,r,N Carajás,68313-450 Girona - r - N Carajás,NOVOS CEPs DE PARAUAPEBAS.pdf,2025-11-26 17:57
68312-033,Giruá,r,Jd Planalto,68312-033 Giruá - r - Jd Planalto,NOVOS CEPs DE PARAUAPEBAS.pdf,2025-11-26 17:57
68317-604,Glória,tv,At Bonito,68317-604 Glória - tv - At Bonito,NOVOS CEPs DE PARAUAPEBAS.pdf,2025-11-26 17:57
68311-388,Glória Maria,r,Jd América,68311-388 Glória Maria - r - Jd América,NOVOS CEPs DE PARAUAPEBAS.pdf,2025-11-26 17:57
68310-852,Glória Maria,r,N Vida,68310-852 Glória Maria - r - N Vida,NOVOS CEPs DE PARAUAPEBAS.pdf,2025-11-26 17:57
68319-143,Godoy,tv,Tropical,68319-143 Godoy - tv - Tropical,NOVOS CEPs DE PARAUAPEBAS.pdf,2025-11-26 17:57
68312-240,Goiabeira,r,Brasília,68312-240 Goiabeira - r - Brasília,NOVOS CEPs DE PARAUAPEBAS.pdf,2025-11-26 17:57
68315-261,Goianésia,r,Cid Jardim,68315-261 Goianésia - r - Cid Jardim,NOVOS CEPs DE PARAUAPEBAS.pdf,2025-11-26 17:57
68310-338,Goiânia,tv,Primavera,68310-338 Goiânia - tv - Primavera,NOVOS CEPs DE PARAUAPEBAS.pdf,2025-11-26 17:57
68315-011,Goiás,r,Cid Jardim,68315-011 Goiás - r - Cid Jardim,NOVOS CEPs DE PARAUAPEBAS.pdf,2025-11-26 17:57
68310-594,Goiás,r,Liberdade I,68310-594 Goiás - r - Liberdade I,NOVOS CEPs DE PARAUAPEBAS.pdf,2025-11-26 17:57
68317-049,Goitacaz,r,Prq Carajás,68317-049 Goitacaz - r - Prq Carajás,NOVOS CEPs DE PARAUAPEBAS.pdf,2025-11-26 17:57
68319-211,Gomes,tv,Tropical,68319-211 Gomes - tv - Tropical,NOVOS CEPs DE PARAUAPEBAS.pdf,2025-11-26 17:57
68319-175,Gonçalves,r,Tropical,68319-175 Gonçalves - r - Tropical,NOVOS CEPs DE PARAUAPEBAS.pdf,2025-11-26 17:57
68310-620,Gonçalves Dias,r,Liberdade I,68310-620 Gonçalves Dias - r - Liberdade I,NOVOS CEPs DE PARAUAPEBAS.pdf,2025-11-26 17:57
68319-095,Gouvêa,r,Tropical,68319-095 Gouvêa - r - Tropical,NOVOS CEPs DE PARAUAPEBAS.pdf,2025-11-26 17:57
68311-266,Graça Aranha,r,Caetanópolis,68311-266 Graça Aranha - r - Caetanópolis,NOVOS CEPs DE PARAUAPEBAS.pdf,2025-11-26 17:57
68311-011,Graça Aranha,r,Guanabara,68311-011 Graça Aranha - r - Guanabara,NOVOS CEPs DE PARAUAPEBAS.pdf,2025-11-26 17:57
68318-031,Grajau,r,Habitar Feliz,68318-031 Grajau - r - Habitar Feliz,NOVOS CEPs DE PARAUAPEBAS.pdf,2025-11-26 17:57
68310-268,Grajaú,tv,Maranhão,68310-268 Grajaú - tv - Maranhão,NOVOS CEPs DE PARAUAPEBAS.pdf,2025-11-26 17:57
68316-021,Granada,r,Minérios,68316-021 Granada - r - Minérios,NOVOS CEPs DE PARAUAPEBAS.pdf,2025-11-26 17:57
68318-159,Granjas,al,Habitar Feliz,68318-159 Granjas - al - Habitar Feliz,NOVOS CEPs DE PARAUAPEBAS.pdf,2025-11-26 17:57
68315-365,Graúna,tv,Cid Jardim,68315-365 Graúna - tv - Cid Jardim,NOVOS CEPs DE PARAUAPEBAS.pdf,2025-11-26 17:57
68312-216,Gravatá,r,Brasília,68312-216 Gravatá - r - Brasília,NOVOS CEPs DE PARAUAPEBAS.pdf,2025-11-26 17:57
68312-097,Gravatá,r,Jd Planalto,68312-097 Gravatá - r - Jd Planalto,NOVOS CEPs DE PARAUAPEBAS.pdf,2025-11-26 17:57
68312-035,Gravataí,r,Jd Planalto,68312-035 Gravataí - r - Jd Planalto,NOVOS CEPs DE PARAUAPEBAS.pdf,2025-11-26 17:57
68312-300,Graviola,r,Brasília,68312-300 Graviola - r - Brasília,NOVOS CEPs DE PARAUAPEBAS.pdf,2025-11-26 17:57
68318-330,Grécia,r,Betânia,68318-330 Grécia - r - Betânia,NOVOS CEPs DE PARAUAPEBAS.pdf,2025-11-26 17:57
68318-422,Grécia,r,Novo Horizonte,68318-422 Grécia - r - Novo Horizonte,NOVOS CEPs DE PARAUAPEBAS.pdf,2025-11-26 17:57
68310-820,Grêmio,r,N Vida,68310-820 Grêmio - r - N Vida,NOVOS CEPs DE PARAUAPEBAS.pdf,2025-11-26 17:57
68315-451,Grimpeiro,tv,Cid Jardim,68315-451 Grimpeiro - tv - Cid Jardim,NOVOS CEPs DE PARAUAPEBAS.pdf,2025-11-26 17:57
68312-218,Groselha,r,Brasília,68312-218 Groselha - r - Brasília,NOVOS CEPs DE PARAUAPEBAS.pdf,2025-11-26 17:57
68312-009,Grupiara,r,Jd Planalto,68312-009 Grupiara - r - Jd Planalto,NOVOS CEPs DE PARAUAPEBAS.pdf,2025-11-26 17:57
68312-302,Guabiju,r,Brasília,68312-302 Guabiju - r - Brasília,NOVOS CEPs DE PARAUAPEBAS.pdf,2025-11-26 17:57
68315-351,Guaco,r,Cid Jardim,68315-351 Guaco - r - Cid Jardim,NOVOS CEPs DE PARAUAPEBAS.pdf,2025-11-26 17:57
68318-075,Guaçu,r,Habitar Feliz,68318-075 Guaçu - r - Habitar Feliz,NOVOS CEPs DE PARAUAPEBAS.pdf,2025-11-26 17:57
68317-091,Guajará,r,Prq Carajás,68317-091 Guajará - r - Prq Carajás,NOVOS CEPs DE PARAUAPEBAS.pdf,2025-11-26 17:57
68311-172,Guajarina,r,Esplanada,68311-172 Guajarina - r - Esplanada,NOVOS CEPs DE PARAUAPEBAS.pdf,2025-11-26 17:57
68311-394,Guamá,r,Jd América,68311-394 Guamá - r - Jd América,NOVOS CEPs DE PARAUAPEBAS.pdf,2025-11-26 17:57
68317-248,Guamá,tv,Beira Rio,68317-248 Guamá - tv - Beira Rio,NOVOS CEPs DE PARAUAPEBAS.pdf,2025-11-26 17:57
68310-224,Guanabara,r,Rio Verde,68310-224 Guanabara - r - Rio Verde,NOVOS CEPs DE PARAUAPEBAS.pdf,2025-11-26 17:57
68315-005,Guanandi,r,Cid Jardim,68315-005 Guanandi - r - Cid Jardim,NOVOS CEPs DE PARAUAPEBAS.pdf,2025-11-26 17:57
68317-514,Guandu,r,Jd Canadá,68317-514 Guandu - r - Jd Canadá,NOVOS CEPs DE PARAUAPEBAS.pdf,2025-11-26 17:57
68318-109,Guaporé,tv,Habitar Feliz,68318-109 Guaporé - tv - Habitar Feliz,NOVOS CEPs DE PARAUAPEBAS.pdf,2025-11-26 17:57
68317-073,Guaraci,r,Prq Carajás,68317-073 Guaraci - r - Prq Carajás,NOVOS CEPs DE PARAUAPEBAS.pdf,2025-11-26 17:57
68310-184,Guarai,r,Rio Verde,68310-184 Guarai - r - Rio Verde,NOVOS CEPs DE PARAUAPEBAS.pdf,2025-11-26 17:57
68313-562,Guaraporé,r,N Carajás,68313-562 Guaraporé - r - N Carajás,NOVOS CEPs DE PARAUAPEBAS.pdf,2025-11-26 17:57
68315-559,Guarami,r,Cid Jardim,68315-559 Guarami - r - Cid Jardim,NOVOS CEPs DE PARAUAPEBAS.pdf,2025-11-26 17:57
68315-271,Guarani,tv,Cid Jardim,68315-271 Guarani - tv - Cid Jardim,NOVOS CEPs DE PARAUAPEBAS.pdf,2025-11-26 17:57
68313-526,Guarapari,tv,N Carajás,68313-526 Guarapari - tv - N Carajás,NOVOS CEPs DE PARAUAPEBAS.pdf,2025-11-26 17:57
68312-081,Guarinos,r,Jd Planalto,68312-081 Guarinos - r - Jd Planalto,NOVOS CEPs DE PARAUAPEBAS.pdf,2025-11-26 17:57
68315-705,Guaruja,tv,Cid Jardim,68315-705 Guaruja - tv - Cid Jardim,NOVOS CEPs DE PARAUAPEBAS.pdf,2025-11-26 17:57
68317-542,Guatambú,tv,Jd Canadá,68317-542 Guatambú - tv - Jd Canadá,NOVOS CEPs DE PARAUAPEBAS.pdf,2025-11-26 17:57
68311-814,Guatemala,r,Prq Nações,68311-814 Guatemala - r - Prq Nações,NOVOS CEPs DE PARAUAPEBAS.pdf,2025-11-26 17:57
68312-190,Guavira,r,Brasília,68312-190 Guavira - r - Brasília,NOVOS CEPs DE PARAUAPEBAS.pdf,2025-11-26 17:57
68315-499,Guaxe,tv,Cid Jardim,68315-499 Guaxe - tv - Cid Jardim,NOVOS CEPs DE PARAUAPEBAS.pdf,2025-11-26 17:57
68311-792,Guiana Francesa,r,Prq Nações,68311-792 Guiana Francesa - r - Prq Nações,NOVOS CEPs DE PARAUAPEBAS.pdf,2025-11-26 17:57
68311-274,Guimarães Rosa,r,Caetanópolis,68311-274 Guimarães Rosa - r - Caetanópolis,NOVOS CEPs DE PARAUAPEBAS.pdf,2025-11-26 17:57
68313-494,Guiné,tv,N Carajás,68313-494 Guiné - tv - N Carajás,NOVOS CEPs DE PARAUAPEBAS.pdf,2025-11-26 17:57
68311-794,Guiné Bissau,tv,Prq Nações,68311-794 Guiné Bissau - tv - Prq Nações,NOVOS CEPs DE PARAUAPEBAS.pdf,2025-11-26 17:57
68313-426,Guizé,tv,N Carajás,68313-426 Guizé - tv - N Carajás,NOVOS CEPs DE PARAUAPEBAS.pdf,2025-11-26 17:57
68315-455,Gurupá,r,Cid Jardim,68315-455 Gurupá - r - Cid Jardim,NOVOS CEPs DE PARAUAPEBAS.pdf,2025-11-26 17:57
68318-063,Gurupi,tv,Habitar Feliz,68318-063 Gurupi - tv - Habitar Feliz,NOVOS CEPs DE PARAUAPEBAS.pdf,2025-11-26 17:57
68310-466,H,r,União,68310-466 H - r - União,NOVOS CEPs DE PARAUAPEBAS.pdf,2025-11-26 17:57
68317-660,Habacuque,r,At Bonito,68317-660 Habacuque - r - At Bonito,NOVOS CEPs DE PARAUAPEBAS.pdf,2025-11-26 17:57
68315-561,Hadoque,r,Cid Jardim,68315-561 Hadoque - r - Cid Jardim,NOVOS CEPs DE PARAUAPEBAS.pdf,2025-11-26 17:57
68313-688,Haiti,r,N Carajás,68313-688 Haiti - r - N Carajás,NOVOS CEPs DE PARAUAPEBAS.pdf,2025-11-26 17:57
68313-644,Hanover,r,N Carajás,68313-644 Hanover - r - N Carajás,NOVOS CEPs DE PARAUAPEBAS.pdf,2025-11-26 17:57
68316-093,Hássio,al,Minérios,68316-093 Hássio - al - Minérios,NOVOS CEPs DE PARAUAPEBAS.pdf,2025-11-26 17:57
68316-101,Hássio,r,Minérios,68316-101 Hássio - r - Minérios,NOVOS CEPs DE PARAUAPEBAS.pdf,2025-11-26 17:57
68313-410,Havai,r,N Carajás,68313-410 Havai - r - N Carajás,NOVOS CEPs DE PARAUAPEBAS.pdf,2025-11-26 17:57
68318-528,Havana,av,Vl Rica,68318-528 Havana - av - Vl Rica,NOVOS CEPs DE PARAUAPEBAS.pdf,2025-11-26 17:57
68317-650,Hebraica,tv,At Bonito,68317-650 Hebraica - tv - At Bonito,NOVOS CEPs DE PARAUAPEBAS.pdf,2025-11-26 17:57
68317-294,Hegel,tv,Beira Rio,68317-294 Hegel - tv - Beira Rio,NOVOS CEPs DE PARAUAPEBAS.pdf,2025-11-26 17:57
68315-207,Helena,tv,Cid Jardim,68315-207 Helena - tv - Cid Jardim,NOVOS CEPs DE PARAUAPEBAS.pdf,2025-11-26 17:57
68310-096,"Helena, Santa",r,Rio Verde,"68310-096 Helena, Santa - r - Rio Verde",NOVOS CEPs DE PARAUAPEBAS.pdf,2025-11-26 17:57
68317-480,Helicônia,tv,Jd Canadá,68317-480 Helicônia - tv - Jd Canadá,NOVOS CEPs DE PARAUAPEBAS.pdf,2025-11-26 17:57
68319-404,Hélio Gueiros,r,Novo Viver,68319-404 Hélio Gueiros - r - Novo Viver,NOVOS CEPs DE PARAUAPEBAS.pdf,2025-11-26 17:57
68313-045,Helique,r,Novo Brasil,68313-045 Helique - r - Novo Brasil,NOVOS CEPs DE PARAUAPEBAS.pdf,2025-11-26 17:57
68315-327,Henri Matisse,tv,Cid Jardim,68315-327 Henri Matisse - tv - Cid Jardim,NOVOS CEPs DE PARAUAPEBAS.pdf,2025-11-26 17:57
68313-608,Henrique Andrade da Mota,av,N Carajás,68313-608 Henrique Andrade da Mota - av - N Carajás,NOVOS CEPs DE PARAUAPEBAS.pdf,2025-11-26 17:57
68319-394,Henrique Sabino,r,Novo Viver,68319-394 Henrique Sabino - r - Novo Viver,NOVOS CEPs DE PARAUAPEBAS.pdf,2025-11-26 17:57
68311-416,Henry Ford,r,Jd América,68311-416 Henry Ford - r - Jd América,NOVOS CEPs DE PARAUAPEBAS.pdf,2025-11-26 17:57
68311-108,Hermes da Fonseca,r,Paraíso,68311-108 Hermes da Fonseca - r - Paraíso,NOVOS CEPs DE PARAUAPEBAS.pdf,2025-11-26 17:57
68317-694,Herodes,tv,At Bonito,68317-694 Herodes - tv - At Bonito,NOVOS CEPs DE PARAUAPEBAS.pdf,2025-11-26 17:57
68313-532,Herval,r,N Carajás,68313-532 Herval - r - N Carajás,NOVOS CEPs DE PARAUAPEBAS.pdf,2025-11-26 17:57
68311-454,Herveira,r,Morada Nova,68311-454 Herveira - r - Morada Nova,NOVOS CEPs DE PARAUAPEBAS.pdf,2025-11-26 17:57
68315-219,Hibisco,r,Cid Jardim,68315-219 Hibisco - r - Cid Jardim,NOVOS CEPs DE PARAUAPEBAS.pdf,2025-11-26 17:57
68313-316,Hidra,tv,Alvorá,68313-316 Hidra - tv - Alvorá,NOVOS CEPs DE PARAUAPEBAS.pdf,2025-11-26 17:57
68315-385,Hipérico,r,Cid Jardim,68315-385 Hipérico - r - Cid Jardim,NOVOS CEPs DE PARAUAPEBAS.pdf,2025-11-26 17:57
68313-396,Holambra,r,N Carajás,68313-396 Holambra - r - N Carajás,NOVOS CEPs DE PARAUAPEBAS.pdf,2025-11-26 17:57
68311-760,Holanda,tv,Prq Nações,68311-760 Holanda - tv - Prq Nações,NOVOS CEPs DE PARAUAPEBAS.pdf,2025-11-26 17:57
68313-308,Homam,r,Alvorá,68313-308 Homam - r - Alvorá,NOVOS CEPs DE PARAUAPEBAS.pdf,2025-11-26 17:57
68313-610,Honduras,r,N Carajás,68313-610 Honduras - r - N Carajás,NOVOS CEPs DE PARAUAPEBAS.pdf,2025-11-26 17:57
68311-458,Honório,r,Morada Nova,68311-458 Honório - r - Morada Nova,NOVOS CEPs DE PARAUAPEBAS.pdf,2025-11-26 17:57
68317-642,Horebe,r,At Bonito,68317-642 Horebe - r - At Bonito,NOVOS CEPs DE PARAUAPEBAS.pdf,2025-11-26 17:57
68311-480,Horizontina,r,Morada Nova,68311-480 Horizontina - r - Morada Nova,NOVOS CEPs DE PARAUAPEBAS.pdf,2025-11-26 17:57
68317-458,Hortênsia,r,Jd Canadá,68317-458 Hortênsia - r - Jd Canadá,NOVOS CEPs DE PARAUAPEBAS.pdf,2025-11-26 17:57
68313-488,Houston,tv,N Carajás,68313-488 Houston - tv - N Carajás,NOVOS CEPs DE PARAUAPEBAS.pdf,2025-11-26 17:57
68317-620,Hozana,av,At Bonito,68317-620 Hozana - av - At Bonito,NOVOS CEPs DE PARAUAPEBAS.pdf,2025-11-26 17:57
68313-398,Humaitá,r,N Carajás,68313-398 Humaitá - r - N Carajás,NOVOS CEPs DE PARAUAPEBAS.pdf,2025-11-26 17:57
68311-252,Humberto de Campos,r,Caetanópolis,68311-252 Humberto de Campos - r - Caetanópolis,NOVOS CEPs DE PARAUAPEBAS.pdf,2025-11-26 17:57
68313-714,Hungria,tv,N Carajás,68313-714 Hungria - tv - N Carajás,NOVOS CEPs DE PARAUAPEBAS.pdf,2025-11-26 17:57
68317-204,I,av,Beira Rio,68317-204 I - av - Beira Rio,NOVOS CEPs DE PARAUAPEBAS.pdf,2025-11-26 17:57
68310-468,I,r,União,68310-468 I - r - União,NOVOS CEPs DE PARAUAPEBAS.pdf,2025-11-26 17:57
68317-029,Ianques,tv,Prq Carajás,68317-029 Ianques - tv - Prq Carajás,NOVOS CEPs DE PARAUAPEBAS.pdf,2025-11-26 17:57
68318-027,Iapó,r,Habitar Feliz,68318-027 Iapó - r - Habitar Feliz,NOVOS CEPs DE PARAUAPEBAS.pdf,2025-11-26 17:57
68318-714,Iaundé,r,Vle Sol,68318-714 Iaundé - r - Vle Sol,NOVOS CEPs DE PARAUAPEBAS.pdf,2025-11-26 17:57
68311-544,Ibatiba,tv,Morada Nova,68311-544 Ibatiba - tv - Morada Nova,NOVOS CEPs DE PARAUAPEBAS.pdf,2025-11-26 17:57
68311-482,Ibertioga,r,Morada Nova,68311-482 Ibertioga - r - Morada Nova,NOVOS CEPs DE PARAUAPEBAS.pdf,2025-11-26 17:57
68317-117,Ibiracema,r,Prq Carajás,68317-117 Ibiracema - r - Prq Carajás,NOVOS CEPs DE PARAUAPEBAS.pdf,2025-11-26 17:57
68313-514,Ibiraçu,r,N Carajás,68313-514 Ibiraçu - r - N Carajás,NOVOS CEPs DE PARAUAPEBAS.pdf,2025-11-26 17:57
68315-593,Ibirapuera,tv,Cid Jardim,68315-593 Ibirapuera - tv - Cid Jardim,NOVOS CEPs DE PARAUAPEBAS.pdf,2025-11-26 17:57
68313-576,Iconha,r,N Carajás,68313-576 Iconha - r - N Carajás,NOVOS CEPs DE PARAUAPEBAS.pdf,2025-11-26 17:57
68315-079,Igarapé-Mirim,tv,Cid Jardim,68315-079 Igarapé-Mirim - tv - Cid Jardim,NOVOS CEPs DE PARAUAPEBAS.pdf,2025-11-26 17:57
68318-025,Iguaçu,r,Habitar Feliz,68318-025 Iguaçu - r - Habitar Feliz,NOVOS CEPs DE PARAUAPEBAS.pdf,2025-11-26 17:57
68318-021,Iguará,tv,Habitar Feliz,68318-021 Iguará - tv - Habitar Feliz,NOVOS CEPs DE PARAUAPEBAS.pdf,2025-11-26 17:57
68315-673,Ilha Bela,tv,Cid Jardim,68315-673 Ilha Bela - tv - Cid Jardim,NOVOS CEPs DE PARAUAPEBAS.pdf,2025-11-26 17:57
68311-072,Ilha do Côco,r,Paraíso,68311-072 Ilha do Côco - r - Paraíso,NOVOS CEPs DE PARAUAPEBAS.pdf,2025-11-26 17:57
68315-341,Ilhampi,tv,Cid Jardim,68315-341 Ilhampi - tv - Cid Jardim,NOVOS CEPs DE PARAUAPEBAS.pdf,2025-11-26 17:57
68313-178,Ilhéus,r,Apoena,68313-178 Ilhéus - r - Apoena,NOVOS CEPs DE PARAUAPEBAS.pdf,2025-11-26 17:57
68310-254,Imperatriz,r,Maranhão,68310-254 Imperatriz - r - Maranhão,NOVOS CEPs DE PARAUAPEBAS.pdf,2025-11-26 17:57
68315-805,Inajá,r,Cid Jardim,68315-805 Inajá - r - Cid Jardim,NOVOS CEPs DE PARAUAPEBAS.pdf,2025-11-26 17:57
68317-298,Independente,r,Beira Rio,68317-298 Independente - r - Beira Rio,NOVOS CEPs DE PARAUAPEBAS.pdf,2025-11-26 17:57
68313-746,Índia,tv,N Carajás,68313-746 Índia - tv - N Carajás,NOVOS CEPs DE PARAUAPEBAS.pdf,2025-11-26 17:57
68319-536,Indiana,r,Sta Luzia,68319-536 Indiana - r - Sta Luzia,NOVOS CEPs DE PARAUAPEBAS.pdf,2025-11-26 17:57
68317-342,Indianopolis,tv,Beira Rio,68317-342 Indianopolis - tv - Beira Rio,NOVOS CEPs DE PARAUAPEBAS.pdf,2025-11-26 17:57
68313-742,Indonésia,r,N Carajás,68313-742 Indonésia - r - N Carajás,NOVOS CEPs DE PARAUAPEBAS.pdf,2025-11-26 17:57
68318-210,"Inês, Santa",r,Altamira,"68318-210 Inês, Santa - r - Altamira",NOVOS CEPs DE PARAUAPEBAS.pdf,2025-11-26 17:57
68315-791,Ingá,tv,Cid Jardim,68315-791 Ingá - tv - Cid Jardim,NOVOS CEPs DE PARAUAPEBAS.pdf,2025-11-26 17:57
68318-272,Inglaterra,av,Betânia,68318-272 Inglaterra - av - Betânia,NOVOS CEPs DE PARAUAPEBAS.pdf,2025-11-26 17:57
68318-420,Inglaterra,av,Novo Horizonte,68318-420 Inglaterra - av - Novo Horizonte,NOVOS CEPs DE PARAUAPEBAS.pdf,2025-11-26 17:57
68310-316,Inhangapi,r,Primavera,68310-316 Inhangapi - r - Primavera,NOVOS CEPs DE PARAUAPEBAS.pdf,2025-11-26 17:57
68315-197,Inhangapi,tv,Cid Jardim,68315-197 Inhangapi - tv - Cid Jardim,NOVOS CEPs DE PARAUAPEBAS.pdf,2025-11-26 17:57
68312-206,Inharé,r,Brasília,68312-206 Inharé - r - Brasília,NOVOS CEPs DE PARAUAPEBAS.pdf,2025-11-26 17:57
68315-209,Inocência,r,Cid Jardim,68315-209 Inocência - r - Cid Jardim,NOVOS CEPs DE PARAUAPEBAS.pdf,2025-11-26 17:57
68317-372,Internacional,tv,Beira Rio,68317-372 Internacional - tv - Beira Rio,NOVOS CEPs DE PARAUAPEBAS.pdf,2025-11-26 17:57
68316-137,Iodeto,tv,Minérios,68316-137 Iodeto - tv - Minérios,NOVOS CEPs DE PARAUAPEBAS.pdf,2025-11-26 17:57
68315-635,Ipanema,tv,Cid Jardim,68315-635 Ipanema - tv - Cid Jardim,NOVOS CEPs DE PARAUAPEBAS.pdf,2025-11-26 17:57
68313-464,Ipatinga,r,N Carajás,68313-464 Ipatinga - r - N Carajás,NOVOS CEPs DE PARAUAPEBAS.pdf,2025-11-26 17:57
68315-083,Ipê Amarelo,r,Cid Jardim,68315-083 Ipê Amarelo - r - Cid Jardim,NOVOS CEPs DE PARAUAPEBAS.pdf,2025-11-26 17:57
68315-095,Ipê Azul,r,Cid Jardim,68315-095 Ipê Azul - r - Cid Jardim,NOVOS CEPs DE PARAUAPEBAS.pdf,2025-11-26 17:57
68315-089,Ipê Branco,r,Cid Jardim,68315-089 Ipê Branco - r - Cid Jardim,NOVOS CEPs DE PARAUAPEBAS.pdf,2025-11-26 17:57
68315-105,Ipê Felpudo,tv,Cid Jardim,68315-105 Ipê Felpudo - tv - Cid Jardim,NOVOS CEPs DE PARAUAPEBAS.pdf,2025-11-26 17:57
68315-099,Ipê Laranja,tv,Cid Jardim,68315-099 Ipê Laranja - tv - Cid Jardim,NOVOS CEPs DE PARAUAPEBAS.pdf,2025-11-26 17:57
68315-097,Ipê Preto,r,Cid Jardim,68315-097 Ipê Preto - r - Cid Jardim,NOVOS CEPs DE PARAUAPEBAS.pdf,2025-11-26 17:57
68315-085,Ipê Rosa,r,Cid Jardim,68315-085 Ipê Rosa - r - Cid Jardim,NOVOS CEPs DE PARAUAPEBAS.pdf,2025-11-26 17:57
68315-087,Ipê Roxo,r,Cid Jardim,68315-087 Ipê Roxo - r - Cid Jardim,NOVOS CEPs DE PARAUAPEBAS.pdf,2025-11-26 17:57
68315-091,Ipê Verde,r,Cid Jardim,68315-091 Ipê Verde - r - Cid Jardim,NOVOS CEPs DE PARAUAPEBAS.pdf,2025-11-26 17:57
68315-101,Ipê Vermelho,r,Cid Jardim,68315-101 Ipê Vermelho - r - Cid Jardim,NOVOS CEPs DE PARAUAPEBAS.pdf,2025-11-26 17:57
68315-493,Ipecuá,tv,Cid Jardim,68315-493 Ipecuá - tv - Cid Jardim,NOVOS CEPs DE PARAUAPEBAS.pdf,2025-11-26 17:57
68315-093,Ipê-Mirim,r,Cid Jardim,68315-093 Ipê-Mirim - r - Cid Jardim,NOVOS CEPs DE PARAUAPEBAS.pdf,2025-11-26 17:57
68315-059,"Ipês , dos",av,Cid Jardim,"68315-059 Ipês , dos - av - Cid Jardim",NOVOS CEPs DE PARAUAPEBAS.pdf,2025-11-26 17:57
68317-468,Ipeúna,r,Jd Canadá,68317-468 Ipeúna - r - Jd Canadá,NOVOS CEPs DE PARAUAPEBAS.pdf,2025-11-26 17:57
68318-023,Ipiranga,tv,Habitar Feliz,68318-023 Ipiranga - tv - Habitar Feliz,NOVOS CEPs DE PARAUAPEBAS.pdf,2025-11-26 17:57
68315-125,Ipixuna,tv,Cid Jardim,68315-125 Ipixuna - tv - Cid Jardim,NOVOS CEPs DE PARAUAPEBAS.pdf,2025-11-26 17:57
68315-149,Ipoméia,tv,Cid Jardim,68315-149 Ipoméia - tv - Cid Jardim,NOVOS CEPs DE PARAUAPEBAS.pdf,2025-11-26 17:57
68315-273,Iracema,tv,Cid Jardim,68315-273 Iracema - tv - Cid Jardim,NOVOS CEPs DE PARAUAPEBAS.pdf,2025-11-26 17:57
68313-750,Iraque,r,N Carajás,68313-750 Iraque - r - N Carajás,NOVOS CEPs DE PARAUAPEBAS.pdf,2025-11-26 17:57
68315-497,Iraúna,tv,Cid Jardim,68315-497 Iraúna - tv - Cid Jardim,NOVOS CEPs DE PARAUAPEBAS.pdf,2025-11-26 17:57
68315-373,Irerê,tv,Cid Jardim,68315-373 Irerê - tv - Cid Jardim,NOVOS CEPs DE PARAUAPEBAS.pdf,2025-11-26 17:57
68316-147,Irídio,tv,Minérios,68316-147 Irídio - tv - Minérios,NOVOS CEPs DE PARAUAPEBAS.pdf,2025-11-26 17:57
68318-115,Iriri,al,Habitar Feliz,68318-115 Iriri - al - Habitar Feliz,NOVOS CEPs DE PARAUAPEBAS.pdf,2025-11-26 17:57
68317-462,Iris,tv,Jd Canadá,68317-462 Iris - tv - Jd Canadá,NOVOS CEPs DE PARAUAPEBAS.pdf,2025-11-26 17:57
68315-241,Irituia,tv,Cid Jardim,68315-241 Irituia - tv - Cid Jardim,NOVOS CEPs DE PARAUAPEBAS.pdf,2025-11-26 17:57
68311-770,Irlanda,r,Prq Nações,68311-770 Irlanda - r - Prq Nações,NOVOS CEPs DE PARAUAPEBAS.pdf,2025-11-26 17:57
68320-286,"Isabel, Santa",r,Palmares II,"68320-286 Isabel, Santa - r - Palmares II",NOVOS CEPs DE PARAUAPEBAS.pdf,2025-11-26 17:57
68317-628,"Isabel, Santa",tv,At Bonito,"68317-628 Isabel, Santa - tv - At Bonito",NOVOS CEPs DE PARAUAPEBAS.pdf,2025-11-26 17:57
68317-712,Israel,tv,At Bonito,68317-712 Israel - tv - At Bonito,NOVOS CEPs DE PARAUAPEBAS.pdf,2025-11-26 17:57
68317-304,Isabelense,av,Beira Rio,68317-304 Isabelense - av - Beira Rio,NOVOS CEPs DE PARAUAPEBAS.pdf,2025-11-26 17:57
68317-606,Isabelense,r,At Bonito,68317-606 Isabelense - r - At Bonito,NOVOS CEPs DE PARAUAPEBAS.pdf,2025-11-26 17:57
68315-331,Ismael Nery,r,Cid Jardim,68315-331 Ismael Nery - r - Cid Jardim,NOVOS CEPs DE PARAUAPEBAS.pdf,2025-11-26 17:57
68313-730,Istambul,r,N Carajás,68313-730 Istambul - r - N Carajás,NOVOS CEPs DE PARAUAPEBAS.pdf,2025-11-26 17:57
68313-156,Itabira,r,Apoena,68313-156 Itabira - r - Apoena,NOVOS CEPs DE PARAUAPEBAS.pdf,2025-11-26 17:57
68313-182,Itabuna,r,Apoena,68313-182 Itabuna - r - Apoena,NOVOS CEPs DE PARAUAPEBAS.pdf,2025-11-26 17:57
68318-212,Itacaiunas,r,Altamira,68318-212 Itacaiunas - r - Altamira,NOVOS CEPs DE PARAUAPEBAS.pdf,2025-11-26 17:57
68318-434,Itacaiunas,r,Novo Horizonte,68318-434 Itacaiunas - r - Novo Horizonte,NOVOS CEPs DE PARAUAPEBAS.pdf,2025-11-26 17:57
68318-500,Itacaiunas,r,Vl Rica,68318-500 Itacaiunas - r - Vl Rica,NOVOS CEPs DE PARAUAPEBAS.pdf,2025-11-26 17:57
68313-386,Itacajá,r,N Carajás,68313-386 Itacajá - r - N Carajás,NOVOS CEPs DE PARAUAPEBAS.pdf,2025-11-26 17:57
68313-816,Itaguaçu,tv,N Carajás,68313-816 Itaguaçu - tv - N Carajás,NOVOS CEPs DE PARAUAPEBAS.pdf,2025-11-26 17:57
68315-183,Itaituba,tv,Cid Jardim,68315-183 Itaituba - tv - Cid Jardim,NOVOS CEPs DE PARAUAPEBAS.pdf,2025-11-26 17:57
68310-200,Itajaí,tv,Rio Verde,68310-200 Itajaí - tv - Rio Verde,NOVOS CEPs DE PARAUAPEBAS.pdf,2025-11-26 17:57
68311-574,Itajuípe,tv,Morada Nova,68311-574 Itajuípe - tv - Morada Nova,NOVOS CEPs DE PARAUAPEBAS.pdf,2025-11-26 17:57
68313-790,Itália,r,N Carajás,68313-790 Itália - r - N Carajás,NOVOS CEPs DE PARAUAPEBAS.pdf,2025-11-26 17:57
68311-716,Itália,tv,Prq Nações,68311-716 Itália - tv - Prq Nações,NOVOS CEPs DE PARAUAPEBAS.pdf,2025-11-26 17:57
68311-132,Itamar Franco,tv,Esplanada,68311-132 Itamar Franco - tv - Esplanada,NOVOS CEPs DE PARAUAPEBAS.pdf,2025-11-26 17:57
68311-572,Itambé,tv,Morada Nova,68311-572 Itambé - tv - Morada Nova,NOVOS CEPs DE PARAUAPEBAS.pdf,2025-11-26 17:57
68313-570,Itapemirim,r,N Carajás,68313-570 Itapemirim - r - N Carajás,NOVOS CEPs DE PARAUAPEBAS.pdf,2025-11-26 17:57
68313-376,Itaporã,r,N Carajás,68313-376 Itaporã - r - N Carajás,NOVOS CEPs DE PARAUAPEBAS.pdf,2025-11-26 17:57
68313-524,Itapuca,tv,N Carajás,68313-524 Itapuca - tv - N Carajás,NOVOS CEPs DE PARAUAPEBAS.pdf,2025-11-26 17:57
68311-660,Itaré,tv,S Lucas,68311-660 Itaré - tv - S Lucas,NOVOS CEPs DE PARAUAPEBAS.pdf,2025-11-26 17:57
68315-661,Itatajuba,r,Cid Jardim,68315-661 Itatajuba - r - Cid Jardim,NOVOS CEPs DE PARAUAPEBAS.pdf,2025-11-26 17:57
68310-558,Itatiaia,tv,Liberdade I,68310-558 Itatiaia - tv - Liberdade I,NOVOS CEPs DE PARAUAPEBAS.pdf,2025-11-26 17:57
68317-546,Itauba,tv,Jd Canadá,68317-546 Itauba - tv - Jd Canadá,NOVOS CEPs DE PARAUAPEBAS.pdf,2025-11-26 17:57
68310-696,Itaúba,tv,LIberdade II,68310-696 Itaúba - tv - LIberdade II,NOVOS CEPs DE PARAUAPEBAS.pdf,2025-11-26 17:57
68318-155,Itaúna,tv,Habitar Feliz,68318-155 Itaúna - tv - Habitar Feliz,NOVOS CEPs DE PARAUAPEBAS.pdf,2025-11-26 17:57
68313-652,Itinga,tv,N Carajás,68313-652 Itinga - tv - N Carajás,NOVOS CEPs DE PARAUAPEBAS.pdf,2025-11-26 17:57
68317-282,Ituano,r,Beira Rio,68317-282 Ituano - r - Beira Rio,NOVOS CEPs DE PARAUAPEBAS.pdf,2025-11-26 17:57
68313-458,Iturama,r,N Carajás,68313-458 Iturama - r - N Carajás,NOVOS CEPs DE PARAUAPEBAS.pdf,2025-11-26 17:57
68311-364,Ivani Ribeiro,r,Jd América,68311-364 Ivani Ribeiro - r - Jd América,NOVOS CEPs DE PARAUAPEBAS.pdf,2025-11-26 17:57
68317-610,Izabelense,r,At Bonito,68317-610 Izabelense - r - At Bonito,NOVOS CEPs DE PARAUAPEBAS.pdf,2025-11-26 17:57
68310-470,J,r,União,68310-470 J - r - União,NOVOS CEPs DE PARAUAPEBAS.pdf,2025-11-26 17:57
68318-079,Jaboatão,tv,Habitar Feliz,68318-079 Jaboatão - tv - Habitar Feliz,NOVOS CEPs DE PARAUAPEBAS.pdf,2025-11-26 17:57
68315-347,Jaborandi,r,Cid Jardim,68315-347 Jaborandi - r - Cid Jardim,NOVOS CEPs DE PARAUAPEBAS.pdf,2025-11-26 17:57
68312-234,Jabuticaba,r,Brasília,68312-234 Jabuticaba - r - Brasília,NOVOS CEPs DE PARAUAPEBAS.pdf,2025-11-26 17:57
68315-345,Jaçanã,tv,Cid Jardim,68315-345 Jaçanã - tv - Cid Jardim,NOVOS CEPs DE PARAUAPEBAS.pdf,2025-11-26 17:57
68310-352,Jacarandá,tv,Primavera,68310-352 Jacarandá - tv - Primavera,NOVOS CEPs DE PARAUAPEBAS.pdf,2025-11-26 17:57
68315-761,Jacinto,tv,Cid Jardim,68315-761 Jacinto - tv - Cid Jardim,NOVOS CEPs DE PARAUAPEBAS.pdf,2025-11-26 17:57
68320-071,Jackson Lago,r,Palmares Sul,68320-071 Jackson Lago - r - Palmares Sul,NOVOS CEPs DE PARAUAPEBAS.pdf,2025-11-26 17:57
68318-314,Jacó,tv,Betânia,68318-314 Jacó - tv - Betânia,NOVOS CEPs DE PARAUAPEBAS.pdf,2025-11-26 17:57
68315-073,Jacundá,tv,Cid Jardim,68315-073 Jacundá - tv - Cid Jardim,NOVOS CEPs DE PARAUAPEBAS.pdf,2025-11-26 17:57
68317-300,Jacupiense,tv,Beira Rio,68317-300 Jacupiense - tv - Beira Rio,NOVOS CEPs DE PARAUAPEBAS.pdf,2025-11-26 17:57
68316-067,Jade,tv,Minérios,68316-067 Jade - tv - Minérios,NOVOS CEPs DE PARAUAPEBAS.pdf,2025-11-26 17:57
68318-151,Jaguari,tv,Habitar Feliz,68318-151 Jaguari - tv - Habitar Feliz,NOVOS CEPs DE PARAUAPEBAS.pdf,2025-11-26 17:57
68319-027,Jakson Souza,r,Tropical,68319-027 Jakson Souza - r - Tropical,NOVOS CEPs DE PARAUAPEBAS.pdf,2025-11-26 17:57
68315-283,Jalapa,tv,Cid Jardim,68315-283 Jalapa - tv - Cid Jardim,NOVOS CEPs DE PARAUAPEBAS.pdf,2025-11-26 17:57
68315-639,Jalapão,tv,Cid Jardim,68315-639 Jalapão - tv - Cid Jardim,NOVOS CEPs DE PARAUAPEBAS.pdf,2025-11-26 17:57
68318-702,Jamaica,r,Vle Sol,68318-702 Jamaica - r - Vle Sol,NOVOS CEPs DE PARAUAPEBAS.pdf,2025-11-26 17:57
68312-290,Jambo,r,Brasília,68312-290 Jambo - r - Brasília,NOVOS CEPs DE PARAUAPEBAS.pdf,2025-11-26 17:57
68315-215,Jambu,r,Cid Jardim,68315-215 Jambu - r - Cid Jardim,NOVOS CEPs DE PARAUAPEBAS.pdf,2025-11-26 17:57
68312-214,Jamelão,r,Brasília,68312-214 Jamelão - r - Brasília,NOVOS CEPs DE PARAUAPEBAS.pdf,2025-11-26 17:57
68320-234,Jamelão,r,Palmares II,68320-234 Jamelão - r - Palmares II,NOVOS CEPs DE PARAUAPEBAS.pdf,2025-11-26 17:57
68313-554,Jamena,tv,N Carajás,68313-554 Jamena - tv - N Carajás,NOVOS CEPs DE PARAUAPEBAS.pdf,2025-11-26 17:57
68319-304,Jamie Lener,r,Novo Viver,68319-304 Jamie Lener - r - Novo Viver,NOVOS CEPs DE PARAUAPEBAS.pdf,2025-11-26 17:57
68311-478,Janaúba,r,Morada Nova,68311-478 Janaúba - r - Morada Nova,NOVOS CEPs DE PARAUAPEBAS.pdf,2025-11-26 17:57
68315-551,Jandaia,tv,Cid Jardim,68315-551 Jandaia - tv - Cid Jardim,NOVOS CEPs DE PARAUAPEBAS.pdf,2025-11-26 17:57
68311-130,Jânio Quadros,r,Esplanada,68311-130 Jânio Quadros - r - Esplanada,NOVOS CEPs DE PARAUAPEBAS.pdf,2025-11-26 17:57
68311-090,Jânio Quadros,r,Paraíso,68311-090 Jânio Quadros - r - Paraíso,NOVOS CEPs DE PARAUAPEBAS.pdf,2025-11-26 17:57
68311-764,Japão,tv,Prq Nações,68311-764 Japão - tv - Prq Nações,NOVOS CEPs DE PARAUAPEBAS.pdf,2025-11-26 17:57
68317-218,Japiim,tv,Beira Rio,68317-218 Japiim - tv - Beira Rio,NOVOS CEPs DE PARAUAPEBAS.pdf,2025-11-26 17:57
68317-472,Japônica,tv,Jd Canadá,68317-472 Japônica - tv - Jd Canadá,NOVOS CEPs DE PARAUAPEBAS.pdf,2025-11-26 17:57
68315-489,Japuaçu,tv,Cid Jardim,68315-489 Japuaçu - tv - Cid Jardim,NOVOS CEPs DE PARAUAPEBAS.pdf,2025-11-26 17:57
68312-186,Jaqueira,r,Brasília,68312-186 Jaqueira - r - Brasília,NOVOS CEPs DE PARAUAPEBAS.pdf,2025-11-26 17:57
68313-520,Jaquirana,tv,N Carajás,68313-520 Jaquirana - tv - N Carajás,NOVOS CEPs DE PARAUAPEBAS.pdf,2025-11-26 17:57
68312-308,Jaracatiá,r,Brasília,68312-308 Jaracatiá - r - Brasília,NOVOS CEPs DE PARAUAPEBAS.pdf,2025-11-26 17:57
68319-398,Jarbas Passarinho,tv,Novo Viver,68319-398 Jarbas Passarinho - tv - Novo Viver,NOVOS CEPs DE PARAUAPEBAS.pdf,2025-11-26 17:57
68311-468,Jardel Filho,r,Morada Nova,68311-468 Jardel Filho - r - Morada Nova,NOVOS CEPs DE PARAUAPEBAS.pdf,2025-11-26 17:57
68320-087,Jardim,r,Palmares Sul,68320-087 Jardim - r - Palmares Sul,NOVOS CEPs DE PARAUAPEBAS.pdf,2025-11-26 17:57
68315-609,Jardim Botânico,tv,Cid Jardim,68315-609 Jardim Botânico - tv - Cid Jardim,NOVOS CEPs DE PARAUAPEBAS.pdf,2025-11-26 17:57
68318-286,Jardim das Oliveiras,r,Betânia,68318-286 Jardim das Oliveiras - r - Betânia,NOVOS CEPs DE PARAUAPEBAS.pdf,2025-11-26 17:57
68311-214,Jardim do Ouro,tv,Linha Verde,68311-214 Jardim do Ouro - tv - Linha Verde,NOVOS CEPs DE PARAUAPEBAS.pdf,2025-11-26 17:57
68318-107,Jari,tv,Habitar Feliz,68318-107 Jari - tv - Habitar Feliz,NOVOS CEPs DE PARAUAPEBAS.pdf,2025-11-26 17:57
68317-522,Jasmim,tv,Jd Canadá,68317-522 Jasmim - tv - Jd Canadá,NOVOS CEPs DE PARAUAPEBAS.pdf,2025-11-26 17:57
68315-565,Jaú,tv,Cid Jardim,68315-565 Jaú - tv - Cid Jardim,NOVOS CEPs DE PARAUAPEBAS.pdf,2025-11-26 17:57
68317-041,Javaé,r,Prq Carajás,68317-041 Javaé - r - Prq Carajás,NOVOS CEPs DE PARAUAPEBAS.pdf,2025-11-26 17:57
68318-113,Javari,tv,Habitar Feliz,68318-113 Javari - tv - Habitar Feliz,NOVOS CEPs DE PARAUAPEBAS.pdf,2025-11-26 17:57
68315-833,Jenipapo,tv,Cid Jardim,68315-833 Jenipapo - tv - Cid Jardim,NOVOS CEPs DE PARAUAPEBAS.pdf,2025-11-26 17:57
68315-825,Jequirirti,r,Cid Jardim,68315-825 Jequirirti - r - Cid Jardim,NOVOS CEPs DE PARAUAPEBAS.pdf,2025-11-26 17:57
68312-162,Jequitibá,r,Brasília,68312-162 Jequitibá - r - Brasília,NOVOS CEPs DE PARAUAPEBAS.pdf,2025-11-26 17:57
68317-658,Jeremias,r,At Bonito,68317-658 Jeremias - r - At Bonito,NOVOS CEPs DE PARAUAPEBAS.pdf,2025-11-26 17:57
68310-134,Jericó,tv,Rio Verde,68310-134 Jericó - tv - Rio Verde,NOVOS CEPs DE PARAUAPEBAS.pdf,2025-11-26 17:57
68315-829,Jerivá,tv,Cid Jardim,68315-829 Jerivá - tv - Cid Jardim,NOVOS CEPs DE PARAUAPEBAS.pdf,2025-11-26 17:57
68318-522,Jerusalém,r,Vl Rica,68318-522 Jerusalém - r - Vl Rica,NOVOS CEPs DE PARAUAPEBAS.pdf,2025-11-26 17:57
68313-768,Jibuti,tv,N Carajás,68313-768 Jibuti - tv - N Carajás,NOVOS CEPs DE PARAUAPEBAS.pdf,2025-11-26 17:57
68319-119,Jimenez,r,Tropical,68319-119 Jimenez - r - Tropical,NOVOS CEPs DE PARAUAPEBAS.pdf,2025-11-26 17:57
68310-832,Ji-Paraná,r,N Vida,68310-832 Ji-Paraná - r - N Vida,NOVOS CEPs DE PARAUAPEBAS.pdf,2025-11-26 17:57
68311-512,Jitaúna,r,Morada Nova,68311-512 Jitaúna - r - Morada Nova,NOVOS CEPs DE PARAUAPEBAS.pdf,2025-11-26 17:57
68317-498,Jitirana,tv,Jd Canadá,68317-498 Jitirana - tv - Jd Canadá,NOVOS CEPs DE PARAUAPEBAS.pdf,2025-11-26 17:57
68319-360,João Alfredo,r,Novo Viver,68319-360 João Alfredo - r - Novo Viver,NOVOS CEPs DE PARAUAPEBAS.pdf,2025-11-26 17:57
68310-638,João Batista Figueiredo,tv,Liberdade I,68310-638 João Batista Figueiredo - tv - Liberdade I,NOVOS CEPs DE PARAUAPEBAS.pdf,2025-11-26 17:57
68311-390,João Bosco,r,Jd América,68311-390 João Bosco - r - Jd América,NOVOS CEPs DE PARAUAPEBAS.pdf,2025-11-26 17:57
68310-854,João Bosco,r,N Vida,68310-854 João Bosco - r - N Vida,NOVOS CEPs DE PARAUAPEBAS.pdf,2025-11-26 17:57
68310-564,João Brito,r,Liberdade I,68310-564 João Brito - r - Liberdade I,NOVOS CEPs DE PARAUAPEBAS.pdf,2025-11-26 17:57
68320-065,João Brito,r,Palmares Sul,68320-065 João Brito - r - Palmares Sul,NOVOS CEPs DE PARAUAPEBAS.pdf,2025-11-26 17:57
68315-521,João de Barro,tv,Cid Jardim,68315-521 João de Barro - tv - Cid Jardim,NOVOS CEPs DE PARAUAPEBAS.pdf,2025-11-26 17:57
68320-069,João Figueiredo,r,Palmares Sul,68320-069 João Figueiredo - r - Palmares Sul,NOVOS CEPs DE PARAUAPEBAS.pdf,2025-11-26 17:57
68315-431,João Gilberto,r,Cid Jardim,68315-431 João Gilberto - r - Cid Jardim,NOVOS CEPs DE PARAUAPEBAS.pdf,2025-11-26 17:57
68311-104,João Goulart,r,Paraíso,68311-104 João Goulart - r - Paraíso,NOVOS CEPs DE PARAUAPEBAS.pdf,2025-11-26 17:57
68318-240,João Paulo II,r,Altamira,68318-240 João Paulo II - r - Altamira,NOVOS CEPs DE PARAUAPEBAS.pdf,2025-11-26 17:57
68318-534,João Paulo II,tv,Vl Rica,68318-534 João Paulo II - tv - Vl Rica,NOVOS CEPs DE PARAUAPEBAS.pdf,2025-11-26 17:57
68310-582,João Pessoa,r,Liberdade I,68310-582 João Pessoa - r - Liberdade I,NOVOS CEPs DE PARAUAPEBAS.pdf,2025-11-26 17:57
68320-043,João Pessoa,r,Palmares Sul,68320-043 João Pessoa - r - Palmares Sul,NOVOS CEPs DE PARAUAPEBAS.pdf,2025-11-26 17:57
68311-142,João Pilatos,av,Esplanada,68311-142 João Pilatos - av - Esplanada,NOVOS CEPs DE PARAUAPEBAS.pdf,2025-11-26 17:57
68311-206,João Pilatos,av,Linha Verde,68311-206 João Pilatos - av - Linha Verde,NOVOS CEPs DE PARAUAPEBAS.pdf,2025-11-26 17:57
68310-776,João Prudêncio de Brito,r,N Vida,68310-776 João Prudêncio de Brito - r - N Vida,NOVOS CEPs DE PARAUAPEBAS.pdf,2025-11-26 17:57
68310-058,João Prudêncio de Brito,r,Paz,68310-058 João Prudêncio de Brito - r - Paz,NOVOS CEPs DE PARAUAPEBAS.pdf,2025-11-26 17:57
68310-182,João Prudêncio de Brito,r,Rio Verde,68310-182 João Prudêncio de Brito - r - Rio Verde,NOVOS CEPs DE PARAUAPEBAS.pdf,2025-11-26 17:57
68320-077,Joares Firmino,r,Palmares Sul,68320-077 Joares Firmino - r - Palmares Sul,NOVOS CEPs DE PARAUAPEBAS.pdf,2025-11-26 17:57
68320-216,Jorel de Souza,r,Palmares II,68320-216 Jorel de Souza - r - Palmares II,NOVOS CEPs DE PARAUAPEBAS.pdf,2025-11-26 17:57
68311-250,Jorge Amado,r,Caetanópolis,68311-250 Jorge Amado - r - Caetanópolis,NOVOS CEPs DE PARAUAPEBAS.pdf,2025-11-26 17:57
68311-009,Jorge Amado,r,Guanabara,68311-009 Jorge Amado - r - Guanabara,NOVOS CEPs DE PARAUAPEBAS.pdf,2025-11-26 17:57
68315-603,José Bonifácio,av,Cid Jardim,68315-603 José Bonifácio - av - Cid Jardim,NOVOS CEPs DE PARAUAPEBAS.pdf,2025-11-26 17:57
68311-418,José Braz Araripe,tv,Jd América,68311-418 José Braz Araripe - tv - Jd América,NOVOS CEPs DE PARAUAPEBAS.pdf,2025-11-26 17:57
68311-270,José de Alencar,r,Caetanópolis,68311-270 José de Alencar - r - Caetanópolis,NOVOS CEPs DE PARAUAPEBAS.pdf,2025-11-26 17:57
68311-037,José de Alencar,r,Guanabara,68311-037 José de Alencar - r - Guanabara,NOVOS CEPs DE PARAUAPEBAS.pdf,2025-11-26 17:57
68310-568,José de Anchieta,tv,Liberdade I,68310-568 José de Anchieta - tv - Liberdade I,NOVOS CEPs DE PARAUAPEBAS.pdf,2025-11-26 17:57
68318-338,José do Egito,r,Betânia,68318-338 José do Egito - r - Betânia,NOVOS CEPs DE PARAUAPEBAS.pdf,2025-11-26 17:57
68311-066,José Linhares,r,Paraíso,68311-066 José Linhares - r - Paraíso,NOVOS CEPs DE PARAUAPEBAS.pdf,2025-11-26 17:57
68319-314,José Olímpio,r,Novo Viver,68319-314 José Olímpio - r - Novo Viver,NOVOS CEPs DE PARAUAPEBAS.pdf,2025-11-26 17:57
68315-781,José Malcher,av,Cid Jardim,68315-781 José Malcher - av - Cid Jardim,NOVOS CEPs DE PARAUAPEBAS.pdf,2025-11-26 17:57
68311-484,José Maria Caetano,r,Morada Nova,68311-484 José Maria Caetano - r - Morada Nova,NOVOS CEPs DE PARAUAPEBAS.pdf,2025-11-26 17:57
68315-649,José Neves,r,Cid Jardim,68315-649 José Neves - r - Cid Jardim,NOVOS CEPs DE PARAUAPEBAS.pdf,2025-11-26 17:57
68315-287,Juá,tv,Cid Jardim,68315-287 Juá - tv - Cid Jardim,NOVOS CEPs DE PARAUAPEBAS.pdf,2025-11-26 17:57
68315-239,Jucá,r,Cid Jardim,68315-239 Jucá - r - Cid Jardim,NOVOS CEPs DE PARAUAPEBAS.pdf,2025-11-26 17:57
68317-510,Juçara,tv,Jd Canadá,68317-510 Juçara - tv - Jd Canadá,NOVOS CEPs DE PARAUAPEBAS.pdf,2025-11-26 17:57
68317-698,Judá,tv,At Bonito,68317-698 Judá - tv - At Bonito,NOVOS CEPs DE PARAUAPEBAS.pdf,2025-11-26 17:57
68317-652,Judeia,tv,At Bonito,68317-652 Judeia - tv - At Bonito,NOVOS CEPs DE PARAUAPEBAS.pdf,2025-11-26 17:57
68311-064,Júlio Prestes,r,Paraíso,68311-064 Júlio Prestes - r - Paraíso,NOVOS CEPs DE PARAUAPEBAS.pdf,2025-11-26 17:57
68315-573,Jundiá,r,Cid Jardim,68315-573 Jundiá - r - Cid Jardim,NOVOS CEPs DE PARAUAPEBAS.pdf,2025-11-26 17:57
68311-472,Jundiaí,r,Morada Nova,68311-472 Jundiaí - r - Morada Nova,NOVOS CEPs DE PARAUAPEBAS.pdf,2025-11-26 17:57
68311-470,Junqueira,r,Morada Nova,68311-470 Junqueira - r - Morada Nova,NOVOS CEPs DE PARAUAPEBAS.pdf,2025-11-26 17:57
68313-214,Júpiter,tv,Alvorá,68313-214 Júpiter - tv - Alvorá,NOVOS CEPs DE PARAUAPEBAS.pdf,2025-11-26 17:57
68318-157,Juqueri,tv,Habitar Feliz,68318-157 Juqueri - tv - Habitar Feliz,NOVOS CEPs DE PARAUAPEBAS.pdf,2025-11-26 17:57
68311-518,Juquiá,tv,Morada Nova,68311-518 Juquiá - tv - Morada Nova,NOVOS CEPs DE PARAUAPEBAS.pdf,2025-11-26 17:57
68315-677,Jurerê,r,Cid Jardim,68315-677 Jurerê - r - Cid Jardim,NOVOS CEPs DE PARAUAPEBAS.pdf,2025-11-26 17:57
68318-111,Juruá,tv,Habitar Feliz,68318-111 Juruá - tv - Habitar Feliz,NOVOS CEPs DE PARAUAPEBAS.pdf,2025-11-26 17:57
68318-047,Juruena,tv,Habitar Feliz,68318-047 Juruena - tv - Habitar Feliz,NOVOS CEPs DE PARAUAPEBAS.pdf,2025-11-26 17:57
68317-274,Jurunas,tv,Beira Rio,68317-274 Jurunas - tv - Beira Rio,NOVOS CEPs DE PARAUAPEBAS.pdf,2025-11-26 17:57
68315-075,Juruti,tv,Cid Jardim,68315-075 Juruti - tv - Cid Jardim,NOVOS CEPs DE PARAUAPEBAS.pdf,2025-11-26 17:57
68310-208,Juscelino Kubitschek,r,Rio Verde,68310-208 Juscelino Kubitschek - r - Rio Verde,NOVOS CEPs DE PARAUAPEBAS.pdf,2025-11-26 17:57
68319-346,Justo Chermon,r,Novo Viver,68319-346 Justo Chermon - r - Novo Viver,NOVOS CEPs DE PARAUAPEBAS.pdf,2025-11-26 17:57
68317-358,Juventude,tv,Beira Rio,68317-358 Juventude - tv - Beira Rio,NOVOS CEPs DE PARAUAPEBAS.pdf,2025-11-26 17:57
68317-326,Juventus,r,Beira Rio,68317-326 Juventus - r - Beira Rio,NOVOS CEPs DE PARAUAPEBAS.pdf,2025-11-26 17:57
68310-494,K,r,União,68310-494 K - r - União,NOVOS CEPs DE PARAUAPEBAS.pdf,2025-11-26 17:57
68317-033,Kaapor,tv,Prq Carajás,68317-033 Kaapor - tv - Prq Carajás,NOVOS CEPs DE PARAUAPEBAS.pdf,2025-11-26 17:57
68315-753,Kalachoê,tv,Cid Jardim,68315-753 Kalachoê - tv - Cid Jardim,NOVOS CEPs DE PARAUAPEBAS.pdf,2025-11-26 17:57
68317-079,Kalapalo,r,Prq Carajás,68317-079 Kalapalo - r - Prq Carajás,NOVOS CEPs DE PARAUAPEBAS.pdf,2025-11-26 17:57
68317-055,Kanindé,r,Prq Carajás,68317-055 Kanindé - r - Prq Carajás,NOVOS CEPs DE PARAUAPEBAS.pdf,2025-11-26 17:57
68317-019,Kanoê,r,Prq Carajás,68317-019 Kanoê - r - Prq Carajás,NOVOS CEPs DE PARAUAPEBAS.pdf,2025-11-26 17:57
68319-518,Kansas,tv,Sta Luzia,68319-518 Kansas - tv - Sta Luzia,NOVOS CEPs DE PARAUAPEBAS.pdf,2025-11-26 17:57
68317-262,Kant,tv,Beira Rio,68317-262 Kant - tv - Beira Rio,NOVOS CEPs DE PARAUAPEBAS.pdf,2025-11-26 17:57
68317-089,Karajá,r,Prq Carajás,68317-089 Karajá - r - Prq Carajás,NOVOS CEPs DE PARAUAPEBAS.pdf,2025-11-26 17:57
68317-043,Karapanã,r,Prq Carajás,68317-043 Karapanã - r - Prq Carajás,NOVOS CEPs DE PARAUAPEBAS.pdf,2025-11-26 17:57
68313-047,Kari,av,Novo Brasil,68313-047 Kari - av - Novo Brasil,NOVOS CEPs DE PARAUAPEBAS.pdf,2025-11-26 17:57
68317-081,Kariri,r,Prq Carajás,68317-081 Kariri - r - Prq Carajás,NOVOS CEPs DE PARAUAPEBAS.pdf,2025-11-26 17:57
68313-812,Kasel,tv,N Carajás,68313-812 Kasel - tv - N Carajás,NOVOS CEPs DE PARAUAPEBAS.pdf,2025-11-26 17:57
68317-027,Kateté,tv,Prq Carajás,68317-027 Kateté - tv - Prq Carajás,NOVOS CEPs DE PARAUAPEBAS.pdf,2025-11-26 17:57
68317-095,Kaxinawás,r,Prq Carajás,68317-095 Kaxinawás - r - Prq Carajás,NOVOS CEPs DE PARAUAPEBAS.pdf,2025-11-26 17:57
68317-648,"Kennedy, Presidente",av,At Bonito,"68317-648 Kennedy, Presidente - av - At Bonito",NOVOS CEPs DE PARAUAPEBAS.pdf,2025-11-26 17:57
68317-226,"Kennedy, Presidente",av,Beira Rio,"68317-226 Kennedy, Presidente - av - Beira Rio",NOVOS CEPs DE PARAUAPEBAS.pdf,2025-11-26 17:57
68313-486,kenya,tv,N Carajás,68313-486 kenya - tv - N Carajás,NOVOS CEPs DE PARAUAPEBAS.pdf,2025-11-26 17:57
68313-588,Kiel,tv,N Carajás,68313-588 Kiel - tv - N Carajás,NOVOS CEPs DE PARAUAPEBAS.pdf,2025-11-26 17:57
68312-256,Kino,r,Brasília,68312-256 Kino - r - Brasília,NOVOS CEPs DE PARAUAPEBAS.pdf,2025-11-26 17:57
68317-021,Kopé,tv,Prq Carajás,68317-021 Kopé - tv - Prq Carajás,NOVOS CEPs DE PARAUAPEBAS.pdf,2025-11-26 17:57
68317-129,Krahô,tv,Prq Carajás,68317-129 Krahô - tv - Prq Carajás,NOVOS CEPs DE PARAUAPEBAS.pdf,2025-11-26 17:57
68317-059,Krenakoré,tv,Prq Carajás,68317-059 Krenakoré - tv - Prq Carajás,NOVOS CEPs DE PARAUAPEBAS.pdf,2025-11-26 17:57
68313-720,Kyoto,r,N Carajás,68313-720 Kyoto - r - N Carajás,NOVOS CEPs DE PARAUAPEBAS.pdf,2025-11-26 17:57
68310-472,L,r,União,68310-472 L - r - União,NOVOS CEPs DE PARAUAPEBAS.pdf,2025-11-26 17:57
68313-624,La Paz,tv,N Carajás,68313-624 La Paz - tv - N Carajás,NOVOS CEPs DE PARAUAPEBAS.pdf,2025-11-26 17:57
68319-019,Lacerda,r,Tropical,68319-019 Lacerda - r - Tropical,NOVOS CEPs DE PARAUAPEBAS.pdf,2025-11-26 17:57
68310-102,Lages,tv,Rio Verde,68310-102 Lages - tv - Rio Verde,NOVOS CEPs DE PARAUAPEBAS.pdf,2025-11-26 17:57
68317-220,Laginho,tv,Beira Rio,68317-220 Laginho - tv - Beira Rio,NOVOS CEPs DE PARAUAPEBAS.pdf,2025-11-26 17:57
68315-637,Lago Negro,tv,Cid Jardim,68315-637 Lago Negro - tv - Cid Jardim,NOVOS CEPs DE PARAUAPEBAS.pdf,2025-11-26 17:57
68315-495,Lagoa Azul,r,Cid Jardim,68315-495 Lagoa Azul - r - Cid Jardim,NOVOS CEPs DE PARAUAPEBAS.pdf,2025-11-26 17:57
68315-601,Lagoa do Paraíso,r,Cid Jardim,68315-601 Lagoa do Paraíso - r - Cid Jardim,NOVOS CEPs DE PARAUAPEBAS.pdf,2025-11-26 17:57
68310-136,Lagoinha,tv,Rio Verde,68310-136 Lagoinha - tv - Rio Verde,NOVOS CEPs DE PARAUAPEBAS.pdf,2025-11-26 17:57
68313-424,Lagos,r,N Carajás,68313-424 Lagos - r - N Carajás,NOVOS CEPs DE PARAUAPEBAS.pdf,2025-11-26 17:57
68315-483,Lagostim,tv,Cid Jardim,68315-483 Lagostim - tv - Cid Jardim,NOVOS CEPs DE PARAUAPEBAS.pdf,2025-11-26 17:57
68313-370,lajeado,tv,N Carajás,68313-370 lajeado - tv - N Carajás,NOVOS CEPs DE PARAUAPEBAS.pdf,2025-11-26 17:57
68315-563,Lambari,r,Cid Jardim,68315-563 Lambari - r - Cid Jardim,NOVOS CEPs DE PARAUAPEBAS.pdf,2025-11-26 17:57
68313-404,Laredo,r,N Carajás,68313-404 Laredo - r - N Carajás,NOVOS CEPs DE PARAUAPEBAS.pdf,2025-11-26 17:57
68318-524,Lauandê,r,Vl Rica,68318-524 Lauandê - r - Vl Rica,NOVOS CEPs DE PARAUAPEBAS.pdf,2025-11-26 17:57
68310-780,Lauro Corona,r,N Vida,68310-780 Lauro Corona - r - N Vida,NOVOS CEPs DE PARAUAPEBAS.pdf,2025-11-26 17:57
68310-057,Lauro Corona,r,Paz,68310-057 Lauro Corona - r - Paz,NOVOS CEPs DE PARAUAPEBAS.pdf,2025-11-26 17:57
68315-157,Lavanda,r,Cid Jardim,68315-157 Lavanda - r - Cid Jardim,NOVOS CEPs DE PARAUAPEBAS.pdf,2025-11-26 17:57
68311-380,Lavareda,r,Jd América,68311-380 Lavareda - r - Jd América,NOVOS CEPs DE PARAUAPEBAS.pdf,2025-11-26 17:57
68319-171,Leal,tv,Tropical,68319-171 Leal - tv - Tropical,NOVOS CEPs DE PARAUAPEBAS.pdf,2025-11-26 17:57
68315-375,Lenheiro,tv,Cid Jardim,68315-375 Lenheiro - tv - Cid Jardim,NOVOS CEPs DE PARAUAPEBAS.pdf,2025-11-26 17:57
68310-730,Leo Rosa,r,LIberdade II,68310-730 Leo Rosa - r - LIberdade II,NOVOS CEPs DE PARAUAPEBAS.pdf,2025-11-26 17:57
68313-436,Leocádia,r,N Carajás,68313-436 Leocádia - r - N Carajás,NOVOS CEPs DE PARAUAPEBAS.pdf,2025-11-26 17:57
68315-311,Leonardo da Vinci,r,Cid Jardim,68315-311 Leonardo da Vinci - r - Cid Jardim,NOVOS CEPs DE PARAUAPEBAS.pdf,2025-11-26 17:57
68310-574,Leonício Pires,tv,Liberdade I,68310-574 Leonício Pires - tv - Liberdade I,NOVOS CEPs DE PARAUAPEBAS.pdf,2025-11-26 17:57
68313-474,Leopoldina,r,N Carajás,68313-474 Leopoldina - r - N Carajás,NOVOS CEPs DE PARAUAPEBAS.pdf,2025-11-26 17:57
68319-031,Lermen,r,Tropical,68319-031 Lermen - r - Tropical,NOVOS CEPs DE PARAUAPEBAS.pdf,2025-11-26 17:57
68317-264,Leste,tv,Beira Rio,68317-264 Leste - tv - Beira Rio,NOVOS CEPs DE PARAUAPEBAS.pdf,2025-11-26 17:57
68311-746,Letónia,r,Prq Nações,68311-746 Letónia - r - Prq Nações,NOVOS CEPs DE PARAUAPEBAS.pdf,2025-11-26 17:57
68313-840,Letónia,tv,N Carajás,68313-840 Letónia - tv - N Carajás,NOVOS CEPs DE PARAUAPEBAS.pdf,2025-11-26 17:57
68315-233,Leucena,tv,Cid Jardim,68315-233 Leucena - tv - Cid Jardim,NOVOS CEPs DE PARAUAPEBAS.pdf,2025-11-26 17:57
68313-622,Líbano,r,N Carajás,68313-622 Líbano - r - N Carajás,NOVOS CEPs DE PARAUAPEBAS.pdf,2025-11-26 17:57
68311-156,Liberdade,av,Esplanada,68311-156 Liberdade - av - Esplanada,NOVOS CEPs DE PARAUAPEBAS.pdf,2025-11-26 17:57
68311-060,Liberdade,av,Paraíso,68311-060 Liberdade - av - Paraíso,NOVOS CEPs DE PARAUAPEBAS.pdf,2025-11-26 17:57
68310-003,Liberdade,av,Paz,68310-003 Liberdade - av - Paz,NOVOS CEPs DE PARAUAPEBAS.pdf,2025-11-26 17:57
68310-072,Liberdade,av,Rio Verde,68310-072 Liberdade - av - Rio Verde,NOVOS CEPs DE PARAUAPEBAS.pdf,2025-11-26 17:57
68310-462,Liberdade,av,União,68310-462 Liberdade - av - União,NOVOS CEPs DE PARAUAPEBAS.pdf,2025-11-26 17:57
68313-784,Libéria,r,N Carajás,68313-784 Libéria - r - N Carajás,NOVOS CEPs DE PARAUAPEBAS.pdf,2025-11-26 17:57
68313-764,Líbia,tv,N Carajás,68313-764 Líbia - tv - N Carajás,NOVOS CEPs DE PARAUAPEBAS.pdf,2025-11-26 17:57
68312-236,Lichia,r,Brasília,68312-236 Lichia - r - Brasília,NOVOS CEPs DE PARAUAPEBAS.pdf,2025-11-26 17:57
68312-306,Lima,r,Brasília,68312-306 Lima - r - Brasília,NOVOS CEPs DE PARAUAPEBAS.pdf,2025-11-26 17:57
68319-069,Lima,tv,Tropical,68319-069 Lima - tv - Tropical,NOVOS CEPs DE PARAUAPEBAS.pdf,2025-11-26 17:57
68310-672,Lima Sobrinho,r,LIberdade II,68310-672 Lima Sobrinho - r - LIberdade II,NOVOS CEPs DE PARAUAPEBAS.pdf,2025-11-26 17:57
68311-456,Limeira,r,Morada Nova,68311-456 Limeira - r - Morada Nova,NOVOS CEPs DE PARAUAPEBAS.pdf,2025-11-26 17:57
68312-244,Limoeira,r,Brasília,68312-244 Limoeira - r - Brasília,NOVOS CEPs DE PARAUAPEBAS.pdf,2025-11-26 17:57
68317-532,Limoeiro,tv,Jd Canadá,68317-532 Limoeiro - tv - Jd Canadá,NOVOS CEPs DE PARAUAPEBAS.pdf,2025-11-26 17:57
68320-220,Limoeiro,tv,Palmares II,68320-220 Limoeiro - tv - Palmares II,NOVOS CEPs DE PARAUAPEBAS.pdf,2025-11-26 17:57
68313-528,Linhares,tv,N Carajás,68313-528 Linhares - tv - N Carajás,NOVOS CEPs DE PARAUAPEBAS.pdf,2025-11-26 17:57
68315-231,Lírio Branco,tv,Cid Jardim,68315-231 Lírio Branco - tv - Cid Jardim,NOVOS CEPs DE PARAUAPEBAS.pdf,2025-11-26 17:57
68317-380,Lírio do Vale,tv,Beira Rio,68317-380 Lírio do Vale - tv - Beira Rio,NOVOS CEPs DE PARAUAPEBAS.pdf,2025-11-26 17:57
68317-492,Lis,tv,Jd Canadá,68317-492 Lis - tv - Jd Canadá,NOVOS CEPs DE PARAUAPEBAS.pdf,2025-11-26 17:57
68313-660,Lisboa,r,N Carajás,68313-660 Lisboa - r - N Carajás,NOVOS CEPs DE PARAUAPEBAS.pdf,2025-11-26 17:57
68315-755,Lisianto,tv,Cid Jardim,68315-755 Lisianto - tv - Cid Jardim,NOVOS CEPs DE PARAUAPEBAS.pdf,2025-11-26 17:57
68313-352,Litorânea,av,N Carajás,68313-352 Litorânea - av - N Carajás,NOVOS CEPs DE PARAUAPEBAS.pdf,2025-11-26 17:57
68313-372,Lizarda,tv,N Carajás,68313-372 Lizarda - tv - N Carajás,NOVOS CEPs DE PARAUAPEBAS.pdf,2025-11-26 17:57
68311-488,Loanda,tv,Morada Nova,68311-488 Loanda - tv - Morada Nova,NOVOS CEPs DE PARAUAPEBAS.pdf,2025-11-26 17:57
68313-051,Locasta,av,Novo Brasil,68313-051 Locasta - av - Novo Brasil,NOVOS CEPs DE PARAUAPEBAS.pdf,2025-11-26 17:57
68313-690,Londres,r,N Carajás,68313-690 Londres - r - N Carajás,NOVOS CEPs DE PARAUAPEBAS.pdf,2025-11-26 17:57
68310-828,Londrina,r,N Vida,68310-828 Londrina - r - N Vida,NOVOS CEPs DE PARAUAPEBAS.pdf,2025-11-26 17:57
68312-278,Longan,r,Brasília,68312-278 Longan - r - Brasília,NOVOS CEPs DE PARAUAPEBAS.pdf,2025-11-26 17:57
68319-115,Lopes,r,Tropical,68319-115 Lopes - r - Tropical,NOVOS CEPs DE PARAUAPEBAS.pdf,2025-11-26 17:57
68315-469,Lorenzo Ghiberti,r,Cid Jardim,68315-469 Lorenzo Ghiberti - r - Cid Jardim,NOVOS CEPs DE PARAUAPEBAS.pdf,2025-11-26 17:57
68311-490,Loreto,r,Morada Nova,68311-490 Loreto - r - Morada Nova,NOVOS CEPs DE PARAUAPEBAS.pdf,2025-11-26 17:57
68315-163,Lótus,tv,Cid Jardim,68315-163 Lótus - tv - Cid Jardim,NOVOS CEPs DE PARAUAPEBAS.pdf,2025-11-26 17:57
68315-395,Louro,tv,Cid Jardim,68315-395 Louro - tv - Cid Jardim,NOVOS CEPs DE PARAUAPEBAS.pdf,2025-11-26 17:57
68313-412,Lousiana,r,N Carajás,68313-412 Lousiana - r - N Carajás,NOVOS CEPs DE PARAUAPEBAS.pdf,2025-11-26 17:57
68318-033,Luanda,r,Habitar Feliz,68318-033 Luanda - r - Habitar Feliz,NOVOS CEPs DE PARAUAPEBAS.pdf,2025-11-26 17:57
68318-520,Luanda,r,Vl Rica,68318-520 Luanda - r - Vl Rica,NOVOS CEPs DE PARAUAPEBAS.pdf,2025-11-26 17:57
68313-566,Luca,r,N Carajás,68313-566 Luca - r - N Carajás,NOVOS CEPs DE PARAUAPEBAS.pdf,2025-11-26 17:57
68313-442,"Lúcia, Santa",tv,N Carajás,"68313-442 Lúcia, Santa - tv - N Carajás",NOVOS CEPs DE PARAUAPEBAS.pdf,2025-11-26 17:57
68315-213,Lucíola,r,Cid Jardim,68315-213 Lucíola - r - Cid Jardim,NOVOS CEPs DE PARAUAPEBAS.pdf,2025-11-26 17:57
68319-328,Luís Aranha,r,Novo Viver,68319-328 Luís Aranha - r - Novo Viver,NOVOS CEPs DE PARAUAPEBAS.pdf,2025-11-26 17:57
68315-665,Luís Correa,tv,Cid Jardim,68315-665 Luís Correa - tv - Cid Jardim,NOVOS CEPs DE PARAUAPEBAS.pdf,2025-11-26 17:57
68318-204,Luís Gama,tv,Altamira,68318-204 Luís Gama - tv - Altamira,NOVOS CEPs DE PARAUAPEBAS.pdf,2025-11-26 17:57
68311-262,Luís de Camões,r,Caetanópolis,68311-262 Luís de Camões - r - Caetanópolis,NOVOS CEPs DE PARAUAPEBAS.pdf,2025-11-26 17:57
68311-021,Luís Gonzaga,r,Guanabara,68311-021 Luís Gonzaga - r - Guanabara,NOVOS CEPs DE PARAUAPEBAS.pdf,2025-11-26 17:57
68310-798,Luís Gonzaga,r,N Vida,68310-798 Luís Gonzaga - r - N Vida,NOVOS CEPs DE PARAUAPEBAS.pdf,2025-11-26 17:57
68310-043,Luís Gonzaga,r,Paz,68310-043 Luís Gonzaga - r - Paz,NOVOS CEPs DE PARAUAPEBAS.pdf,2025-11-26 17:57
68310-112,"Luiza, Santa",r,Rio Verde,"68310-112 Luiza, Santa - r - Rio Verde",NOVOS CEPs DE PARAUAPEBAS.pdf,2025-11-26 17:57
68311-734,Lusaca,tv,Prq Nações,68311-734 Lusaca - tv - Prq Nações,NOVOS CEPs DE PARAUAPEBAS.pdf,2025-11-26 17:57
68315-203,Lusíadas,tv,Cid Jardim,68315-203 Lusíadas - tv - Cid Jardim,NOVOS CEPs DE PARAUAPEBAS.pdf,2025-11-26 17:57
68317-344,Luverdense,tv,Beira Rio,68317-344 Luverdense - tv - Beira Rio,NOVOS CEPs DE PARAUAPEBAS.pdf,2025-11-26 17:57
68313-734,Luxemburgo,r,N Carajás,68313-734 Luxemburgo - r - N Carajás,NOVOS CEPs DE PARAUAPEBAS.pdf,2025-11-26 17:57
68317-368,Luz da Lua,tv,Beira Rio,68317-368 Luz da Lua - tv - Beira Rio,NOVOS CEPs DE PARAUAPEBAS.pdf,2025-11-26 17:57
68317-366,Luz do Sol,tv,Beira Rio,68317-366 Luz do Sol - tv - Beira Rio,NOVOS CEPs DE PARAUAPEBAS.pdf,2025-11-26 17:57
68310-572,"Luzia, Santa",r,Liberdade I,"68310-572 Luzia, Santa - r - Liberdade I",NOVOS CEPs DE PARAUAPEBAS.pdf,2025-11-26 17:57
68315-317,Lygia Pape,tv,Cid Jardim,68315-317 Lygia Pape - tv - Cid Jardim,NOVOS CEPs DE PARAUAPEBAS.pdf,2025-11-26 17:57
68310-474,M,r,União,68310-474 M - r - União,NOVOS CEPs DE PARAUAPEBAS.pdf,2025-11-26 17:57
68317-626,Macabeus,r,At Bonito,68317-626 Macabeus - r - At Bonito,NOVOS CEPs DE PARAUAPEBAS.pdf,2025-11-26 17:57
68312-160,Macadâmia,r,Brasília,68312-160 Macadâmia - r - Brasília,NOVOS CEPs DE PARAUAPEBAS.pdf,2025-11-26 17:57
68318-091,Macaé,tv,Habitar Feliz,68318-091 Macaé - tv - Habitar Feliz,NOVOS CEPs DE PARAUAPEBAS.pdf,2025-11-26 17:57
68310-616,Macapá,r,Liberdade I,68310-616 Macapá - r - Liberdade I,NOVOS CEPs DE PARAUAPEBAS.pdf,2025-11-26 17:57
68310-714,Macapá,r,LIberdade II,68310-714 Macapá - r - LIberdade II,NOVOS CEPs DE PARAUAPEBAS.pdf,2025-11-26 17:57
68319-185,Macedo,r,Tropical,68319-185 Macedo - r - Tropical,NOVOS CEPs DE PARAUAPEBAS.pdf,2025-11-26 17:57
68318-266,Macedônia,r,Betânia,68318-266 Macedônia - r - Betânia,NOVOS CEPs DE PARAUAPEBAS.pdf,2025-11-26 17:57
68319-159,Machado,r,Tropical,68319-159 Machado - r - Tropical,NOVOS CEPs DE PARAUAPEBAS.pdf,2025-11-26 17:57
68310-566,Machado de Assis,al,Liberdade I,68310-566 Machado de Assis - al - Liberdade I,NOVOS CEPs DE PARAUAPEBAS.pdf,2025-11-26 17:57
68312-238,Macieira,r,Brasília,68312-238 Macieira - r - Brasília,NOVOS CEPs DE PARAUAPEBAS.pdf,2025-11-26 17:57
68318-043,Madeira,tv,Habitar Feliz,68318-043 Madeira - tv - Habitar Feliz,NOVOS CEPs DE PARAUAPEBAS.pdf,2025-11-26 17:57
68316-005,Madre Perola,tv,Minérios,68316-005 Madre Perola - tv - Minérios,NOVOS CEPs DE PARAUAPEBAS.pdf,2025-11-26 17:57
68318-242,Madre Tereza,r,Altamira,68318-242 Madre Tereza - r - Altamira,NOVOS CEPs DE PARAUAPEBAS.pdf,2025-11-26 17:57
68317-550,Madresilva,tv,Jd Canadá,68317-550 Madresilva - tv - Jd Canadá,NOVOS CEPs DE PARAUAPEBAS.pdf,2025-11-26 17:57
68319-059,Magalhães,r,Tropical,68319-059 Magalhães - r - Tropical,NOVOS CEPs DE PARAUAPEBAS.pdf,2025-11-26 17:57
68318-458,"Maganés , do",tv,Novo Horizonte,"68318-458 Maganés , do - tv - Novo Horizonte",NOVOS CEPs DE PARAUAPEBAS.pdf,2025-11-26 17:57
68316-077,Magnetita,r,Minérios,68316-077 Magnetita - r - Minérios,NOVOS CEPs DE PARAUAPEBAS.pdf,2025-11-26 17:57
68315-757,Magnólia,tv,Cid Jardim,68315-757 Magnólia - tv - Cid Jardim,NOVOS CEPs DE PARAUAPEBAS.pdf,2025-11-26 17:57
68317-290,Maguari,r,Beira Rio,68317-290 Maguari - r - Beira Rio,NOVOS CEPs DE PARAUAPEBAS.pdf,2025-11-26 17:57
68311-136,Maiandeua,r,Esplanada,68311-136 Maiandeua - r - Esplanada,NOVOS CEPs DE PARAUAPEBAS.pdf,2025-11-26 17:57
68319-534,Maine,r,Sta Luzia,68319-534 Maine - r - Sta Luzia,NOVOS CEPs DE PARAUAPEBAS.pdf,2025-11-26 17:57
68317-075,Maioruna,tv,Prq Carajás,68317-075 Maioruna - tv - Prq Carajás,NOVOS CEPs DE PARAUAPEBAS.pdf,2025-11-26 17:57
68311-492,Mairiporã,r,Morada Nova,68311-492 Mairiporã - r - Morada Nova,NOVOS CEPs DE PARAUAPEBAS.pdf,2025-11-26 17:57
68318-149,Majé,r,Habitar Feliz,68318-149 Majé - r - Habitar Feliz,NOVOS CEPs DE PARAUAPEBAS.pdf,2025-11-26 17:57
68313-284,Majoris,tv,Alvorá,68313-284 Majoris - tv - Alvorá,NOVOS CEPs DE PARAUAPEBAS.pdf,2025-11-26 17:57
68313-752,Majuro,r,N Carajás,68313-752 Majuro - r - N Carajás,NOVOS CEPs DE PARAUAPEBAS.pdf,2025-11-26 17:57
68313-682,Malabo,r,N Carajás,68313-682 Malabo - r - N Carajás,NOVOS CEPs DE PARAUAPEBAS.pdf,2025-11-26 17:57
68313-728,Málaga,r,N Carajás,68313-728 Málaga - r - N Carajás,NOVOS CEPs DE PARAUAPEBAS.pdf,2025-11-26 17:57
68317-710,Malaquias,r,At Bonito,68317-710 Malaquias - r - At Bonito,NOVOS CEPs DE PARAUAPEBAS.pdf,2025-11-26 17:57
68316-041,Malaquita,r,Minérios,68316-041 Malaquita - r - Minérios,NOVOS CEPs DE PARAUAPEBAS.pdf,2025-11-26 17:57
68311-160,Maldivas,r,Esplanada,68311-160 Maldivas - r - Esplanada,NOVOS CEPs DE PARAUAPEBAS.pdf,2025-11-26 17:57
68313-482,Maldova,tv,N Carajás,68313-482 Maldova - tv - N Carajás,NOVOS CEPs DE PARAUAPEBAS.pdf,2025-11-26 17:57
68313-636,Malta,tv,N Carajás,68313-636 Malta - tv - N Carajás,NOVOS CEPs DE PARAUAPEBAS.pdf,2025-11-26 17:57
68317-674,Maná,r,At Bonito,68317-674 Maná - r - At Bonito,NOVOS CEPs DE PARAUAPEBAS.pdf,2025-11-26 17:57
68315-741,Manacá,tv,Cid Jardim,68315-741 Manacá - tv - Cid Jardim,NOVOS CEPs DE PARAUAPEBAS.pdf,2025-11-26 17:57
68313-694,Mánagua,r,N Carajás,68313-694 Mánagua - r - N Carajás,NOVOS CEPs DE PARAUAPEBAS.pdf,2025-11-26 17:57
68320-037,Manaus,r,Palmares Sul,68320-037 Manaus - r - Palmares Sul,NOVOS CEPs DE PARAUAPEBAS.pdf,2025-11-26 17:57
68310-318,Manaus,r,Primavera,68310-318 Manaus - r - Primavera,NOVOS CEPs DE PARAUAPEBAS.pdf,2025-11-26 17:57
68318-039,Mandu,tv,Habitar Feliz,68318-039 Mandu - tv - Habitar Feliz,NOVOS CEPs DE PARAUAPEBAS.pdf,2025-11-26 17:57
68311-614,Manduri,r,S Lucas,68311-614 Manduri - r - S Lucas,NOVOS CEPs DE PARAUAPEBAS.pdf,2025-11-26 17:57
68311-001,Mané Garrincha,r,Guanabara,68311-001 Mané Garrincha - r - Guanabara,NOVOS CEPs DE PARAUAPEBAS.pdf,2025-11-26 17:57
68310-016,Mané Garrincha,r,Paz,68310-016 Mané Garrincha - r - Paz,NOVOS CEPs DE PARAUAPEBAS.pdf,2025-11-26 17:57
68315-175,Mangaba,tv,Cid Jardim,68315-175 Mangaba - tv - Cid Jardim,NOVOS CEPs DE PARAUAPEBAS.pdf,2025-11-26 17:57
68312-264,Mangabeira,r,Brasília,68312-264 Mangabeira - r - Brasília,NOVOS CEPs DE PARAUAPEBAS.pdf,2025-11-26 17:57
68316-125,Manganês,av,Minérios,68316-125 Manganês - av - Minérios,NOVOS CEPs DE PARAUAPEBAS.pdf,2025-11-26 17:57
68314-011,Manganês,r,Polo Industrial,68314-011 Manganês - r - Polo Industrial,NOVOS CEPs DE PARAUAPEBAS.pdf,2025-11-26 17:57
68312-268,Mangostana,r,Brasília,68312-268 Mangostana - r - Brasília,NOVOS CEPs DE PARAUAPEBAS.pdf,2025-11-26 17:57
68310-770,"Mangueira , da",tv,N Vida,"68310-770 Mangueira , da - tv - N Vida",NOVOS CEPs DE PARAUAPEBAS.pdf,2025-11-26 17:57
68313-604,Manila,r,N Carajás,68313-604 Manila - r - N Carajás,NOVOS CEPs DE PARAUAPEBAS.pdf,2025-11-26 17:57
68315-237,Manjerição,tv,Cid Jardim,68315-237 Manjerição - tv - Cid Jardim,NOVOS CEPs DE PARAUAPEBAS.pdf,2025-11-26 17:57
68315-585,Manjuba,r,Cid Jardim,68315-585 Manjuba - r - Cid Jardim,NOVOS CEPs DE PARAUAPEBAS.pdf,2025-11-26 17:57
68310-688,Manoel Anacleto,tv,LIberdade II,68310-688 Manoel Anacleto - tv - LIberdade II,NOVOS CEPs DE PARAUAPEBAS.pdf,2025-11-26 17:57
68310-025,Manoel Bandeira,r,Paz,68310-025 Manoel Bandeira - r - Paz,NOVOS CEPs DE PARAUAPEBAS.pdf,2025-11-26 17:57
68313-015,Manoel de Sousa,r,Novo Brasil,68313-015 Manoel de Sousa - r - Novo Brasil,NOVOS CEPs DE PARAUAPEBAS.pdf,2025-11-26 17:57
68310-108,Manoel dos Reis,tv,Rio Verde,68310-108 Manoel dos Reis - tv - Rio Verde,NOVOS CEPs DE PARAUAPEBAS.pdf,2025-11-26 17:57
68311-322,Manoel Juca Bernardes,tv,Jd América,68311-322 Manoel Juca Bernardes - tv - Jd América,NOVOS CEPs DE PARAUAPEBAS.pdf,2025-11-26 17:57
68319-352,Manuel Madeira,tv,Novo Viver,68319-352 Manuel Madeira - tv - Novo Viver,NOVOS CEPs DE PARAUAPEBAS.pdf,2025-11-26 17:57
68315-659,Mapará,r,Cid Jardim,68315-659 Mapará - r - Cid Jardim,NOVOS CEPs DE PARAUAPEBAS.pdf,2025-11-26 17:57
68310-011,Marabá,r,Paz,68310-011 Marabá - r - Paz,NOVOS CEPs DE PARAUAPEBAS.pdf,2025-11-26 17:57
68311-526,Maracaí,r,Morada Nova,68311-526 Maracaí - r - Morada Nova,NOVOS CEPs DE PARAUAPEBAS.pdf,2025-11-26 17:57
68317-302,Maracajá,tv,Beira Rio,68317-302 Maracajá - tv - Beira Rio,NOVOS CEPs DE PARAUAPEBAS.pdf,2025-11-26 17:57
68315-655,Maracajaú,r,Cid Jardim,68315-655 Maracajaú - r - Cid Jardim,NOVOS CEPs DE PARAUAPEBAS.pdf,2025-11-26 17:57
68310-840,Maracanã,r,N Vida,68310-840 Maracanã - r - N Vida,NOVOS CEPs DE PARAUAPEBAS.pdf,2025-11-26 17:57
68319-316,Maracatiara,r,Novo Viver,68319-316 Maracatiara - r - Novo Viver,NOVOS CEPs DE PARAUAPEBAS.pdf,2025-11-26 17:57
68315-137,Maracatiara,tv,Cid Jardim,68315-137 Maracatiara - tv - Cid Jardim,NOVOS CEPs DE PARAUAPEBAS.pdf,2025-11-26 17:57
68315-613,Maragogi,r,Cid Jardim,68315-613 Maragogi - r - Cid Jardim,NOVOS CEPs DE PARAUAPEBAS.pdf,2025-11-26 17:57
68317-278,Marahú,r,Beira Rio,68317-278 Marahú - r - Beira Rio,NOVOS CEPs DE PARAUAPEBAS.pdf,2025-11-26 17:57
68313-154,Marajó,r,Apoena,68313-154 Marajó - r - Apoena,NOVOS CEPs DE PARAUAPEBAS.pdf,2025-11-26 17:57
68310-600,Maranhão,r,Liberdade I,68310-600 Maranhão - r - Liberdade I,NOVOS CEPs DE PARAUAPEBAS.pdf,2025-11-26 17:57
68315-265,Marapanim,tv,Cid Jardim,68315-265 Marapanim - tv - Cid Jardim,NOVOS CEPs DE PARAUAPEBAS.pdf,2025-11-26 17:57
68311-528,Marapuama,r,Morada Nova,68311-528 Marapuama - r - Morada Nova,NOVOS CEPs DE PARAUAPEBAS.pdf,2025-11-26 17:57
68318-095,Maratá,tv,Habitar Feliz,68318-095 Maratá - tv - Habitar Feliz,NOVOS CEPs DE PARAUAPEBAS.pdf,2025-11-26 17:57
68315-543,Maraú,r,Cid Jardim,68315-543 Maraú - r - Cid Jardim,NOVOS CEPs DE PARAUAPEBAS.pdf,2025-11-26 17:57
68320-073,Marcelo Parceirinho,r,Palmares Sul,68320-073 Marcelo Parceirinho - r - Palmares Sul,NOVOS CEPs DE PARAUAPEBAS.pdf,2025-11-26 17:57
68310-674,Marcelo Rezende,tv,LIberdade II,68310-674 Marcelo Rezende - tv - LIberdade II,NOVOS CEPs DE PARAUAPEBAS.pdf,2025-11-26 17:57
68310-358,Marcos Freire,r,Primavera,68310-358 Marcos Freire - r - Primavera,NOVOS CEPs DE PARAUAPEBAS.pdf,2025-11-26 17:57
68313-574,Marechal Floriano,r,N Carajás,68313-574 Marechal Floriano - r - N Carajás,NOVOS CEPs DE PARAUAPEBAS.pdf,2025-11-26 17:57
68310-552,Marechal Rondon,r,Liberdade I,68310-552 Marechal Rondon - r - Liberdade I,NOVOS CEPs DE PARAUAPEBAS.pdf,2025-11-26 17:57
68315-165,Margarida,tv,Cid Jardim,68315-165 Margarida - tv - Cid Jardim,NOVOS CEPs DE PARAUAPEBAS.pdf,2025-11-26 17:57
68311-086,Maria Odete Sousa Neves,r,Paraíso,68311-086 Maria Odete Sousa Neves - r - Paraíso,NOVOS CEPs DE PARAUAPEBAS.pdf,2025-11-26 17:57
68310-372,Maria Quitéria,r,Primavera,68310-372 Maria Quitéria - r - Primavera,NOVOS CEPs DE PARAUAPEBAS.pdf,2025-11-26 17:57
68311-019,"Maria, Santa",r,Guanabara,"68311-019 Maria, Santa - r - Guanabara",NOVOS CEPs DE PARAUAPEBAS.pdf,2025-11-26 17:57
68311-324,"Maria, Santa",r,Jd América,"68311-324 Maria, Santa - r - Jd América",NOVOS CEPs DE PARAUAPEBAS.pdf,2025-11-26 17:57
68310-796,"Maria, Santa",r,N Vida,"68310-796 Maria, Santa - r - N Vida",NOVOS CEPs DE PARAUAPEBAS.pdf,2025-11-26 17:57
68310-045,"Maria, Santa",r,Paz,"68310-045 Maria, Santa - r - Paz",NOVOS CEPs DE PARAUAPEBAS.pdf,2025-11-26 17:57
68317-260,Marielle Franco,r,Beira Rio,68317-260 Marielle Franco - r - Beira Rio,NOVOS CEPs DE PARAUAPEBAS.pdf,2025-11-26 17:57
68310-336,Maringá,tv,Primavera,68310-336 Maringá - tv - Primavera,NOVOS CEPs DE PARAUAPEBAS.pdf,2025-11-26 17:57
68319-045,Marinho,r,Tropical,68319-045 Marinho - r - Tropical,NOVOS CEPs DE PARAUAPEBAS.pdf,2025-11-26 17:57
68319-320,Mario Covas,av,Novo Viver,68319-320 Mario Covas - av - Novo Viver,NOVOS CEPs DE PARAUAPEBAS.pdf,2025-11-26 17:57
68310-570,Mario de Andrade,r,Liberdade I,68310-570 Mario de Andrade - r - Liberdade I,NOVOS CEPs DE PARAUAPEBAS.pdf,2025-11-26 17:57
68311-015,Mario Quintana,tv,Guanabara,68311-015 Mario Quintana - tv - Guanabara,NOVOS CEPs DE PARAUAPEBAS.pdf,2025-11-26 17:57
68310-308,Marituba,r,Primavera,68310-308 Marituba - r - Primavera,NOVOS CEPs DE PARAUAPEBAS.pdf,2025-11-26 17:57
68315-171,Marjori,tv,Cid Jardim,68315-171 Marjori - tv - Cid Jardim,NOVOS CEPs DE PARAUAPEBAS.pdf,2025-11-26 17:57
68319-189,Marques,r,Tropical,68319-189 Marques - r - Tropical,NOVOS CEPs DE PARAUAPEBAS.pdf,2025-11-26 17:57
68313-804,Marrocos,r,N Carajás,68313-804 Marrocos - r - N Carajás,NOVOS CEPs DE PARAUAPEBAS.pdf,2025-11-26 17:57
68310-792,"Marta, Santa",r,N Vida,"68310-792 Marta, Santa - r - N Vida",NOVOS CEPs DE PARAUAPEBAS.pdf,2025-11-26 17:57
68310-049,"Marta, Santa",r,Paz,"68310-049 Marta, Santa - r - Paz",NOVOS CEPs DE PARAUAPEBAS.pdf,2025-11-26 17:57
68313-244,Marte,r,Alvorá,68313-244 Marte - r - Alvorá,NOVOS CEPs DE PARAUAPEBAS.pdf,2025-11-26 17:57
68317-111,Marubo,tv,Prq Carajás,68317-111 Marubo - tv - Prq Carajás,NOVOS CEPs DE PARAUAPEBAS.pdf,2025-11-26 17:57
68315-647,Marudá,av,Cid Jardim,68315-647 Marudá - av - Cid Jardim,NOVOS CEPs DE PARAUAPEBAS.pdf,2025-11-26 17:57
68312-212,Marula,r,Brasília,68312-212 Marula - r - Brasília,NOVOS CEPs DE PARAUAPEBAS.pdf,2025-11-26 17:57
68311-494,Marzagão,r,Morada Nova,68311-494 Marzagão - r - Morada Nova,NOVOS CEPs DE PARAUAPEBAS.pdf,2025-11-26 17:57
68315-133,Massaranduba,r,Cid Jardim,68315-133 Massaranduba - r - Cid Jardim,NOVOS CEPs DE PARAUAPEBAS.pdf,2025-11-26 17:57
68315-291,Mastruz,tv,Cid Jardim,68315-291 Mastruz - tv - Cid Jardim,NOVOS CEPs DE PARAUAPEBAS.pdf,2025-11-26 17:57
68311-412,Matias Aires,tv,Jd América,68311-412 Matias Aires - tv - Jd América,NOVOS CEPs DE PARAUAPEBAS.pdf,2025-11-26 17:57
68318-101,Matapi,tv,Habitar Feliz,68318-101 Matapi - tv - Habitar Feliz,NOVOS CEPs DE PARAUAPEBAS.pdf,2025-11-26 17:57
68319-330,Matias Albuquerque,r,Novo Viver,68319-330 Matias Albuquerque - r - Novo Viver,NOVOS CEPs DE PARAUAPEBAS.pdf,2025-11-26 17:57
68317-023,Matipu,r,Prq Carajás,68317-023 Matipu - r - Prq Carajás,NOVOS CEPs DE PARAUAPEBAS.pdf,2025-11-26 17:57
68317-099,Matis,r,Prq Carajás,68317-099 Matis - r - Prq Carajás,NOVOS CEPs DE PARAUAPEBAS.pdf,2025-11-26 17:57
68311-035,Mato Grosso,r,Guanabara,68311-035 Mato Grosso - r - Guanabara,NOVOS CEPs DE PARAUAPEBAS.pdf,2025-11-26 17:57
68310-027,Mato Grosso,r,Paz,68310-027 Mato Grosso - r - Paz,NOVOS CEPs DE PARAUAPEBAS.pdf,2025-11-26 17:57
68320-061,Matusalém,tv,Palmares Sul,68320-061 Matusalém - tv - Palmares Sul,NOVOS CEPs DE PARAUAPEBAS.pdf,2025-11-26 17:57
68318-268,Matuzalém,r,Betânia,68318-268 Matuzalém - r - Betânia,NOVOS CEPs DE PARAUAPEBAS.pdf,2025-11-26 17:57
68315-503,Maú,r,Cid Jardim,68315-503 Maú - r - Cid Jardim,NOVOS CEPs DE PARAUAPEBAS.pdf,2025-11-26 17:57
68318-089,Mauá,tv,Habitar Feliz,68318-089 Mauá - tv - Habitar Feliz,NOVOS CEPs DE PARAUAPEBAS.pdf,2025-11-26 17:57
68313-378,Maués,r,N Carajás,68313-378 Maués - r - N Carajás,NOVOS CEPs DE PARAUAPEBAS.pdf,2025-11-26 17:57
68311-790,Mauritânia,r,Prq Nações,68311-790 Mauritânia - r - Prq Nações,NOVOS CEPs DE PARAUAPEBAS.pdf,2025-11-26 17:57
68311-542,Mauriti,r,Morada Nova,68311-542 Mauriti - r - Morada Nova,NOVOS CEPs DE PARAUAPEBAS.pdf,2025-11-26 17:57
68318-147,Mearim,r,Habitar Feliz,68318-147 Mearim - r - Habitar Feliz,NOVOS CEPs DE PARAUAPEBAS.pdf,2025-11-26 17:57
68319-225,Medeiros,r,Tropical,68319-225 Medeiros - r - Tropical,NOVOS CEPs DE PARAUAPEBAS.pdf,2025-11-26 17:57
68315-193,Medicilândia,tv,Cid Jardim,68315-193 Medicilândia - tv - Cid Jardim,NOVOS CEPs DE PARAUAPEBAS.pdf,2025-11-26 17:57
68317-063,Mehinako,r,Prq Carajás,68317-063 Mehinako - r - Prq Carajás,NOVOS CEPs DE PARAUAPEBAS.pdf,2025-11-26 17:57
68315-687,Meireles,r,Cid Jardim,68315-687 Meireles - r - Cid Jardim,NOVOS CEPs DE PARAUAPEBAS.pdf,2025-11-26 17:57
68315-189,Melgaço,r,Cid Jardim,68315-189 Melgaço - r - Cid Jardim,NOVOS CEPs DE PARAUAPEBAS.pdf,2025-11-26 17:57
68315-223,Melissa,tv,Cid Jardim,68315-223 Melissa - tv - Cid Jardim,NOVOS CEPs DE PARAUAPEBAS.pdf,2025-11-26 17:57
68319-097,Melo,tv,Tropical,68319-097 Melo - tv - Tropical,NOVOS CEPs DE PARAUAPEBAS.pdf,2025-11-26 17:57
68318-278,Melquisedeque,r,Betânia,68318-278 Melquisedeque - r - Betânia,NOVOS CEPs DE PARAUAPEBAS.pdf,2025-11-26 17:57
68319-125,Mendes,r,Tropical,68319-125 Mendes - r - Tropical,NOVOS CEPs DE PARAUAPEBAS.pdf,2025-11-26 17:57
68319-191,Mendonça,r,Tropical,68319-191 Mendonça - r - Tropical,NOVOS CEPs DE PARAUAPEBAS.pdf,2025-11-26 17:57
68313-428,Mendoza,r,N Carajás,68313-428 Mendoza - r - N Carajás,NOVOS CEPs DE PARAUAPEBAS.pdf,2025-11-26 17:57
68311-498,Mercês,r,Morada Nova,68311-498 Mercês - r - Morada Nova,NOVOS CEPs DE PARAUAPEBAS.pdf,2025-11-26 17:57
68316-139,Mercúrio,tv,Minérios,68316-139 Mercúrio - tv - Minérios,NOVOS CEPs DE PARAUAPEBAS.pdf,2025-11-26 17:57
68315-377,Mergus,r,Cid Jardim,68315-377 Mergus - r - Cid Jardim,NOVOS CEPs DE PARAUAPEBAS.pdf,2025-11-26 17:57
68313-430,Mérida,r,N Carajás,68313-430 Mérida - r - N Carajás,NOVOS CEPs DE PARAUAPEBAS.pdf,2025-11-26 17:57
68315-309,Merluza,tv,Cid Jardim,68315-309 Merluza - tv - Cid Jardim,NOVOS CEPs DE PARAUAPEBAS.pdf,2025-11-26 17:57
68318-308,Mero,tv,Betânia,68318-308 Mero - tv - Betânia,NOVOS CEPs DE PARAUAPEBAS.pdf,2025-11-26 17:57
68310-636,Mesquita,tv,Liberdade I,68310-636 Mesquita - tv - Liberdade I,NOVOS CEPs DE PARAUAPEBAS.pdf,2025-11-26 17:57
68316-097,Meteorito,r,Minérios,68316-097 Meteorito - r - Minérios,NOVOS CEPs DE PARAUAPEBAS.pdf,2025-11-26 17:57
68313-230,Meteoro,r,Alvorá,68313-230 Meteoro - r - Alvorá,NOVOS CEPs DE PARAUAPEBAS.pdf,2025-11-26 17:57
68313-007,Métis,tv,Novo Brasil,68313-007 Métis - tv - Novo Brasil,NOVOS CEPs DE PARAUAPEBAS.pdf,2025-11-26 17:57
68313-692,México,r,N Carajás,68313-692 México - r - N Carajás,NOVOS CEPs DE PARAUAPEBAS.pdf,2025-11-26 17:57
68310-778,Mila Moreira,tv,N Vida,68310-778 Mila Moreira - tv - N Vida,NOVOS CEPs DE PARAUAPEBAS.pdf,2025-11-26 17:57
68317-644,"Milagres , dos",r,At Bonito,"68317-644 Milagres , dos - r - At Bonito",NOVOS CEPs DE PARAUAPEBAS.pdf,2025-11-26 17:57
68310-804,Milão,r,N Vida,68310-804 Milão - r - N Vida,NOVOS CEPs DE PARAUAPEBAS.pdf,2025-11-26 17:57
68311-176,Milos,r,Esplanada,68311-176 Milos - r - Esplanada,NOVOS CEPs DE PARAUAPEBAS.pdf,2025-11-26 17:57
68319-318,Milton Correia de Melo,r,Novo Viver,68319-318 Milton Correia de Melo - r - Novo Viver,NOVOS CEPs DE PARAUAPEBAS.pdf,2025-11-26 17:57
68310-698,Milton Gonçalves,r,LIberdade II,68310-698 Milton Gonçalves - r - LIberdade II,NOVOS CEPs DE PARAUAPEBAS.pdf,2025-11-26 17:57
68313-025,Milton Ribeiro,r,Novo Brasil,68313-025 Milton Ribeiro - r - Novo Brasil,NOVOS CEPs DE PARAUAPEBAS.pdf,2025-11-26 17:57
68311-640,Minaçu,r,S Lucas,68311-640 Minaçu - r - S Lucas,NOVOS CEPs DE PARAUAPEBAS.pdf,2025-11-26 17:57
68313-382,Minarorte,r,N Carajás,68313-382 Minarorte - r - N Carajás,NOVOS CEPs DE PARAUAPEBAS.pdf,2025-11-26 17:57
68310-092,Minas Gerais,r,Rio Verde,68310-092 Minas Gerais - r - Rio Verde,NOVOS CEPs DE PARAUAPEBAS.pdf,2025-11-26 17:57
68311-678,Mirador,r,S Lucas,68311-678 Mirador - r - S Lucas,NOVOS CEPs DE PARAUAPEBAS.pdf,2025-11-26 17:57
68313-306,Miran,r,Alvorá,68313-306 Miran - r - Alvorá,NOVOS CEPs DE PARAUAPEBAS.pdf,2025-11-26 17:57
68311-536,Miranorte,r,Morada Nova,68311-536 Miranorte - r - Morada Nova,NOVOS CEPs DE PARAUAPEBAS.pdf,2025-11-26 17:57
68317-284,Mirante,r,Beira Rio,68317-284 Mirante - r - Beira Rio,NOVOS CEPs DE PARAUAPEBAS.pdf,2025-11-26 17:57
68317-276,Mirassol,r,Beira Rio,68317-276 Mirassol - r - Beira Rio,NOVOS CEPs DE PARAUAPEBAS.pdf,2025-11-26 17:57
68311-674,Mirinzal,r,S Lucas,68311-674 Mirinzal - r - S Lucas,NOVOS CEPs DE PARAUAPEBAS.pdf,2025-11-26 17:57
68319-514,Mississipi,r,Sta Luzia,68319-514 Mississipi - r - Sta Luzia,NOVOS CEPs DE PARAUAPEBAS.pdf,2025-11-26 17:57
68313-408,Missouri,r,N Carajás,68313-408 Missouri - r - N Carajás,NOVOS CEPs DE PARAUAPEBAS.pdf,2025-11-26 17:57
68317-638,Moabe,tv,At Bonito,68317-638 Moabe - tv - At Bonito,NOVOS CEPs DE PARAUAPEBAS.pdf,2025-11-26 17:57
68315-195,Mocajuba,tv,Cid Jardim,68315-195 Mocajuba - tv - Cid Jardim,NOVOS CEPs DE PARAUAPEBAS.pdf,2025-11-26 17:57
68311-772,Moçambique,r,Prq Nações,68311-772 Moçambique - r - Prq Nações,NOVOS CEPs DE PARAUAPEBAS.pdf,2025-11-26 17:57
68313-838,Moçambique,tv,N Carajás,68313-838 Moçambique - tv - N Carajás,NOVOS CEPs DE PARAUAPEBAS.pdf,2025-11-26 17:57
68317-764,Mogno,av,Polo Moveleiro,68317-764 Mogno - av - Polo Moveleiro,NOVOS CEPs DE PARAUAPEBAS.pdf,2025-11-26 17:57
68311-768,Mojito,r,Prq Nações,68311-768 Mojito - r - Prq Nações,NOVOS CEPs DE PARAUAPEBAS.pdf,2025-11-26 17:57
68311-228,Moju,r,Linha Verde,68311-228 Moju - r - Linha Verde,NOVOS CEPs DE PARAUAPEBAS.pdf,2025-11-26 17:57
68315-077,Mojú,tv,Cid Jardim,68315-077 Mojú - tv - Cid Jardim,NOVOS CEPs DE PARAUAPEBAS.pdf,2025-11-26 17:57
68311-738,Moldávia,r,Prq Nações,68311-738 Moldávia - r - Prq Nações,NOVOS CEPs DE PARAUAPEBAS.pdf,2025-11-26 17:57
68319-221,Molina,r,Tropical,68319-221 Molina - r - Tropical,NOVOS CEPs DE PARAUAPEBAS.pdf,2025-11-26 17:57
68315-477,Molinésia,tv,Cid Jardim,68315-477 Molinésia - tv - Cid Jardim,NOVOS CEPs DE PARAUAPEBAS.pdf,2025-11-26 17:57
68313-356,Mônaco,r,N Carajás,68313-356 Mônaco - r - N Carajás,NOVOS CEPs DE PARAUAPEBAS.pdf,2025-11-26 17:57
68317-682,Monarquia,r,At Bonito,68317-682 Monarquia - r - At Bonito,NOVOS CEPs DE PARAUAPEBAS.pdf,2025-11-26 17:57
68311-522,Monção,r,Morada Nova,68311-522 Monção - r - Morada Nova,NOVOS CEPs DE PARAUAPEBAS.pdf,2025-11-26 17:57
68311-514,Mondaí,r,Morada Nova,68311-514 Mondaí - r - Morada Nova,NOVOS CEPs DE PARAUAPEBAS.pdf,2025-11-26 17:57
68313-786,Mongólia,r,N Carajás,68313-786 Mongólia - r - N Carajás,NOVOS CEPs DE PARAUAPEBAS.pdf,2025-11-26 17:57
68319-532,Montana,r,Sta Luzia,68319-532 Montana - r - Sta Luzia,NOVOS CEPs DE PARAUAPEBAS.pdf,2025-11-26 17:57
68311-524,Montauri,r,Morada Nova,68311-524 Montauri - r - Morada Nova,NOVOS CEPs DE PARAUAPEBAS.pdf,2025-11-26 17:57
68315-257,Monte Alegre,tv,Cid Jardim,68315-257 Monte Alegre - tv - Cid Jardim,NOVOS CEPs DE PARAUAPEBAS.pdf,2025-11-26 17:57
68318-290,Monte Ararate,r,Betânia,68318-290 Monte Ararate - r - Betânia,NOVOS CEPs DE PARAUAPEBAS.pdf,2025-11-26 17:57
68318-288,Monte Sinai,r,Betânia,68318-288 Monte Sinai - r - Betânia,NOVOS CEPs DE PARAUAPEBAS.pdf,2025-11-26 17:57
68311-023,Monteiro Lobato,r,Guanabara,68311-023 Monteiro Lobato - r - Guanabara,NOVOS CEPs DE PARAUAPEBAS.pdf,2025-11-26 17:57
68310-800,Monteiro Lobato,r,N Vida,68310-800 Monteiro Lobato - r - N Vida,NOVOS CEPs DE PARAUAPEBAS.pdf,2025-11-26 17:57
68310-041,Monteiro Lobato,r,Paz,68310-041 Monteiro Lobato - r - Paz,NOVOS CEPs DE PARAUAPEBAS.pdf,2025-11-26 17:57
68313-748,Montenegro,r,N Carajás,68313-748 Montenegro - r - N Carajás,NOVOS CEPs DE PARAUAPEBAS.pdf,2025-11-26 17:57
68311-754,Montenegro,r,Prq Nações,68311-754 Montenegro - r - Prq Nações,NOVOS CEPs DE PARAUAPEBAS.pdf,2025-11-26 17:57
68310-272,Montes Altos,tv,Maranhão,68310-272 Montes Altos - tv - Maranhão,NOVOS CEPs DE PARAUAPEBAS.pdf,2025-11-26 17:57
68311-414,Montes Claros,r,Jd América,68311-414 Montes Claros - r - Jd América,NOVOS CEPs DE PARAUAPEBAS.pdf,2025-11-26 17:57
68317-266,Montese,tv,Beira Rio,68317-266 Montese - tv - Beira Rio,NOVOS CEPs DE PARAUAPEBAS.pdf,2025-11-26 17:57
68313-628,Montevideu,r,N Carajás,68313-628 Montevideu - r - N Carajás,NOVOS CEPs DE PARAUAPEBAS.pdf,2025-11-26 17:57
68313-540,Montijo,r,N Carajás,68313-540 Montijo - r - N Carajás,NOVOS CEPs DE PARAUAPEBAS.pdf,2025-11-26 17:57
68318-424,Montreal,tv,Novo Horizonte,68318-424 Montreal - tv - Novo Horizonte,NOVOS CEPs DE PARAUAPEBAS.pdf,2025-11-26 17:57
68319-091,Morales,r,Tropical,68319-091 Morales - r - Tropical,NOVOS CEPs DE PARAUAPEBAS.pdf,2025-11-26 17:57
68315-397,Moreia,r,Cid Jardim,68315-397 Moreia - r - Cid Jardim,NOVOS CEPs DE PARAUAPEBAS.pdf,2025-11-26 17:57
68315-763,Moréia,tv,Cid Jardim,68315-763 Moréia - tv - Cid Jardim,NOVOS CEPs DE PARAUAPEBAS.pdf,2025-11-26 17:57
68319-219,Moreira,tv,Tropical,68319-219 Moreira - tv - Tropical,NOVOS CEPs DE PARAUAPEBAS.pdf,2025-11-26 17:57
68315-277,Moreninha,tv,Cid Jardim,68315-277 Moreninha - tv - Cid Jardim,NOVOS CEPs DE PARAUAPEBAS.pdf,2025-11-26 17:57
68319-229,Morgado,tv,Tropical,68319-229 Morgado - tv - Tropical,NOVOS CEPs DE PARAUAPEBAS.pdf,2025-11-26 17:57
68317-602,Moriá,r,At Bonito,68317-602 Moriá - r - At Bonito,NOVOS CEPs DE PARAUAPEBAS.pdf,2025-11-26 17:57
68315-139,Moringá,r,Cid Jardim,68315-139 Moringá - r - Cid Jardim,NOVOS CEPs DE PARAUAPEBAS.pdf,2025-11-26 17:57
68313-650,Moroni,tv,N Carajás,68313-650 Moroni - tv - N Carajás,NOVOS CEPs DE PARAUAPEBAS.pdf,2025-11-26 17:57
68317-456,Morro dos Ventos,r,Jd Canadá,68317-456 Morro dos Ventos - r - Jd Canadá,NOVOS CEPs DE PARAUAPEBAS.pdf,2025-11-26 17:57
68315-031,Morsa,tv,Cid Jardim,68315-031 Morsa - tv - Cid Jardim,NOVOS CEPs DE PARAUAPEBAS.pdf,2025-11-26 17:57
68311-392,Morumbi,r,Jd América,68311-392 Morumbi - r - Jd América,NOVOS CEPs DE PARAUAPEBAS.pdf,2025-11-26 17:57
68310-768,Morumbi,r,N Vida,68310-768 Morumbi - r - N Vida,NOVOS CEPs DE PARAUAPEBAS.pdf,2025-11-26 17:57
68310-180,Morumbi,r,Rio Verde,68310-180 Morumbi - r - Rio Verde,NOVOS CEPs DE PARAUAPEBAS.pdf,2025-11-26 17:57
68318-722,Moscou,tv,Vle Sol,68318-722 Moscou - tv - Vle Sol,NOVOS CEPs DE PARAUAPEBAS.pdf,2025-11-26 17:57
68315-605,Mosqueiro,r,Cid Jardim,68315-605 Mosqueiro - r - Cid Jardim,NOVOS CEPs DE PARAUAPEBAS.pdf,2025-11-26 17:57
68317-378,Moto Clube,r,Beira Rio,68317-378 Moto Clube - r - Beira Rio,NOVOS CEPs DE PARAUAPEBAS.pdf,2025-11-26 17:57
68315-461,Muaná,tv,Cid Jardim,68315-461 Muaná - tv - Cid Jardim,NOVOS CEPs DE PARAUAPEBAS.pdf,2025-11-26 17:57
68315-817,Mucurí,tv,Cid Jardim,68315-817 Mucurí - tv - Cid Jardim,NOVOS CEPs DE PARAUAPEBAS.pdf,2025-11-26 17:57
68317-762,Muiracatiara,r,Polo Moveleiro,68317-762 Muiracatiara - r - Polo Moveleiro,NOVOS CEPs DE PARAUAPEBAS.pdf,2025-11-26 17:57
68311-664,Mumbai,r,S Lucas,68311-664 Mumbai - r - S Lucas,NOVOS CEPs DE PARAUAPEBAS.pdf,2025-11-26 17:57
68318-740,Munique,tv,Vle Sol,68318-740 Munique - tv - Vle Sol,NOVOS CEPs DE PARAUAPEBAS.pdf,2025-11-26 17:57
68317-272,Muralha,r,Beira Rio,68317-272 Muralha - r - Beira Rio,NOVOS CEPs DE PARAUAPEBAS.pdf,2025-11-26 17:57
68310-722,Murici,tv,LIberdade II,68310-722 Murici - tv - LIberdade II,NOVOS CEPs DE PARAUAPEBAS.pdf,2025-11-26 17:57
68311-508,Muritiba,r,Morada Nova,68311-508 Muritiba - r - Morada Nova,NOVOS CEPs DE PARAUAPEBAS.pdf,2025-11-26 17:57
68318-083,Murú,tv,Habitar Feliz,68318-083 Murú - tv - Habitar Feliz,NOVOS CEPs DE PARAUAPEBAS.pdf,2025-11-26 17:57
68315-381,Murure,r,Cid Jardim,68315-381 Murure - r - Cid Jardim,NOVOS CEPs DE PARAUAPEBAS.pdf,2025-11-26 17:57
68318-069,Mutuí,tv,Habitar Feliz,68318-069 Mutuí - tv - Habitar Feliz,NOVOS CEPs DE PARAUAPEBAS.pdf,2025-11-26 17:57
68315-539,Mutum,r,Cid Jardim,68315-539 Mutum - r - Cid Jardim,NOVOS CEPs DE PARAUAPEBAS.pdf,2025-11-26 17:57
68310-476,N,r,União,68310-476 N - r - União,NOVOS CEPs DE PARAUAPEBAS.pdf,2025-11-26 17:57
68311-356,Nacional,r,Jd América,68311-356 Nacional - r - Jd América,NOVOS CEPs DE PARAUAPEBAS.pdf,2025-11-26 17:57
68313-792,Nairóbi,r,N Carajás,68313-792 Nairóbi - r - N Carajás,NOVOS CEPs DE PARAUAPEBAS.pdf,2025-11-26 17:57
68313-822,Nanquim,tv,N Carajás,68313-822 Nanquim - tv - N Carajás,NOVOS CEPs DE PARAUAPEBAS.pdf,2025-11-26 17:57
68318-734,Napier,r,Vle Sol,68318-734 Napier - r - Vle Sol,NOVOS CEPs DE PARAUAPEBAS.pdf,2025-11-26 17:57
68318-760,Nápoles,tv,Vle Sol,68318-760 Nápoles - tv - Vle Sol,NOVOS CEPs DE PARAUAPEBAS.pdf,2025-11-26 17:57
68313-580,Nápolis,r,N Carajás,68313-580 Nápolis - r - N Carajás,NOVOS CEPs DE PARAUAPEBAS.pdf,2025-11-26 17:57
68313-314,Nashira,r,Alvorá,68313-314 Nashira - r - Alvorá,NOVOS CEPs DE PARAUAPEBAS.pdf,2025-11-26 17:57
68310-382,Nara Leão,al,Primavera,68310-382 Nara Leão - al - Primavera,NOVOS CEPs DE PARAUAPEBAS.pdf,2025-11-26 17:57
68315-767,Narcisio,tv,Cid Jardim,68315-767 Narcisio - tv - Cid Jardim,NOVOS CEPs DE PARAUAPEBAS.pdf,2025-11-26 17:57
68315-035,Narval,r,Cid Jardim,68315-035 Narval - r - Cid Jardim,NOVOS CEPs DE PARAUAPEBAS.pdf,2025-11-26 17:57
68313-440,Nassau,tv,N Carajás,68313-440 Nassau - tv - N Carajás,NOVOS CEPs DE PARAUAPEBAS.pdf,2025-11-26 17:57
68320-035,Natal,r,Palmares Sul,68320-035 Natal - r - Palmares Sul,NOVOS CEPs DE PARAUAPEBAS.pdf,2025-11-26 17:57
68310-690,Natal,tv,LIberdade II,68310-690 Natal - tv - LIberdade II,NOVOS CEPs DE PARAUAPEBAS.pdf,2025-11-26 17:57
68317-696,Naum,tv,At Bonito,68317-696 Naum - tv - At Bonito,NOVOS CEPs DE PARAUAPEBAS.pdf,2025-11-26 17:57
68319-073,Navarro,r,Tropical,68319-073 Navarro - r - Tropical,NOVOS CEPs DE PARAUAPEBAS.pdf,2025-11-26 17:57
68311-504,Navegantes,r,Morada Nova,68311-504 Navegantes - r - Morada Nova,NOVOS CEPs DE PARAUAPEBAS.pdf,2025-11-26 17:57
68317-622,Nazaré,r,At Bonito,68317-622 Nazaré - r - At Bonito,NOVOS CEPs DE PARAUAPEBAS.pdf,2025-11-26 17:57
68310-848,"Nazaré, Nossa Senhora , de",r,N Vida,"68310-848 Nazaré, Nossa Senhora , de - r - N Vida",NOVOS CEPs DE PARAUAPEBAS.pdf,2025-11-26 17:57
68319-512,Nebrasca,r,Sta Luzia,68319-512 Nebrasca - r - Sta Luzia,NOVOS CEPs DE PARAUAPEBAS.pdf,2025-11-26 17:57
68312-294,Nectarina,r,Brasília,68312-294 Nectarina - r - Brasília,NOVOS CEPs DE PARAUAPEBAS.pdf,2025-11-26 17:57
68317-716,Neemias,tv,At Bonito,68317-716 Neemias - tv - At Bonito,NOVOS CEPs DE PARAUAPEBAS.pdf,2025-11-26 17:57
68316-011,Nefrita,tv,Minérios,68316-011 Nefrita - tv - Minérios,NOVOS CEPs DE PARAUAPEBAS.pdf,2025-11-26 17:57
68319-388,Nélio Dacier,r,Novo Viver,68319-388 Nélio Dacier - r - Novo Viver,NOVOS CEPs DE PARAUAPEBAS.pdf,2025-11-26 17:57
68311-300,Nélio Nicolai,r,Jd América,68311-300 Nélio Nicolai - r - Jd América,NOVOS CEPs DE PARAUAPEBAS.pdf,2025-11-26 17:57
68310-844,Nélio Nicolai,r,N Vida,68310-844 Nélio Nicolai - r - N Vida,NOVOS CEPs DE PARAUAPEBAS.pdf,2025-11-26 17:57
68311-506,Nerópolis,r,Morada Nova,68311-506 Nerópolis - r - Morada Nova,NOVOS CEPs DE PARAUAPEBAS.pdf,2025-11-26 17:57
68312-296,Nêspera,r,Brasília,68312-296 Nêspera - r - Brasília,NOVOS CEPs DE PARAUAPEBAS.pdf,2025-11-26 17:57
68313-232,Netuno,r,Alvorá,68313-232 Netuno - r - Alvorá,NOVOS CEPs DE PARAUAPEBAS.pdf,2025-11-26 17:57
68319-538,Nevada,r,Sta Luzia,68319-538 Nevada - r - Sta Luzia,NOVOS CEPs DE PARAUAPEBAS.pdf,2025-11-26 17:57
68318-742,Nicácio,tv,Vle Sol,68318-742 Nicácio - tv - Vle Sol,NOVOS CEPs DE PARAUAPEBAS.pdf,2025-11-26 17:57
68313-700,Nicarágua,r,N Carajás,68313-700 Nicarágua - r - N Carajás,NOVOS CEPs DE PARAUAPEBAS.pdf,2025-11-26 17:57
68318-326,Nicodemos,r,Betânia,68318-326 Nicodemos - r - Betânia,NOVOS CEPs DE PARAUAPEBAS.pdf,2025-11-26 17:57
68313-548,Nicósia,tv,N Carajás,68313-548 Nicósia - tv - N Carajás,NOVOS CEPs DE PARAUAPEBAS.pdf,2025-11-26 17:57
68311-338,Nikola Tesla,tv,Jd América,68311-338 Nikola Tesla - tv - Jd América,NOVOS CEPs DE PARAUAPEBAS.pdf,2025-11-26 17:57
68311-100,Nilo Peçanha,r,Paraíso,68311-100 Nilo Peçanha - r - Paraíso,NOVOS CEPs DE PARAUAPEBAS.pdf,2025-11-26 17:57
68310-644,Nilópolis,tv,Liberdade I,68310-644 Nilópolis - tv - Liberdade I,NOVOS CEPs DE PARAUAPEBAS.pdf,2025-11-26 17:57
68314-017,Nióbio,r,Polo Industrial,68314-017 Nióbio - r - Polo Industrial,NOVOS CEPs DE PARAUAPEBAS.pdf,2025-11-26 17:57
68314-021,Níquel,r,Polo Industrial,68314-021 Níquel - r - Polo Industrial,NOVOS CEPs DE PARAUAPEBAS.pdf,2025-11-26 17:57
68318-442,Níquel,tv,Novo Horizonte,68318-442 Níquel - tv - Novo Horizonte,NOVOS CEPs DE PARAUAPEBAS.pdf,2025-11-26 17:57
68313-174,Niterói,r,Apoena,68313-174 Niterói - r - Apoena,NOVOS CEPs DE PARAUAPEBAS.pdf,2025-11-26 17:57
68319-071,Noronha,tv,Tropical,68319-071 Noronha - tv - Tropical,NOVOS CEPs DE PARAUAPEBAS.pdf,2025-11-26 17:57
68310-350,Nossa Senhora Aparecida,r,Primavera,68310-350 Nossa Senhora Aparecida - r - Primavera,NOVOS CEPs DE PARAUAPEBAS.pdf,2025-11-26 17:57
68311-384,Nossa Senhora de Nazaré,r,Jd América,68311-384 Nossa Senhora de Nazaré - r - Jd América,NOVOS CEPs DE PARAUAPEBAS.pdf,2025-11-26 17:57
68310-728,Nova,r,LIberdade II,68310-728 Nova - r - LIberdade II,NOVOS CEPs DE PARAUAPEBAS.pdf,2025-11-26 17:57
68313-602,Nova Carajás,av,N Carajás,68313-602 Nova Carajás - av - N Carajás,NOVOS CEPs DE PARAUAPEBAS.pdf,2025-11-26 17:57
68318-274,Nova Conquista,r,Betânia,68318-274 Nova Conquista - r - Betânia,NOVOS CEPs DE PARAUAPEBAS.pdf,2025-11-26 17:57
68318-724,Nova Delhi,tv,Vle Sol,68318-724 Nova Delhi - tv - Vle Sol,NOVOS CEPs DE PARAUAPEBAS.pdf,2025-11-26 17:57
68313-536,Nova Petrópolis,tv,N Carajás,68313-536 Nova Petrópolis - tv - N Carajás,NOVOS CEPs DE PARAUAPEBAS.pdf,2025-11-26 17:57
68310-506,Nova República,tv,União,68310-506 Nova República - tv - União,NOVOS CEPs DE PARAUAPEBAS.pdf,2025-11-26 17:57
68313-572,Nova Venécia,r,N Carajás,68313-572 Nova Venécia - r - N Carajás,NOVOS CEPs DE PARAUAPEBAS.pdf,2025-11-26 17:57
68318-414,Nova Zelândia,tv,Novo Horizonte,68318-414 Nova Zelândia - tv - Novo Horizonte,NOVOS CEPs DE PARAUAPEBAS.pdf,2025-11-26 17:57
68319-165,Novaes,tv,Tropical,68319-165 Novaes - tv - Tropical,NOVOS CEPs DE PARAUAPEBAS.pdf,2025-11-26 17:57
68310-580,Novo Horizonte,r,Liberdade I,68310-580 Novo Horizonte - r - Liberdade I,NOVOS CEPs DE PARAUAPEBAS.pdf,2025-11-26 17:57
68310-226,Novo Horizonte,r,Rio Verde,68310-226 Novo Horizonte - r - Rio Verde,NOVOS CEPs DE PARAUAPEBAS.pdf,2025-11-26 17:57
68310-154,Novo Mundo,r,Rio Verde,68310-154 Novo Mundo - r - Rio Verde,NOVOS CEPs DE PARAUAPEBAS.pdf,2025-11-26 17:57
68317-392,Novo Paraíso,r,Beira Rio,68317-392 Novo Paraíso - r - Beira Rio,NOVOS CEPs DE PARAUAPEBAS.pdf,2025-11-26 17:57
68318-260,Novo Paraíso,r,Betânia,68318-260 Novo Paraíso - r - Betânia,NOVOS CEPs DE PARAUAPEBAS.pdf,2025-11-26 17:57
68311-218,Novo Progresso,r,Linha Verde,68311-218 Novo Progresso - r - Linha Verde,NOVOS CEPs DE PARAUAPEBAS.pdf,2025-11-26 17:57
68317-103,Nukuinis,r,Prq Carajás,68317-103 Nukuinis - r - Prq Carajás,NOVOS CEPs DE PARAUAPEBAS.pdf,2025-11-26 17:57
68319-195,Nunes,r,Tropical,68319-195 Nunes - r - Tropical,NOVOS CEPs DE PARAUAPEBAS.pdf,2025-11-26 17:57
68319-179,Nunes,tv,Tropical,68319-179 Nunes - tv - Tropical,NOVOS CEPs DE PARAUAPEBAS.pdf,2025-11-26 17:57
68310-478,O,r,União,68310-478 O - r - União,NOVOS CEPs DE PARAUAPEBAS.pdf,2025-11-26 17:57
68319-340,Ó de Almeida,r,Novo Viver,68319-340 Ó de Almeida - r - Novo Viver,NOVOS CEPs DE PARAUAPEBAS.pdf,2025-11-26 17:57
68318-342,Obadias,r,Betânia,68318-342 Obadias - r - Betânia,NOVOS CEPs DE PARAUAPEBAS.pdf,2025-11-26 17:57
68313-009,Oberon,r,Novo Brasil,68313-009 Oberon - r - Novo Brasil,NOVOS CEPs DE PARAUAPEBAS.pdf,2025-11-26 17:57
68315-457,Óbidos,r,Cid Jardim,68315-457 Óbidos - r - Cid Jardim,NOVOS CEPs DE PARAUAPEBAS.pdf,2025-11-26 17:57
68317-256,Oeste,tv,Beira Rio,68317-256 Oeste - tv - Beira Rio,NOVOS CEPs DE PARAUAPEBAS.pdf,2025-11-26 17:57
68311-604,Olaria,r,S Lucas,68311-604 Olaria - r - S Lucas,NOVOS CEPs DE PARAUAPEBAS.pdf,2025-11-26 17:57
68310-682,Olavo Bilac,r,LIberdade II,68310-682 Olavo Bilac - r - LIberdade II,NOVOS CEPs DE PARAUAPEBAS.pdf,2025-11-26 17:57
68310-788,Olga Prestes,r,N Vida,68310-788 Olga Prestes - r - N Vida,NOVOS CEPs DE PARAUAPEBAS.pdf,2025-11-26 17:57
68310-053,Olga Prestes,r,Paz,68310-053 Olga Prestes - r - Paz,NOVOS CEPs DE PARAUAPEBAS.pdf,2025-11-26 17:57
68311-652,Olímpia,r,S Lucas,68311-652 Olímpia - r - S Lucas,NOVOS CEPs DE PARAUAPEBAS.pdf,2025-11-26 17:57
68311-654,Olinda,r,S Lucas,68311-654 Olinda - r - S Lucas,NOVOS CEPs DE PARAUAPEBAS.pdf,2025-11-26 17:57
68316-009,Oliva,tv,Minérios,68316-009 Oliva - tv - Minérios,NOVOS CEPs DE PARAUAPEBAS.pdf,2025-11-26 17:57
68317-662,Oliveiras,r,At Bonito,68317-662 Oliveiras - r - At Bonito,NOVOS CEPs DE PARAUAPEBAS.pdf,2025-11-26 17:57
68316-049,Olivina,r,Minérios,68316-049 Olivina - r - Minérios,NOVOS CEPs DE PARAUAPEBAS.pdf,2025-11-26 17:57
68316-105,Ónix,r,Minérios,68316-105 Ónix - r - Minérios,NOVOS CEPs DE PARAUAPEBAS.pdf,2025-11-26 17:57
68310-360,Onofre Pires,tv,Primavera,68310-360 Onofre Pires - tv - Primavera,NOVOS CEPs DE PARAUAPEBAS.pdf,2025-11-26 17:57
68316-129,Opala,tv,Minérios,68316-129 Opala - tv - Minérios,NOVOS CEPs DE PARAUAPEBAS.pdf,2025-11-26 17:57
68313-250,Órbita,r,Alvorá,68313-250 Órbita - r - Alvorá,NOVOS CEPs DE PARAUAPEBAS.pdf,2025-11-26 17:57
68319-504,Oregon,r,Sta Luzia,68319-504 Oregon - r - Sta Luzia,NOVOS CEPs DE PARAUAPEBAS.pdf,2025-11-26 17:57
68315-185,Oriximiná,tv,Cid Jardim,68315-185 Oriximiná - tv - Cid Jardim,NOVOS CEPs DE PARAUAPEBAS.pdf,2025-11-26 17:57
68313-406,Orlando,r,N Carajás,68313-406 Orlando - r - N Carajás,NOVOS CEPs DE PARAUAPEBAS.pdf,2025-11-26 17:57
68315-547,Orquídea,r,Cid Jardim,68315-547 Orquídea - r - Cid Jardim,NOVOS CEPs DE PARAUAPEBAS.pdf,2025-11-26 17:57
68318-129,Ortega,r,Habitar Feliz,68318-129 Ortega - r - Habitar Feliz,NOVOS CEPs DE PARAUAPEBAS.pdf,2025-11-26 17:57
68319-003,Ortega,r,Tropical,68319-003 Ortega - r - Tropical,NOVOS CEPs DE PARAUAPEBAS.pdf,2025-11-26 17:57
68313-027,Ortósia,r,Novo Brasil,68313-027 Ortósia - r - Novo Brasil,NOVOS CEPs DE PARAUAPEBAS.pdf,2025-11-26 17:57
68313-634,Osaka,r,N Carajás,68313-634 Osaka - r - N Carajás,NOVOS CEPs DE PARAUAPEBAS.pdf,2025-11-26 17:57
68313-053,Osíris,r,Novo Brasil,68313-053 Osíris - r - Novo Brasil,NOVOS CEPs DE PARAUAPEBAS.pdf,2025-11-26 17:57
68318-726,Oslo,tv,Vle Sol,68318-726 Oslo - tv - Vle Sol,NOVOS CEPs DE PARAUAPEBAS.pdf,2025-11-26 17:57
68316-127,Ósmio,tv,Minérios,68316-127 Ósmio - tv - Minérios,NOVOS CEPs DE PARAUAPEBAS.pdf,2025-11-26 17:57
68313-516,Osório,r,N Carajás,68313-516 Osório - r - N Carajás,NOVOS CEPs DE PARAUAPEBAS.pdf,2025-11-26 17:57
68310-550,Oswaldo Aranha,r,Liberdade I,68310-550 Oswaldo Aranha - r - Liberdade I,NOVOS CEPs DE PARAUAPEBAS.pdf,2025-11-26 17:57
68319-362,Otávio Bastos,tv,Novo Viver,68319-362 Otávio Bastos - tv - Novo Viver,NOVOS CEPs DE PARAUAPEBAS.pdf,2025-11-26 17:57
68313-756,Otawa,tv,N Carajás,68313-756 Otawa - tv - N Carajás,NOVOS CEPs DE PARAUAPEBAS.pdf,2025-11-26 17:57
68315-199,Otello,r,Cid Jardim,68315-199 Otello - r - Cid Jardim,NOVOS CEPs DE PARAUAPEBAS.pdf,2025-11-26 17:57
68315-405,Ourém,tv,Cid Jardim,68315-405 Ourém - tv - Cid Jardim,NOVOS CEPs DE PARAUAPEBAS.pdf,2025-11-26 17:57
68315-305,Ourilândia,r,Cid Jardim,68315-305 Ourilândia - r - Cid Jardim,NOVOS CEPs DE PARAUAPEBAS.pdf,2025-11-26 17:57
68318-448,Ouro,r,Novo Horizonte,68318-448 Ouro - r - Novo Horizonte,NOVOS CEPs DE PARAUAPEBAS.pdf,2025-11-26 17:57
68314-013,Ouro,r,Polo Industrial,68314-013 Ouro - r - Polo Industrial,NOVOS CEPs DE PARAUAPEBAS.pdf,2025-11-26 17:57
68320-278,Oziel Pereira,r,Palmares II,68320-278 Oziel Pereira - r - Palmares II,NOVOS CEPs DE PARAUAPEBAS.pdf,2025-11-26 17:57
68310-480,P,r,União,68310-480 P - r - União,NOVOS CEPs DE PARAUAPEBAS.pdf,2025-11-26 17:57
68315-411,Pablo Picasso,tv,Cid Jardim,68315-411 Pablo Picasso - tv - Cid Jardim,NOVOS CEPs DE PARAUAPEBAS.pdf,2025-11-26 17:57
68315-303,Pacajá,tv,Cid Jardim,68315-303 Pacajá - tv - Cid Jardim,NOVOS CEPs DE PARAUAPEBAS.pdf,2025-11-26 17:57
68315-399,Pacová,r,Cid Jardim,68315-399 Pacová - r - Cid Jardim,NOVOS CEPs DE PARAUAPEBAS.pdf,2025-11-26 17:57
68317-524,Pacova,tv,Jd Canadá,68317-524 Pacova - tv - Jd Canadá,NOVOS CEPs DE PARAUAPEBAS.pdf,2025-11-26 17:57
68318-051,Pacuí,tv,Habitar Feliz,68318-051 Pacuí - tv - Habitar Feliz,NOVOS CEPs DE PARAUAPEBAS.pdf,2025-11-26 17:57
68310-772,Padre Cícero,r,N Vida,68310-772 Padre Cícero - r - N Vida,NOVOS CEPs DE PARAUAPEBAS.pdf,2025-11-26 17:57
68310-764,Padre Josimo,r,N Vida,68310-764 Padre Josimo - r - N Vida,NOVOS CEPs DE PARAUAPEBAS.pdf,2025-11-26 17:57
68310-035,Padre Josimo,r,Paz,68310-035 Padre Josimo - r - Paz,NOVOS CEPs DE PARAUAPEBAS.pdf,2025-11-26 17:57
68320-250,Padre Marciel,r,Palmares II,68320-250 Padre Marciel - r - Palmares II,NOVOS CEPs DE PARAUAPEBAS.pdf,2025-11-26 17:57
68313-826,Pádua,tv,N Carajás,68313-826 Pádua - tv - N Carajás,NOVOS CEPs DE PARAUAPEBAS.pdf,2025-11-26 17:57
68319-350,Paes de Carvalho,r,Novo Viver,68319-350 Paes de Carvalho - r - Novo Viver,NOVOS CEPs DE PARAUAPEBAS.pdf,2025-11-26 17:57
68311-538,Paineiras,r,Morada Nova,68311-538 Paineiras - r - Morada Nova,NOVOS CEPs DE PARAUAPEBAS.pdf,2025-11-26 17:57
68319-093,Paiva,tv,Tropical,68319-093 Paiva - tv - Tropical,NOVOS CEPs DE PARAUAPEBAS.pdf,2025-11-26 17:57
68318-145,Pajeú,r,Habitar Feliz,68318-145 Pajeú - r - Habitar Feliz,NOVOS CEPs DE PARAUAPEBAS.pdf,2025-11-26 17:57
68319-187,Pajéu,r,Tropical,68319-187 Pajéu - r - Tropical,NOVOS CEPs DE PARAUAPEBAS.pdf,2025-11-26 17:57
68315-807,Pajurá,tv,Cid Jardim,68315-807 Pajurá - tv - Cid Jardim,NOVOS CEPs DE PARAUAPEBAS.pdf,2025-11-26 17:57
68316-091,Paládio,r,Minérios,68316-091 Paládio - r - Minérios,NOVOS CEPs DE PARAUAPEBAS.pdf,2025-11-26 17:57
68313-039,Palene,r,Novo Brasil,68313-039 Palene - r - Novo Brasil,NOVOS CEPs DE PARAUAPEBAS.pdf,2025-11-26 17:57
68313-584,Palermo,r,N Carajás,68313-584 Palermo - r - N Carajás,NOVOS CEPs DE PARAUAPEBAS.pdf,2025-11-26 17:57
68317-386,Palmares,tv,Beira Rio,68317-386 Palmares - tv - Beira Rio,NOVOS CEPs DE PARAUAPEBAS.pdf,2025-11-26 17:57
68310-604,Palmas,r,Liberdade I,68310-604 Palmas - r - Liberdade I,NOVOS CEPs DE PARAUAPEBAS.pdf,2025-11-26 17:57
68320-033,Palmas,r,Palmares Sul,68320-033 Palmas - r - Palmares Sul,NOVOS CEPs DE PARAUAPEBAS.pdf,2025-11-26 17:57
68315-383,Palmeira,r,Cid Jardim,68315-383 Palmeira - r - Cid Jardim,NOVOS CEPs DE PARAUAPEBAS.pdf,2025-11-26 17:57
68310-816,Palmeiras,r,N Vida,68310-816 Palmeiras - r - N Vida,NOVOS CEPs DE PARAUAPEBAS.pdf,2025-11-26 17:57
68317-512,Palmito,tv,Jd Canadá,68317-512 Palmito - tv - Jd Canadá,NOVOS CEPs DE PARAUAPEBAS.pdf,2025-11-26 17:57
68318-604,Pampa,tv,FAP,68318-604 Pampa - tv - FAP,NOVOS CEPs DE PARAUAPEBAS.pdf,2025-11-26 17:57
68319-109,Pantoja,r,Tropical,68319-109 Pantoja - r - Tropical,NOVOS CEPs DE PARAUAPEBAS.pdf,2025-11-26 17:57
68318-728,Panamá,tv,Vle Sol,68318-728 Panamá - tv - Vle Sol,NOVOS CEPs DE PARAUAPEBAS.pdf,2025-11-26 17:57
68313-258,Pandora,r,Alvorá,68313-258 Pandora - r - Alvorá,NOVOS CEPs DE PARAUAPEBAS.pdf,2025-11-26 17:57
68318-602,Pantanal,tv,FAP,68318-602 Pantanal - tv - FAP,NOVOS CEPs DE PARAUAPEBAS.pdf,2025-11-26 17:57
68315-629,Pão de Açucar,tv,Cid Jardim,68315-629 Pão de Açucar - tv - Cid Jardim,NOVOS CEPs DE PARAUAPEBAS.pdf,2025-11-26 17:57
68315-371,Papagaio,tv,Cid Jardim,68315-371 Papagaio - tv - Cid Jardim,NOVOS CEPs DE PARAUAPEBAS.pdf,2025-11-26 17:57
68312-230,Papaya,tv,Brasília,68312-230 Papaya - tv - Brasília,NOVOS CEPs DE PARAUAPEBAS.pdf,2025-11-26 17:57
68313-782,Paquistão,tv,N Carajás,68313-782 Paquistão - tv - N Carajás,NOVOS CEPs DE PARAUAPEBAS.pdf,2025-11-26 17:57
68310-596,Pará,r,Liberdade I,68310-596 Pará - r - Liberdade I,NOVOS CEPs DE PARAUAPEBAS.pdf,2025-11-26 17:57
68317-292,Paragominas,r,Beira Rio,68317-292 Paragominas - r - Beira Rio,NOVOS CEPs DE PARAUAPEBAS.pdf,2025-11-26 17:57
68313-612,Paraguai,r,N Carajás,68313-612 Paraguai - r - N Carajás,NOVOS CEPs DE PARAUAPEBAS.pdf,2025-11-26 17:57
68310-618,Paraíba,r,Liberdade I,68310-618 Paraíba - r - Liberdade I,NOVOS CEPs DE PARAUAPEBAS.pdf,2025-11-26 17:57
68318-103,Paraibuna,tv,Habitar Feliz,68318-103 Paraibuna - tv - Habitar Feliz,NOVOS CEPs DE PARAUAPEBAS.pdf,2025-11-26 17:57
68320-290,Paraíso,r,Palmares II,68320-290 Paraíso - r - Palmares II,NOVOS CEPs DE PARAUAPEBAS.pdf,2025-11-26 17:57
68310-156,Paraíso,tv,Rio Verde,68310-156 Paraíso - tv - Rio Verde,NOVOS CEPs DE PARAUAPEBAS.pdf,2025-11-26 17:57
68313-658,Paramarimbo,tv,N Carajás,68313-658 Paramarimbo - tv - N Carajás,NOVOS CEPs DE PARAUAPEBAS.pdf,2025-11-26 17:57
68318-143,Paraná,r,Habitar Feliz,68318-143 Paraná - r - Habitar Feliz,NOVOS CEPs DE PARAUAPEBAS.pdf,2025-11-26 17:57
68313-384,Paranã,r,N Carajás,68313-384 Paranã - r - N Carajás,NOVOS CEPs DE PARAUAPEBAS.pdf,2025-11-26 17:57
68311-636,Paratinga,r,S Lucas,68311-636 Paratinga - r - S Lucas,NOVOS CEPs DE PARAUAPEBAS.pdf,2025-11-26 17:57
68315-595,Paraty,tv,Cid Jardim,68315-595 Paraty - tv - Cid Jardim,NOVOS CEPs DE PARAUAPEBAS.pdf,2025-11-26 17:57
68313-366,Parauapebas,av,N Carajás,68313-366 Parauapebas - av - N Carajás,NOVOS CEPs DE PARAUAPEBAS.pdf,2025-11-26 17:57
68311-656,Paraúna,tv,S Lucas,68311-656 Paraúna - tv - S Lucas,NOVOS CEPs DE PARAUAPEBAS.pdf,2025-11-26 17:57
68318-153,Pardo,tv,Habitar Feliz,68318-153 Pardo - tv - Habitar Feliz,NOVOS CEPs DE PARAUAPEBAS.pdf,2025-11-26 17:57
68315-577,Pargo,r,Cid Jardim,68315-577 Pargo - r - Cid Jardim,NOVOS CEPs DE PARAUAPEBAS.pdf,2025-11-26 17:57
68319-063,Paricá,r,Tropical,68319-063 Paricá - r - Tropical,NOVOS CEPs DE PARAUAPEBAS.pdf,2025-11-26 17:57
68310-692,Parintins,r,LIberdade II,68310-692 Parintins - r - LIberdade II,NOVOS CEPs DE PARAUAPEBAS.pdf,2025-11-26 17:57
68318-065,Parnaíba,tv,Habitar Feliz,68318-065 Parnaíba - tv - Habitar Feliz,NOVOS CEPs DE PARAUAPEBAS.pdf,2025-11-26 17:57
68310-404,Parque,av,Cid Nova,68310-404 Parque - av - Cid Nova,NOVOS CEPs DE PARAUAPEBAS.pdf,2025-11-26 17:57
68317-454,Parque,av,Jd Canadá,68317-454 Parque - av - Jd Canadá,NOVOS CEPs DE PARAUAPEBAS.pdf,2025-11-26 17:57
68310-244,Parque,av,Maranhão,68310-244 Parque - av - Maranhão,NOVOS CEPs DE PARAUAPEBAS.pdf,2025-11-26 17:57
68318-135,Parú,r,Habitar Feliz,68318-135 Parú - r - Habitar Feliz,NOVOS CEPs DE PARAUAPEBAS.pdf,2025-11-26 17:57
68317-776,Parú,r,Polo Moveleiro,68317-776 Parú - r - Polo Moveleiro,NOVOS CEPs DE PARAUAPEBAS.pdf,2025-11-26 17:57
68314-005,Passagem ao Polo Industrial,psg,Polo Industrial,68314-005 Passagem ao Polo Industrial - psg - Polo Industrial,NOVOS CEPs DE PARAUAPEBAS.pdf,2025-11-26 17:57
68320-007,Passagem Marajó,psg,Palmares Sul,68320-007 Passagem Marajó - psg - Palmares Sul,NOVOS CEPs DE PARAUAPEBAS.pdf,2025-11-26 17:57
68315-537,Patativa,r,Cid Jardim,68315-537 Patativa - r - Cid Jardim,NOVOS CEPs DE PARAUAPEBAS.pdf,2025-11-26 17:57
68317-017,Pataxó,r,Prq Carajás,68317-017 Pataxó - r - Prq Carajás,NOVOS CEPs DE PARAUAPEBAS.pdf,2025-11-26 17:57
68315-301,Pau-d'arco,tv,Cid Jardim,68315-301 Pau-d'arco - tv - Cid Jardim,NOVOS CEPs DE PARAUAPEBAS.pdf,2025-11-26 17:57
68315-421,Paul Cézzane,r,Cid Jardim,68315-421 Paul Cézzane - r - Cid Jardim,NOVOS CEPs DE PARAUAPEBAS.pdf,2025-11-26 17:57
68315-591,Paulista,r,Cid Jardim,68315-591 Paulista - r - Cid Jardim,NOVOS CEPs DE PARAUAPEBAS.pdf,2025-11-26 17:57
68311-029,Paulo Coelho,r,Guanabara,68311-029 Paulo Coelho - r - Guanabara,NOVOS CEPs DE PARAUAPEBAS.pdf,2025-11-26 17:57
68320-212,Paulo de Oliveira,r,Palmares II,68320-212 Paulo de Oliveira - r - Palmares II,NOVOS CEPs DE PARAUAPEBAS.pdf,2025-11-26 17:57
68310-646,Paulo Freire,tv,Liberdade I,68310-646 Paulo Freire - tv - Liberdade I,NOVOS CEPs DE PARAUAPEBAS.pdf,2025-11-26 17:57
68311-102,Paulo Gustavo,r,Paraíso,68311-102 Paulo Gustavo - r - Paraíso,NOVOS CEPs DE PARAUAPEBAS.pdf,2025-11-26 17:57
68311-460,Paulo Maranhão,r,Morada Nova,68311-460 Paulo Maranhão - r - Morada Nova,NOVOS CEPs DE PARAUAPEBAS.pdf,2025-11-26 17:57
68310-700,Paxiba,r,LIberdade II,68310-700 Paxiba - r - LIberdade II,NOVOS CEPs DE PARAUAPEBAS.pdf,2025-11-26 17:57
68310-150,Paysandu,r,Rio Verde,68310-150 Paysandu - r - Rio Verde,NOVOS CEPs DE PARAUAPEBAS.pdf,2025-11-26 17:57
68313-080,PA-160,rod,Amazônia,68313-080 PA-160 - rod - Amazônia,NOVOS CEPs DE PARAUAPEBAS.pdf,2025-11-26 17:57
68317-600,PA-160,rod,At Bonito,68317-600 PA-160 - rod - At Bonito,NOVOS CEPs DE PARAUAPEBAS.pdf,2025-11-26 17:57
68315-001,PA-160,rod,Cid Jardim,68315-001 PA-160 - rod - Cid Jardim,NOVOS CEPs DE PARAUAPEBAS.pdf,2025-11-26 17:57
68311-152,PA-160,rod,Esplanada,68311-152 PA-160 - rod - Esplanada,NOVOS CEPs DE PARAUAPEBAS.pdf,2025-11-26 17:57
68318-001,PA-160,rod,Habitar Feliz,68318-001 PA-160 - rod - Habitar Feliz,NOVOS CEPs DE PARAUAPEBAS.pdf,2025-11-26 17:57
68316-001,PA-160,rod,Minérios,68316-001 PA-160 - rod - Minérios,NOVOS CEPs DE PARAUAPEBAS.pdf,2025-11-26 17:57
68313-003,PA-160,rod,Novo Brasil,68313-003 PA-160 - rod - Novo Brasil,NOVOS CEPs DE PARAUAPEBAS.pdf,2025-11-26 17:57
68314-001,PA-160,rod,Polo Industrial,68314-001 PA-160 - rod - Polo Industrial,NOVOS CEPs DE PARAUAPEBAS.pdf,2025-11-26 17:57
68317-760,PA-160,rod,Polo Moveleiro,68317-760 PA-160 - rod - Polo Moveleiro,NOVOS CEPs DE PARAUAPEBAS.pdf,2025-11-26 17:57
68317-003,PA-160,rod,Prq Carajás,68317-003 PA-160 - rod - Prq Carajás,NOVOS CEPs DE PARAUAPEBAS.pdf,2025-11-26 17:57
68319-001,PA-160,rod,Tropical,68319-001 PA-160 - rod - Tropical,NOVOS CEPs DE PARAUAPEBAS.pdf,2025-11-26 17:57
68318-516,PA-160,rod,Vl Rica,68318-516 PA-160 - rod - Vl Rica,NOVOS CEPs DE PARAUAPEBAS.pdf,2025-11-26 17:57
68317-200,PA-275,rod,Beira Rio,68317-200 PA-275 - rod - Beira Rio,NOVOS CEPs DE PARAUAPEBAS.pdf,2025-11-26 17:57
68311-154,PA-275,rod,Esplanada,68311-154 PA-275 - rod - Esplanada,NOVOS CEPs DE PARAUAPEBAS.pdf,2025-11-26 17:57
68310-001,PA-275,rod,Paz,68310-001 PA-275 - rod - Paz,NOVOS CEPs DE PARAUAPEBAS.pdf,2025-11-26 17:57
68310-070,PA-275,rod,Rio Verde,68310-070 PA-275 - rod - Rio Verde,NOVOS CEPs DE PARAUAPEBAS.pdf,2025-11-26 17:57
68313-468,Peçanha,r,N Carajás,68313-468 Peçanha - r - N Carajás,NOVOS CEPs DE PARAUAPEBAS.pdf,2025-11-26 17:57
68311-626,Pedralva,r,S Lucas,68311-626 Pedralva - r - S Lucas,NOVOS CEPs DE PARAUAPEBAS.pdf,2025-11-26 17:57
68313-518,Pedras Altas,tv,N Carajás,68313-518 Pedras Altas - tv - N Carajás,NOVOS CEPs DE PARAUAPEBAS.pdf,2025-11-26 17:57
68317-222,Pedreira,tv,Beira Rio,68317-222 Pedreira - tv - Beira Rio,NOVOS CEPs DE PARAUAPEBAS.pdf,2025-11-26 17:57
68311-074,Pedro Aleixo,r,Paraíso,68311-074 Pedro Aleixo - r - Paraíso,NOVOS CEPs DE PARAUAPEBAS.pdf,2025-11-26 17:57
68311-112,Pedro Álvares Cabral,r,Paraíso,68311-112 Pedro Álvares Cabral - r - Paraíso,NOVOS CEPs DE PARAUAPEBAS.pdf,2025-11-26 17:57
68315-415,Pedro Américo,r,Cid Jardim,68315-415 Pedro Américo - r - Cid Jardim,NOVOS CEPs DE PARAUAPEBAS.pdf,2025-11-26 17:57
68310-218,"Pedro I, Dom",r,Rio Verde,"68310-218 Pedro I, Dom - r - Rio Verde",NOVOS CEPs DE PARAUAPEBAS.pdf,2025-11-26 17:57
68310-376,"Pedro II, Dom",tv,Primavera,"68310-376 Pedro II, Dom - tv - Primavera",NOVOS CEPs DE PARAUAPEBAS.pdf,2025-11-26 17:57
68310-710,Pedro Miranda,r,LIberdade II,68310-710 Pedro Miranda - r - LIberdade II,NOVOS CEPs DE PARAUAPEBAS.pdf,2025-11-26 17:57
68319-382,Pedro Teixeira,r,Novo Viver,68319-382 Pedro Teixeira - r - Novo Viver,NOVOS CEPs DE PARAUAPEBAS.pdf,2025-11-26 17:57
68319-235,Pedroso,tv,Tropical,68319-235 Pedroso - tv - Tropical,NOVOS CEPs DE PARAUAPEBAS.pdf,2025-11-26 17:57
68313-276,Pegasus,r,Alvorá,68313-276 Pegasus - r - Alvorá,NOVOS CEPs DE PARAUAPEBAS.pdf,2025-11-26 17:57
68319-241,Peixoto,r,Tropical,68319-241 Peixoto - r - Tropical,NOVOS CEPs DE PARAUAPEBAS.pdf,2025-11-26 17:57
68313-552,Pejuçara,r,N Carajás,68313-552 Pejuçara - r - N Carajás,NOVOS CEPs DE PARAUAPEBAS.pdf,2025-11-26 17:57
68310-342,Pelotas,tv,Primavera,68310-342 Pelotas - tv - Primavera,NOVOS CEPs DE PARAUAPEBAS.pdf,2025-11-26 17:57
68315-623,Pelourinho,tv,Cid Jardim,68315-623 Pelourinho - tv - Cid Jardim,NOVOS CEPs DE PARAUAPEBAS.pdf,2025-11-26 17:57
68313-818,Pelúsio,tv,N Carajás,68313-818 Pelúsio - tv - N Carajás,NOVOS CEPs DE PARAUAPEBAS.pdf,2025-11-26 17:57
68311-670,Penalva,r,S Lucas,68311-670 Penalva - r - S Lucas,NOVOS CEPs DE PARAUAPEBAS.pdf,2025-11-26 17:57
68317-340,Penarol,r,Beira Rio,68317-340 Penarol - r - Beira Rio,NOVOS CEPs DE PARAUAPEBAS.pdf,2025-11-26 17:57
68311-560,Penedo,tv,Morada Nova,68311-560 Penedo - tv - Morada Nova,NOVOS CEPs DE PARAUAPEBAS.pdf,2025-11-26 17:57
68311-516,Penha,tv,Morada Nova,68311-516 Penha - tv - Morada Nova,NOVOS CEPs DE PARAUAPEBAS.pdf,2025-11-26 17:57
68311-788,Peniche,r,Prq Nações,68311-788 Peniche - r - Prq Nações,NOVOS CEPs DE PARAUAPEBAS.pdf,2025-11-26 17:57
68319-506,Pensilvania,r,Sta Luzia,68319-506 Pensilvania - r - Sta Luzia,NOVOS CEPs DE PARAUAPEBAS.pdf,2025-11-26 17:57
68317-504,Peônia,tv,Jd Canadá,68317-504 Peônia - tv - Jd Canadá,NOVOS CEPs DE PARAUAPEBAS.pdf,2025-11-26 17:57
68315-389,Peperônia,tv,Cid Jardim,68315-389 Peperônia - tv - Cid Jardim,NOVOS CEPs DE PARAUAPEBAS.pdf,2025-11-26 17:57
68318-412,Pequim,r,Novo Horizonte,68318-412 Pequim - r - Novo Horizonte,NOVOS CEPs DE PARAUAPEBAS.pdf,2025-11-26 17:57
68319-089,Pereira,r,Tropical,68319-089 Pereira - r - Tropical,NOVOS CEPs DE PARAUAPEBAS.pdf,2025-11-26 17:57
68319-083,Peres,tv,Tropical,68319-083 Peres - tv - Tropical,NOVOS CEPs DE PARAUAPEBAS.pdf,2025-11-26 17:57
68318-055,Periá,tv,Habitar Feliz,68318-055 Periá - tv - Habitar Feliz,NOVOS CEPs DE PARAUAPEBAS.pdf,2025-11-26 17:57
68316-003,Peridoto,r,Minérios,68316-003 Peridoto - r - Minérios,NOVOS CEPs DE PARAUAPEBAS.pdf,2025-11-26 17:57
68316-121,Perla,tv,Minérios,68316-121 Perla - tv - Minérios,NOVOS CEPs DE PARAUAPEBAS.pdf,2025-11-26 17:57
68310-598,Pernambuco,r,Liberdade I,68310-598 Pernambuco - r - Liberdade I,NOVOS CEPs DE PARAUAPEBAS.pdf,2025-11-26 17:57
68318-234,Pero Vaz de Caminha,r,Altamira,68318-234 Pero Vaz de Caminha - r - Altamira,NOVOS CEPs DE PARAUAPEBAS.pdf,2025-11-26 17:57
68315-147,Perobá,tv,Cid Jardim,68315-147 Perobá - tv - Cid Jardim,NOVOS CEPs DE PARAUAPEBAS.pdf,2025-11-26 17:57
68311-406,Pérola,r,Jd América,68311-406 Pérola - r - Jd América,NOVOS CEPs DE PARAUAPEBAS.pdf,2025-11-26 17:57
68316-013,Perola,tv,Minérios,68316-013 Perola - tv - Minérios,NOVOS CEPs DE PARAUAPEBAS.pdf,2025-11-26 17:57
68315-771,Perpétua,tv,Cid Jardim,68315-771 Perpétua - tv - Cid Jardim,NOVOS CEPs DE PARAUAPEBAS.pdf,2025-11-26 17:57
68310-098,"Perpétuo Socorro, Nossa Senhora , do",r,Rio Verde,"68310-098 Perpétuo Socorro, Nossa Senhora , do - r - Rio Verde",NOVOS CEPs DE PARAUAPEBAS.pdf,2025-11-26 17:57
68311-818,Peru,r,Prq Nações,68311-818 Peru - r - Prq Nações,NOVOS CEPs DE PARAUAPEBAS.pdf,2025-11-26 17:57
68313-600,Peru,tv,N Carajás,68313-600 Peru - tv - N Carajás,NOVOS CEPs DE PARAUAPEBAS.pdf,2025-11-26 17:57
68315-465,Peruá,r,Cid Jardim,68315-465 Peruá - r - Cid Jardim,NOVOS CEPs DE PARAUAPEBAS.pdf,2025-11-26 17:57
68311-672,Peruíbe,r,S Lucas,68311-672 Peruíbe - r - S Lucas,NOVOS CEPs DE PARAUAPEBAS.pdf,2025-11-26 17:57
68315-505,Petrim,r,Cid Jardim,68315-505 Petrim - r - Cid Jardim,NOVOS CEPs DE PARAUAPEBAS.pdf,2025-11-26 17:57
68311-510,Petrolina,r,Morada Nova,68311-510 Petrolina - r - Morada Nova,NOVOS CEPs DE PARAUAPEBAS.pdf,2025-11-26 17:57
68315-023,Piaba,r,Cid Jardim,68315-023 Piaba - r - Cid Jardim,NOVOS CEPs DE PARAUAPEBAS.pdf,2025-11-26 17:57
68317-109,Piatã,tv,Prq Carajás,68317-109 Piatã - tv - Prq Carajás,NOVOS CEPs DE PARAUAPEBAS.pdf,2025-11-26 17:57
68310-602,Piauí,r,Liberdade I,68310-602 Piauí - r - Liberdade I,NOVOS CEPs DE PARAUAPEBAS.pdf,2025-11-26 17:57
68313-120,Pierre Rafael de Fraga,av,Amazônia,68313-120 Pierre Rafael de Fraga - av - Amazônia,NOVOS CEPs DE PARAUAPEBAS.pdf,2025-11-26 17:57
68313-150,Pierre Rafael de Fraga,av,Apoena,68313-150 Pierre Rafael de Fraga - av - Apoena,NOVOS CEPs DE PARAUAPEBAS.pdf,2025-11-26 17:57
68318-141,Pindaré,r,Habitar Feliz,68318-141 Pindaré - r - Habitar Feliz,NOVOS CEPs DE PARAUAPEBAS.pdf,2025-11-26 17:57
68312-272,Pinha,r,Brasília,68312-272 Pinha - r - Brasília,NOVOS CEPs DE PARAUAPEBAS.pdf,2025-11-26 17:57
68310-124,Pinhais,r,Rio Verde,68310-124 Pinhais - r - Rio Verde,NOVOS CEPs DE PARAUAPEBAS.pdf,2025-11-26 17:57
68315-719,Pinhão,r,Cid Jardim,68315-719 Pinhão - r - Cid Jardim,NOVOS CEPs DE PARAUAPEBAS.pdf,2025-11-26 17:57
68317-280,Pinheirense,tv,Beira Rio,68317-280 Pinheirense - tv - Beira Rio,NOVOS CEPs DE PARAUAPEBAS.pdf,2025-11-26 17:57
68310-386,Pinheiro,al,Primavera,68310-386 Pinheiro - al - Primavera,NOVOS CEPs DE PARAUAPEBAS.pdf,2025-11-26 17:57
68311-748,Pinhel,tv,Prq Nações,68311-748 Pinhel - tv - Prq Nações,NOVOS CEPs DE PARAUAPEBAS.pdf,2025-11-26 17:57
68315-141,Pinho,tv,Cid Jardim,68315-141 Pinho - tv - Cid Jardim,NOVOS CEPs DE PARAUAPEBAS.pdf,2025-11-26 17:57
68315-571,Pintado,r,Cid Jardim,68315-571 Pintado - r - Cid Jardim,NOVOS CEPs DE PARAUAPEBAS.pdf,2025-11-26 17:57
68310-368,Piquiá,r,Primavera,68310-368 Piquiá - r - Primavera,NOVOS CEPs DE PARAUAPEBAS.pdf,2025-11-26 17:57
68317-692,Pio X,tv,At Bonito,68317-692 Pio X - tv - At Bonito,NOVOS CEPs DE PARAUAPEBAS.pdf,2025-11-26 17:57
68315-683,Pipa,r,Cid Jardim,68315-683 Pipa - r - Cid Jardim,NOVOS CEPs DE PARAUAPEBAS.pdf,2025-11-26 17:57
68315-143,Piquí,tv,Cid Jardim,68315-143 Piquí - tv - Cid Jardim,NOVOS CEPs DE PARAUAPEBAS.pdf,2025-11-26 17:57
68311-650,Piracema,r,S Lucas,68311-650 Piracema - r - S Lucas,NOVOS CEPs DE PARAUAPEBAS.pdf,2025-11-26 17:57
68311-638,Piracicaba,r,S Lucas,68311-638 Piracicaba - r - S Lucas,NOVOS CEPs DE PARAUAPEBAS.pdf,2025-11-26 17:57
68315-015,Piraíba,r,Cid Jardim,68315-015 Piraíba - r - Cid Jardim,NOVOS CEPs DE PARAUAPEBAS.pdf,2025-11-26 17:57
68315-555,Piramutaba,r,Cid Jardim,68315-555 Piramutaba - r - Cid Jardim,NOVOS CEPs DE PARAUAPEBAS.pdf,2025-11-26 17:57
68311-666,Piranga,r,S Lucas,68311-666 Piranga - r - S Lucas,NOVOS CEPs DE PARAUAPEBAS.pdf,2025-11-26 17:57
68315-643,Pirangi,tv,Cid Jardim,68315-643 Pirangi - tv - Cid Jardim,NOVOS CEPs DE PARAUAPEBAS.pdf,2025-11-26 17:57
68315-187,Pirapitinga,tv,Cid Jardim,68315-187 Pirapitinga - tv - Cid Jardim,NOVOS CEPs DE PARAUAPEBAS.pdf,2025-11-26 17:57
68313-368,Piraquê,r,N Carajás,68313-368 Piraquê - r - N Carajás,NOVOS CEPs DE PARAUAPEBAS.pdf,2025-11-26 17:57
68313-560,Piratini,r,N Carajás,68313-560 Piratini - r - N Carajás,NOVOS CEPs DE PARAUAPEBAS.pdf,2025-11-26 17:57
68311-668,Piraúba,r,S Lucas,68311-668 Piraúba - r - S Lucas,NOVOS CEPs DE PARAUAPEBAS.pdf,2025-11-26 17:57
68316-117,Pirita,tv,Minérios,68316-117 Pirita - tv - Minérios,NOVOS CEPs DE PARAUAPEBAS.pdf,2025-11-26 17:57
68311-346,Pitágoras,al,Jd América,68311-346 Pitágoras - al - Jd América,NOVOS CEPs DE PARAUAPEBAS.pdf,2025-11-26 17:57
68318-057,Pitanga,r,Habitar Feliz,68318-057 Pitanga - r - Habitar Feliz,NOVOS CEPs DE PARAUAPEBAS.pdf,2025-11-26 17:57
68315-787,Pitanga,tv,Cid Jardim,68315-787 Pitanga - tv - Cid Jardim,NOVOS CEPs DE PARAUAPEBAS.pdf,2025-11-26 17:57
68315-721,Pitaya,tv,Cid Jardim,68315-721 Pitaya - tv - Cid Jardim,NOVOS CEPs DE PARAUAPEBAS.pdf,2025-11-26 17:57
68315-507,Pitiguari,r,Cid Jardim,68315-507 Pitiguari - r - Cid Jardim,NOVOS CEPs DE PARAUAPEBAS.pdf,2025-11-26 17:57
68311-534,Piúma,r,Morada Nova,68311-534 Piúma - r - Morada Nova,NOVOS CEPs DE PARAUAPEBAS.pdf,2025-11-26 17:57
68310-140,Planaltina,r,Rio Verde,68310-140 Planaltina - r - Rio Verde,NOVOS CEPs DE PARAUAPEBAS.pdf,2025-11-26 17:57
68320-236,Planalto,r,Palmares II,68320-236 Planalto - r - Palmares II,NOVOS CEPs DE PARAUAPEBAS.pdf,2025-11-26 17:57
68311-620,Planalto,r,S Lucas,68311-620 Planalto - r - S Lucas,NOVOS CEPs DE PARAUAPEBAS.pdf,2025-11-26 17:57
68310-824,Platão,r,N Vida,68310-824 Platão - r - N Vida,NOVOS CEPs DE PARAUAPEBAS.pdf,2025-11-26 17:57
68316-089,Platina,tv,Minérios,68316-089 Platina - tv - Minérios,NOVOS CEPs DE PARAUAPEBAS.pdf,2025-11-26 17:57
68313-262,Plutão,r,Alvorá,68313-262 Plutão - r - Alvorá,NOVOS CEPs DE PARAUAPEBAS.pdf,2025-11-26 17:57
68315-179,Poejo,tv,Cid Jardim,68315-179 Poejo - tv - Cid Jardim,NOVOS CEPs DE PARAUAPEBAS.pdf,2025-11-26 17:57
68315-583,Polaca,r,Cid Jardim,68315-583 Polaca - r - Cid Jardim,NOVOS CEPs DE PARAUAPEBAS.pdf,2025-11-26 17:57
68313-248,Polar,r,Alvorá,68313-248 Polar - r - Alvorá,NOVOS CEPs DE PARAUAPEBAS.pdf,2025-11-26 17:57
68313-222,Polaris,r,Alvorá,68313-222 Polaris - r - Alvorá,NOVOS CEPs DE PARAUAPEBAS.pdf,2025-11-26 17:57
68313-596,Polônia,r,N Carajás,68313-596 Polônia - r - N Carajás,NOVOS CEPs DE PARAUAPEBAS.pdf,2025-11-26 17:57
68316-153,Polônio,tv,Minérios,68316-153 Polônio - tv - Minérios,NOVOS CEPs DE PARAUAPEBAS.pdf,2025-11-26 17:57
68313-318,Pólux,tv,Alvorá,68313-318 Pólux - tv - Alvorá,NOVOS CEPs DE PARAUAPEBAS.pdf,2025-11-26 17:57
68311-766,Pombal,tv,Prq Nações,68311-766 Pombal - tv - Prq Nações,NOVOS CEPs DE PARAUAPEBAS.pdf,2025-11-26 17:57
68312-220,Pomelo,r,Brasília,68312-220 Pomelo - r - Brasília,NOVOS CEPs DE PARAUAPEBAS.pdf,2025-11-26 17:57
68311-634,Ponta Porã,r,S Lucas,68311-634 Ponta Porã - r - S Lucas,NOVOS CEPs DE PARAUAPEBAS.pdf,2025-11-26 17:57
68315-679,Ponta Verde,tv,Cid Jardim,68315-679 Ponta Verde - tv - Cid Jardim,NOVOS CEPs DE PARAUAPEBAS.pdf,2025-11-26 17:57
68311-676,Pontal,r,S Lucas,68311-676 Pontal - r - S Lucas,NOVOS CEPs DE PARAUAPEBAS.pdf,2025-11-26 17:57
68311-632,Pontalina,r,S Lucas,68311-632 Pontalina - r - S Lucas,NOVOS CEPs DE PARAUAPEBAS.pdf,2025-11-26 17:57
68310-806,Ponte Preta,r,N Vida,68310-806 Ponte Preta - r - N Vida,NOVOS CEPs DE PARAUAPEBAS.pdf,2025-11-26 17:57
68310-678,Pontes de Miranda,r,LIberdade II,68310-678 Pontes de Miranda - r - LIberdade II,NOVOS CEPs DE PARAUAPEBAS.pdf,2025-11-26 17:57
68317-125,Poronga,tv,Prq Carajás,68317-125 Poronga - tv - Prq Carajás,NOVOS CEPs DE PARAUAPEBAS.pdf,2025-11-26 17:57
68315-243,Portel,tv,Cid Jardim,68315-243 Portel - tv - Cid Jardim,NOVOS CEPs DE PARAUAPEBAS.pdf,2025-11-26 17:57
68311-740,Porto,tv,Prq Nações,68311-740 Porto - tv - Prq Nações,NOVOS CEPs DE PARAUAPEBAS.pdf,2025-11-26 17:57
68313-698,Porto Espanha,r,N Carajás,68313-698 Porto Espanha - r - N Carajás,NOVOS CEPs DE PARAUAPEBAS.pdf,2025-11-26 17:57
68313-558,Porto Lucena,tv,N Carajás,68313-558 Porto Lucena - tv - N Carajás,NOVOS CEPs DE PARAUAPEBAS.pdf,2025-11-26 17:57
68313-766,Porto Luís,r,N Carajás,68313-766 Porto Luís - r - N Carajás,NOVOS CEPs DE PARAUAPEBAS.pdf,2025-11-26 17:57
68313-738,Porto Principe,r,N Carajás,68313-738 Porto Principe - r - N Carajás,NOVOS CEPs DE PARAUAPEBAS.pdf,2025-11-26 17:57
68320-049,Porto Velho,r,Palmares Sul,68320-049 Porto Velho - r - Palmares Sul,NOVOS CEPs DE PARAUAPEBAS.pdf,2025-11-26 17:57
68310-648,Porto Velho,tv,Liberdade I,68310-648 Porto Velho - tv - Liberdade I,NOVOS CEPs DE PARAUAPEBAS.pdf,2025-11-26 17:57
68311-752,Portugal,r,Prq Nações,68311-752 Portugal - r - Prq Nações,NOVOS CEPs DE PARAUAPEBAS.pdf,2025-11-26 17:57
68317-288,Potiguá,av,Beira Rio,68317-288 Potiguá - av - Beira Rio,NOVOS CEPs DE PARAUAPEBAS.pdf,2025-11-26 17:57
68317-061,Potiguá,av,Prq Carajás,68317-061 Potiguá - av - Prq Carajás,NOVOS CEPs DE PARAUAPEBAS.pdf,2025-11-26 17:57
68318-440,Prata,tv,Novo Horizonte,68318-440 Prata - tv - Novo Horizonte,NOVOS CEPs DE PARAUAPEBAS.pdf,2025-11-26 17:57
68315-021,Prateado,r,Cid Jardim,68315-021 Prateado - r - Cid Jardim,NOVOS CEPs DE PARAUAPEBAS.pdf,2025-11-26 17:57
68311-088,Primavera,r,Paraíso,68311-088 Primavera - r - Paraíso,NOVOS CEPs DE PARAUAPEBAS.pdf,2025-11-26 17:57
68315-769,Prímula,tv,Cid Jardim,68315-769 Prímula - tv - Cid Jardim,NOVOS CEPs DE PARAUAPEBAS.pdf,2025-11-26 17:57
68310-584,Princesa Isabel,r,Liberdade I,68310-584 Princesa Isabel - r - Liberdade I,NOVOS CEPs DE PARAUAPEBAS.pdf,2025-11-26 17:57
68313-640,Pristina,tv,N Carajás,68313-640 Pristina - tv - N Carajás,NOVOS CEPs DE PARAUAPEBAS.pdf,2025-11-26 17:57
68318-208,"Profetas , dos",r,Altamira,"68318-208 Profetas , dos - r - Altamira",NOVOS CEPs DE PARAUAPEBAS.pdf,2025-11-26 17:57
68317-702,"Profetas , dos",r,At Bonito,"68317-702 Profetas , dos - r - At Bonito",NOVOS CEPs DE PARAUAPEBAS.pdf,2025-11-26 17:57
68313-320,Proteu,tv,Alvorá,68313-320 Proteu - tv - Alvorá,NOVOS CEPs DE PARAUAPEBAS.pdf,2025-11-26 17:57
68317-690,Provérbios,tv,At Bonito,68317-690 Provérbios - tv - At Bonito,NOVOS CEPs DE PARAUAPEBAS.pdf,2025-11-26 17:57
68317-208,Providência,tv,Beira Rio,68317-208 Providência - tv - Beira Rio,NOVOS CEPs DE PARAUAPEBAS.pdf,2025-11-26 17:57
68311-062,Prudente de Moraes,r,Paraíso,68311-062 Prudente de Moraes - r - Paraíso,NOVOS CEPs DE PARAUAPEBAS.pdf,2025-11-26 17:57
68311-096,"Prudente, Presidente",av,Paraíso,"68311-096 Prudente, Presidente - av - Paraíso",NOVOS CEPs DE PARAUAPEBAS.pdf,2025-11-26 17:57
68317-636,Ptolomeu,tv,At Bonito,68317-636 Ptolomeu - tv - At Bonito,NOVOS CEPs DE PARAUAPEBAS.pdf,2025-11-26 17:57
68312-194,Pupunha,r,Brasília,68312-194 Pupunha - r - Brasília,NOVOS CEPs DE PARAUAPEBAS.pdf,2025-11-26 17:57
68318-139,Purus,r,Habitar Feliz,68318-139 Purus - r - Habitar Feliz,NOVOS CEPs DE PARAUAPEBAS.pdf,2025-11-26 17:57
68310-482,Q,r,União,68310-482 Q - r - União,NOVOS CEPs DE PARAUAPEBAS.pdf,2025-11-26 17:57
68317-470,Quaco,tv,Jd Canadá,68317-470 Quaco - tv - Jd Canadá,NOVOS CEPs DE PARAUAPEBAS.pdf,2025-11-26 17:57
68319-035,Quaresma,r,Tropical,68319-035 Quaresma - r - Tropical,NOVOS CEPs DE PARAUAPEBAS.pdf,2025-11-26 17:57
68317-464,Quaresmeira,tv,Jd Canadá,68317-464 Quaresmeira - tv - Jd Canadá,NOVOS CEPs DE PARAUAPEBAS.pdf,2025-11-26 17:57
68316-145,Quartzo,tv,Minérios,68316-145 Quartzo - tv - Minérios,NOVOS CEPs DE PARAUAPEBAS.pdf,2025-11-26 17:57
68319-145,Queiroz,tv,Tropical,68319-145 Queiroz - tv - Tropical,NOVOS CEPs DE PARAUAPEBAS.pdf,2025-11-26 17:57
68313-754,Quénia,tv,N Carajás,68313-754 Quénia - tv - N Carajás,NOVOS CEPs DE PARAUAPEBAS.pdf,2025-11-26 17:57
68320-270,Quilombo dos Palmares,r,Palmares II,68320-270 Quilombo dos Palmares - r - Palmares II,NOVOS CEPs DE PARAUAPEBAS.pdf,2025-11-26 17:57
68315-041,Quimera,r,Cid Jardim,68315-041 Quimera - r - Cid Jardim,NOVOS CEPs DE PARAUAPEBAS.pdf,2025-11-26 17:57
68315-321,Quincas Borba,r,Cid Jardim,68315-321 Quincas Borba - r - Cid Jardim,NOVOS CEPs DE PARAUAPEBAS.pdf,2025-11-26 17:57
68319-113,Quintela,r,Tropical,68319-113 Quintela - r - Tropical,NOVOS CEPs DE PARAUAPEBAS.pdf,2025-11-26 17:57
68318-730,Quito,r,Vle Sol,68318-730 Quito - r - Vle Sol,NOVOS CEPs DE PARAUAPEBAS.pdf,2025-11-26 17:57
68315-727,Quixaba,tv,Cid Jardim,68315-727 Quixaba - tv - Cid Jardim,NOVOS CEPs DE PARAUAPEBAS.pdf,2025-11-26 17:57
68310-492,R,r,União,68310-492 R - r - União,NOVOS CEPs DE PARAUAPEBAS.pdf,2025-11-26 17:57
68317-362,Racing,tv,Beira Rio,68317-362 Racing - tv - Beira Rio,NOVOS CEPs DE PARAUAPEBAS.pdf,2025-11-26 17:57
68317-540,Ráfis,tv,Jd Canadá,68317-540 Ráfis - tv - Jd Canadá,NOVOS CEPs DE PARAUAPEBAS.pdf,2025-11-26 17:57
68315-819,Rambutão,tv,Cid Jardim,68315-819 Rambutão - tv - Cid Jardim,NOVOS CEPs DE PARAUAPEBAS.pdf,2025-11-26 17:57
68319-203,Ramos,tv,Tropical,68319-203 Ramos - tv - Tropical,NOVOS CEPs DE PARAUAPEBAS.pdf,2025-11-26 17:57
68311-106,Ranieri Mazzilli,r,Paraíso,68311-106 Ranieri Mazzilli - r - Paraíso,NOVOS CEPs DE PARAUAPEBAS.pdf,2025-11-26 17:57
68310-384,Raul Seixas,al,Primavera,68310-384 Raul Seixas - al - Primavera,NOVOS CEPs DE PARAUAPEBAS.pdf,2025-11-26 17:57
68311-372,Raul Seixas,r,Jd América,68311-372 Raul Seixas - r - Jd América,NOVOS CEPs DE PARAUAPEBAS.pdf,2025-11-26 17:57
68311-714,Raul Seixas,r,Prq Nações,68311-714 Raul Seixas - r - Prq Nações,NOVOS CEPs DE PARAUAPEBAS.pdf,2025-11-26 17:57
68310-808,Real Madrid,r,N Vida,68310-808 Real Madrid - r - N Vida,NOVOS CEPs DE PARAUAPEBAS.pdf,2025-11-26 17:57
68320-017,Recife,tv,Palmares Sul,68320-017 Recife - tv - Palmares Sul,NOVOS CEPs DE PARAUAPEBAS.pdf,2025-11-26 17:57
68311-150,Redenção,r,Esplanada,68311-150 Redenção - r - Esplanada,NOVOS CEPs DE PARAUAPEBAS.pdf,2025-11-26 17:57
68311-200,Redenção,r,Linha Verde,68311-200 Redenção - r - Linha Verde,NOVOS CEPs DE PARAUAPEBAS.pdf,2025-11-26 17:57
68317-654,Redentor,tv,At Bonito,68317-654 Redentor - tv - At Bonito,NOVOS CEPs DE PARAUAPEBAS.pdf,2025-11-26 17:57
68317-210,Reduto,al,Beira Rio,68317-210 Reduto - al - Beira Rio,NOVOS CEPs DE PARAUAPEBAS.pdf,2025-11-26 17:57
68313-322,Régulo,tv,Alvorá,68313-322 Régulo - tv - Alvorá,NOVOS CEPs DE PARAUAPEBAS.pdf,2025-11-26 17:57
68318-298,Rei Davi,r,Betânia,68318-298 Rei Davi - r - Betânia,NOVOS CEPs DE PARAUAPEBAS.pdf,2025-11-26 17:57
68319-149,Reis,tv,Tropical,68319-149 Reis - tv - Tropical,NOVOS CEPs DE PARAUAPEBAS.pdf,2025-11-26 17:57
68317-688,"Reis , dos",tv,At Bonito,"68317-688 Reis , dos - tv - At Bonito",NOVOS CEPs DE PARAUAPEBAS.pdf,2025-11-26 17:57
68317-322,Remo,tv,Beira Rio,68317-322 Remo - tv - Beira Rio,NOVOS CEPs DE PARAUAPEBAS.pdf,2025-11-26 17:57
68315-009,Rêmola,r,Cid Jardim,68315-009 Rêmola - r - Cid Jardim,NOVOS CEPs DE PARAUAPEBAS.pdf,2025-11-26 17:57
68318-236,Renato Russo,r,Altamira,68318-236 Renato Russo - r - Altamira,NOVOS CEPs DE PARAUAPEBAS.pdf,2025-11-26 17:57
68318-005,Renato Russo,r,Habitar Feliz,68318-005 Renato Russo - r - Habitar Feliz,NOVOS CEPs DE PARAUAPEBAS.pdf,2025-11-26 17:57
68315-509,Rendeira,r,Cid Jardim,68315-509 Rendeira - r - Cid Jardim,NOVOS CEPs DE PARAUAPEBAS.pdf,2025-11-26 17:57
68316-081,Rênio,tv,Minérios,68316-081 Rênio - tv - Minérios,NOVOS CEPs DE PARAUAPEBAS.pdf,2025-11-26 17:57
68317-612,"Renovo , do",r,At Bonito,"68317-612 Renovo , do - r - At Bonito",NOVOS CEPs DE PARAUAPEBAS.pdf,2025-11-26 17:57
68311-530,Resplendor,r,Morada Nova,68311-530 Resplendor - r - Morada Nova,NOVOS CEPs DE PARAUAPEBAS.pdf,2025-11-26 17:57
68311-496,Rezende,r,Morada Nova,68311-496 Rezende - r - Morada Nova,NOVOS CEPs DE PARAUAPEBAS.pdf,2025-11-26 17:57
68311-502,Riachão,r,Morada Nova,68311-502 Riachão - r - Morada Nova,NOVOS CEPs DE PARAUAPEBAS.pdf,2025-11-26 17:57
68313-810,Riade,tv,N Carajás,68313-810 Riade - tv - N Carajás,NOVOS CEPs DE PARAUAPEBAS.pdf,2025-11-26 17:57
68311-642,Ribeira,tv,S Lucas,68311-642 Ribeira - tv - S Lucas,NOVOS CEPs DE PARAUAPEBAS.pdf,2025-11-26 17:57
68313-172,Ribeirão Preto,tv,Apoena,68313-172 Ribeirão Preto - tv - Apoena,NOVOS CEPs DE PARAUAPEBAS.pdf,2025-11-26 17:57
68319-103,Ribeiro,r,Tropical,68319-103 Ribeiro - r - Tropical,NOVOS CEPs DE PARAUAPEBAS.pdf,2025-11-26 17:57
68311-360,Ride,tv,Jd América,68311-360 Ride - tv - Jd América,NOVOS CEPs DE PARAUAPEBAS.pdf,2025-11-26 17:57
68311-704,Ride,tv,Prq Nações,68311-704 Ride - tv - Prq Nações,NOVOS CEPs DE PARAUAPEBAS.pdf,2025-11-26 17:57
68313-722,Rigas,tv,N Carajás,68313-722 Rigas - tv - N Carajás,NOVOS CEPs DE PARAUAPEBAS.pdf,2025-11-26 17:57
68313-296,Rigel,tv,Alvorá,68313-296 Rigel - tv - Alvorá,NOVOS CEPs DE PARAUAPEBAS.pdf,2025-11-26 17:57
68317-037,Rikbatisa,r,Prq Carajás,68317-037 Rikbatisa - r - Prq Carajás,NOVOS CEPs DE PARAUAPEBAS.pdf,2025-11-26 17:57
68317-228,Rio Azul,r,Beira Rio,68317-228 Rio Azul - r - Beira Rio,NOVOS CEPs DE PARAUAPEBAS.pdf,2025-11-26 17:57
68320-047,Rio Branco,r,Palmares Sul,68320-047 Rio Branco - r - Palmares Sul,NOVOS CEPs DE PARAUAPEBAS.pdf,2025-11-26 17:57
68317-230,Rio Branco,r,Beira Rio,68317-230 Rio Branco - r - Beira Rio,NOVOS CEPs DE PARAUAPEBAS.pdf,2025-11-26 17:57
68317-232,Rio Claro,r,Beira Rio,68317-232 Rio Claro - r - Beira Rio,NOVOS CEPs DE PARAUAPEBAS.pdf,2025-11-26 17:57
68320-045,Rio de Janeiro,r,Palmares Sul,68320-045 Rio de Janeiro - r - Palmares Sul,NOVOS CEPs DE PARAUAPEBAS.pdf,2025-11-26 17:57
68310-088,Rio de Janeiro,r,Rio Verde,68310-088 Rio de Janeiro - r - Rio Verde,NOVOS CEPs DE PARAUAPEBAS.pdf,2025-11-26 17:57
68310-504,Rio de Janeiro,r,União,68310-504 Rio de Janeiro - r - União,NOVOS CEPs DE PARAUAPEBAS.pdf,2025-11-26 17:57
68317-236,Rio Dourado,r,Beira Rio,68317-236 Rio Dourado - r - Beira Rio,NOVOS CEPs DE PARAUAPEBAS.pdf,2025-11-26 17:57
68315-459,Rio Maria,tv,Cid Jardim,68315-459 Rio Maria - tv - Cid Jardim,NOVOS CEPs DE PARAUAPEBAS.pdf,2025-11-26 17:57
68317-240,Rio Negro,r,Beira Rio,68317-240 Rio Negro - r - Beira Rio,NOVOS CEPs DE PARAUAPEBAS.pdf,2025-11-26 17:57
68320-202,Rio Novo,r,Palmares II,68320-202 Rio Novo - r - Palmares II,NOVOS CEPs DE PARAUAPEBAS.pdf,2025-11-26 17:57
68317-234,Rio Novo,tv,Beira Rio,68317-234 Rio Novo - tv - Beira Rio,NOVOS CEPs DE PARAUAPEBAS.pdf,2025-11-26 17:57
68318-059,Rio Parnaíba,r,Habitar Feliz,68318-059 Rio Parnaíba - r - Habitar Feliz,NOVOS CEPs DE PARAUAPEBAS.pdf,2025-11-26 17:57
68317-242,Rio Verde,tv,Beira Rio,68317-242 Rio Verde - tv - Beira Rio,NOVOS CEPs DE PARAUAPEBAS.pdf,2025-11-26 17:57
68317-244,Rio Vermelho,r,Beira Rio,68317-244 Rio Vermelho - r - Beira Rio,NOVOS CEPs DE PARAUAPEBAS.pdf,2025-11-26 17:57
68310-190,"Rita, Santa",r,Rio Verde,"68310-190 Rita, Santa - r - Rio Verde",NOVOS CEPs DE PARAUAPEBAS.pdf,2025-11-26 17:57
68313-390,Rivera,r,N Carajás,68313-390 Rivera - r - N Carajás,NOVOS CEPs DE PARAUAPEBAS.pdf,2025-11-26 17:57
68315-027,Robalo,r,Cid Jardim,68315-027 Robalo - r - Cid Jardim,NOVOS CEPs DE PARAUAPEBAS.pdf,2025-11-26 17:57
68311-420,Roberto Landell,r,Jd América,68311-420 Roberto Landell - r - Jd América,NOVOS CEPs DE PARAUAPEBAS.pdf,2025-11-26 17:57
68319-181,Rocha,tv,Tropical,68319-181 Rocha - tv - Tropical,NOVOS CEPs DE PARAUAPEBAS.pdf,2025-11-26 17:57
68317-778,Rochedo,tv,Polo Moveleiro,68317-778 Rochedo - tv - Polo Moveleiro,NOVOS CEPs DE PARAUAPEBAS.pdf,2025-11-26 17:57
68319-322,Rodolfo Chermont,tv,Novo Viver,68319-322 Rodolfo Chermont - tv - Novo Viver,NOVOS CEPs DE PARAUAPEBAS.pdf,2025-11-26 17:57
68319-197,Rodrigues,r,Tropical,68319-197 Rodrigues - r - Tropical,NOVOS CEPs DE PARAUAPEBAS.pdf,2025-11-26 17:57
68310-606,Rogerio Cardoso,r,Liberdade I,68310-606 Rogerio Cardoso - r - Liberdade I,NOVOS CEPs DE PARAUAPEBAS.pdf,2025-11-26 17:57
68310-670,Rogerio Cardoso,r,LIberdade II,68310-670 Rogerio Cardoso - r - LIberdade II,NOVOS CEPs DE PARAUAPEBAS.pdf,2025-11-26 17:57
68310-130,Rogerio Cardoso,r,Rio Verde,68310-130 Rogerio Cardoso - r - Rio Verde,NOVOS CEPs DE PARAUAPEBAS.pdf,2025-11-26 17:57
68312-242,Romã,r,Brasília,68312-242 Romã - r - Brasília,NOVOS CEPs DE PARAUAPEBAS.pdf,2025-11-26 17:57
68313-586,Roma,r,N Carajás,68313-586 Roma - r - N Carajás,NOVOS CEPs DE PARAUAPEBAS.pdf,2025-11-26 17:57
68315-293,Romã,tv,Cid Jardim,68315-293 Romã - tv - Cid Jardim,NOVOS CEPs DE PARAUAPEBAS.pdf,2025-11-26 17:57
68318-744,Romênia,r,Vle Sol,68318-744 Romênia - r - Vle Sol,NOVOS CEPs DE PARAUAPEBAS.pdf,2025-11-26 17:57
68310-094,"Rondon, Marechal",av,Rio Verde,"68310-094 Rondon, Marechal - av - Rio Verde",NOVOS CEPs DE PARAUAPEBAS.pdf,2025-11-26 17:57
68315-735,Rosa de Pedra,tv,Cid Jardim,68315-735 Rosa de Pedra - tv - Cid Jardim,NOVOS CEPs DE PARAUAPEBAS.pdf,2025-11-26 17:57
68315-779,Rosa de Saron,tv,Cid Jardim,68315-779 Rosa de Saron - tv - Cid Jardim,NOVOS CEPs DE PARAUAPEBAS.pdf,2025-11-26 17:57
68317-382,Rosa Linda,tv,Beira Rio,68317-382 Rosa Linda - tv - Beira Rio,NOVOS CEPs DE PARAUAPEBAS.pdf,2025-11-26 17:57
68311-600,Rosário,r,S Lucas,68311-600 Rosário - r - S Lucas,NOVOS CEPs DE PARAUAPEBAS.pdf,2025-11-26 17:57
68315-153,Rosas,tv,Cid Jardim,68315-153 Rosas - tv - Cid Jardim,NOVOS CEPs DE PARAUAPEBAS.pdf,2025-11-26 17:57
68320-244,Roseli Nunes,r,Palmares II,68320-244 Roseli Nunes - r - Palmares II,NOVOS CEPs DE PARAUAPEBAS.pdf,2025-11-26 17:57
68313-830,Rosetta,tv,N Carajás,68313-830 Rosetta - tv - N Carajás,NOVOS CEPs DE PARAUAPEBAS.pdf,2025-11-26 17:57
68313-500,Rostock,r,N Carajás,68313-500 Rostock - r - N Carajás,NOVOS CEPs DE PARAUAPEBAS.pdf,2025-11-26 17:57
68315-523,Rouxinol,r,Cid Jardim,68315-523 Rouxinol - r - Cid Jardim,NOVOS CEPs DE PARAUAPEBAS.pdf,2025-11-26 17:57
68311-302,Rubem Alves,r,Jd América,68311-302 Rubem Alves - r - Jd América,NOVOS CEPs DE PARAUAPEBAS.pdf,2025-11-26 17:57
68311-404,Rubi,r,Jd América,68311-404 Rubi - r - Jd América,NOVOS CEPs DE PARAUAPEBAS.pdf,2025-11-26 17:57
68311-662,Rubim,tv,S Lucas,68311-662 Rubim - tv - S Lucas,NOVOS CEPs DE PARAUAPEBAS.pdf,2025-11-26 17:57
68317-051,Rudá,tv,Prq Carajás,68317-051 Rudá - tv - Prq Carajás,NOVOS CEPs DE PARAUAPEBAS.pdf,2025-11-26 17:57
68311-005,Rui Barbosa,r,Guanabara,68311-005 Rui Barbosa - r - Guanabara,NOVOS CEPs DE PARAUAPEBAS.pdf,2025-11-26 17:57
68310-766,Rui Barbosa,r,N Vida,68310-766 Rui Barbosa - r - N Vida,NOVOS CEPs DE PARAUAPEBAS.pdf,2025-11-26 17:57
68320-890,Rural,a,A Rur Parauapebas,68320-890 Rural - a - A Rur Parauapebas,NOVOS CEPs DE PARAUAPEBAS.pdf,2025-11-26 17:57
68313-806,Rússia,r,N Carajás,68313-806 Rússia - r - N Carajás,NOVOS CEPs DE PARAUAPEBAS.pdf,2025-11-26 17:57
68316-071,Rutênio,tv,Minérios,68316-071 Rutênio - tv - Minérios,NOVOS CEPs DE PARAUAPEBAS.pdf,2025-11-26 17:57
68316-051,Rutilo,tv,Minérios,68316-051 Rutilo - tv - Minérios,NOVOS CEPs DE PARAUAPEBAS.pdf,2025-11-26 17:57
68311-318,Ruy Fausto,r,Jd América,68311-318 Ruy Fausto - r - Jd América,NOVOS CEPs DE PARAUAPEBAS.pdf,2025-11-26 17:57
68310-490,S,r,União,68310-490 S - r - União,NOVOS CEPs DE PARAUAPEBAS.pdf,2025-11-26 17:57
68311-540,Sabará,r,Morada Nova,68311-540 Sabará - r - Morada Nova,NOVOS CEPs DE PARAUAPEBAS.pdf,2025-11-26 17:57
68315-517,Sabiá,r,Cid Jardim,68315-517 Sabiá - r - Cid Jardim,NOVOS CEPs DE PARAUAPEBAS.pdf,2025-11-26 17:57
68319-334,Sabino Silva,tv,Novo Viver,68319-334 Sabino Silva - tv - Novo Viver,NOVOS CEPs DE PARAUAPEBAS.pdf,2025-11-26 17:57
68317-268,Sacramenta,tv,Beira Rio,68317-268 Sacramenta - tv - Beira Rio,NOVOS CEPs DE PARAUAPEBAS.pdf,2025-11-26 17:57
68317-664,Sadraque,tv,At Bonito,68317-664 Sadraque - tv - At Bonito,NOVOS CEPs DE PARAUAPEBAS.pdf,2025-11-26 17:57
68311-402,Safira,r,Jd América,68311-402 Safira - r - Jd América,NOVOS CEPs DE PARAUAPEBAS.pdf,2025-11-26 17:57
68317-670,Safonias,tv,At Bonito,68317-670 Safonias - tv - At Bonito,NOVOS CEPs DE PARAUAPEBAS.pdf,2025-11-26 17:57
68311-500,Sagres,r,Morada Nova,68311-500 Sagres - r - Morada Nova,NOVOS CEPs DE PARAUAPEBAS.pdf,2025-11-26 17:57
68312-266,Sagui,r,Brasília,68312-266 Sagui - r - Brasília,NOVOS CEPs DE PARAUAPEBAS.pdf,2025-11-26 17:57
68312-258,Salak,r,Brasília,68312-258 Salak - r - Brasília,NOVOS CEPs DE PARAUAPEBAS.pdf,2025-11-26 17:57
68317-624,Salatiel,tv,At Bonito,68317-624 Salatiel - tv - At Bonito,NOVOS CEPs DE PARAUAPEBAS.pdf,2025-11-26 17:57
68319-081,Sales,tv,Tropical,68319-081 Sales - tv - Tropical,NOVOS CEPs DE PARAUAPEBAS.pdf,2025-11-26 17:57
68315-253,Salinópolis,tv,Cid Jardim,68315-253 Salinópolis - tv - Cid Jardim,NOVOS CEPs DE PARAUAPEBAS.pdf,2025-11-26 17:57
68315-653,Salmão,r,Cid Jardim,68315-653 Salmão - r - Cid Jardim,NOVOS CEPs DE PARAUAPEBAS.pdf,2025-11-26 17:57
68317-686,Salmos,r,At Bonito,68317-686 Salmos - r - At Bonito,NOVOS CEPs DE PARAUAPEBAS.pdf,2025-11-26 17:57
68315-471,Salnema,tv,Cid Jardim,68315-471 Salnema - tv - Cid Jardim,NOVOS CEPs DE PARAUAPEBAS.pdf,2025-11-26 17:57
68311-796,Salomão,r,Prq Nações,68311-796 Salomão - r - Prq Nações,NOVOS CEPs DE PARAUAPEBAS.pdf,2025-11-26 17:57
68313-842,Salomão,tv,N Carajás,68313-842 Salomão - tv - N Carajás,NOVOS CEPs DE PARAUAPEBAS.pdf,2025-11-26 17:57
68310-610,Salvador,r,Liberdade I,68310-610 Salvador - r - Liberdade I,NOVOS CEPs DE PARAUAPEBAS.pdf,2025-11-26 17:57
68320-031,Salvador,r,Palmares Sul,68320-031 Salvador - r - Palmares Sul,NOVOS CEPs DE PARAUAPEBAS.pdf,2025-11-26 17:57
68315-319,Salvador Dalí,tv,Cid Jardim,68315-319 Salvador Dalí - tv - Cid Jardim,NOVOS CEPs DE PARAUAPEBAS.pdf,2025-11-26 17:57
68313-100,Salvador Flauzino,av,Amazônia,68313-100 Salvador Flauzino - av - Amazônia,NOVOS CEPs DE PARAUAPEBAS.pdf,2025-11-26 17:57
68313-035,Salvador Flauzino,av,Novo Brasil,68313-035 Salvador Flauzino - av - Novo Brasil,NOVOS CEPs DE PARAUAPEBAS.pdf,2025-11-26 17:57
68315-123,Salvaterra,r,Cid Jardim,68315-123 Salvaterra - r - Cid Jardim,NOVOS CEPs DE PARAUAPEBAS.pdf,2025-11-26 17:57
68315-221,Sálvia,tv,Cid Jardim,68315-221 Sálvia - tv - Cid Jardim,NOVOS CEPs DE PARAUAPEBAS.pdf,2025-11-26 17:57
68315-799,Salvinha,r,Cid Jardim,68315-799 Salvinha - r - Cid Jardim,NOVOS CEPs DE PARAUAPEBAS.pdf,2025-11-26 17:57
68315-393,Samambaia,r,Cid Jardim,68315-393 Samambaia - r - Cid Jardim,NOVOS CEPs DE PARAUAPEBAS.pdf,2025-11-26 17:57
68317-708,Samaritano,r,At Bonito,68317-708 Samaritano - r - At Bonito,NOVOS CEPs DE PARAUAPEBAS.pdf,2025-11-26 17:57
68313-770,Samoa,tv,N Carajás,68313-770 Samoa - tv - N Carajás,NOVOS CEPs DE PARAUAPEBAS.pdf,2025-11-26 17:57
68317-384,Sampaio Corrêia,r,Beira Rio,68317-384 Sampaio Corrêia - r - Beira Rio,NOVOS CEPs DE PARAUAPEBAS.pdf,2025-11-26 17:57
68318-294,San Diego,r,Betânia,68318-294 San Diego - r - Betânia,NOVOS CEPs DE PARAUAPEBAS.pdf,2025-11-26 17:57
68319-177,Sanches,tv,Tropical,68319-177 Sanches - tv - Tropical,NOVOS CEPs DE PARAUAPEBAS.pdf,2025-11-26 17:57
68315-617,Sancho,tv,Cid Jardim,68315-617 Sancho - tv - Cid Jardim,NOVOS CEPs DE PARAUAPEBAS.pdf,2025-11-26 17:57
68318-318,Sansão,tv,Betânia,68318-318 Sansão - tv - Betânia,NOVOS CEPs DE PARAUAPEBAS.pdf,2025-11-26 17:57
68311-168,Santana,r,Esplanada,68311-168 Santana - r - Esplanada,NOVOS CEPs DE PARAUAPEBAS.pdf,2025-11-26 17:57
68318-296,Santiago,r,Betânia,68318-296 Santiago - r - Betânia,NOVOS CEPs DE PARAUAPEBAS.pdf,2025-11-26 17:57
68311-138,Santorini,r,Esplanada,68311-138 Santorini - r - Esplanada,NOVOS CEPs DE PARAUAPEBAS.pdf,2025-11-26 17:57
68315-707,Santos,tv,Cid Jardim,68315-707 Santos - tv - Cid Jardim,NOVOS CEPs DE PARAUAPEBAS.pdf,2025-11-26 17:57
68320-013,Santos Drumont,r,Palmares Sul,68320-013 Santos Drumont - r - Palmares Sul,NOVOS CEPs DE PARAUAPEBAS.pdf,2025-11-26 17:57
68311-352,Santos Dumont,r,Jd América,68311-352 Santos Dumont - r - Jd América,NOVOS CEPs DE PARAUAPEBAS.pdf,2025-11-26 17:57
68311-306,São Caetano,r,Jd América,68311-306 São Caetano - r - Jd América,NOVOS CEPs DE PARAUAPEBAS.pdf,2025-11-26 17:57
68310-822,São Caetano,r,N Vida,68310-822 São Caetano - r - N Vida,NOVOS CEPs DE PARAUAPEBAS.pdf,2025-11-26 17:57
68310-178,São Caetano,r,Rio Verde,68310-178 São Caetano - r - Rio Verde,NOVOS CEPs DE PARAUAPEBAS.pdf,2025-11-26 17:57
68311-017,São Francisco,r,Guanabara,68311-017 São Francisco - r - Guanabara,NOVOS CEPs DE PARAUAPEBAS.pdf,2025-11-26 17:57
68310-794,São Francisco,r,N Vida,68310-794 São Francisco - r - N Vida,NOVOS CEPs DE PARAUAPEBAS.pdf,2025-11-26 17:57
68310-047,São Francisco,r,Paz,68310-047 São Francisco - r - Paz,NOVOS CEPs DE PARAUAPEBAS.pdf,2025-11-26 17:57
68310-188,São João,r,Rio Verde,68310-188 São João - r - Rio Verde,NOVOS CEPs DE PARAUAPEBAS.pdf,2025-11-26 17:57
68311-031,São João Batista,r,Guanabara,68311-031 São João Batista - r - Guanabara,NOVOS CEPs DE PARAUAPEBAS.pdf,2025-11-26 17:57
68320-242,São João Batista,r,Palmares II,68320-242 São João Batista - r - Palmares II,NOVOS CEPs DE PARAUAPEBAS.pdf,2025-11-26 17:57
68310-031,São João Batista,r,Paz,68310-031 São João Batista - r - Paz,NOVOS CEPs DE PARAUAPEBAS.pdf,2025-11-26 17:57
68311-039,São Jorge,r,Guanabara,68311-039 São Jorge - r - Guanabara,NOVOS CEPs DE PARAUAPEBAS.pdf,2025-11-26 17:57
68310-023,São Jorge,r,Paz,68310-023 São Jorge - r - Paz,NOVOS CEPs DE PARAUAPEBAS.pdf,2025-11-26 17:57
68320-292,São José,r,Palmares II,68320-292 São José - r - Palmares II,NOVOS CEPs DE PARAUAPEBAS.pdf,2025-11-26 17:57
68310-160,São José,r,Rio Verde,68310-160 São José - r - Rio Verde,NOVOS CEPs DE PARAUAPEBAS.pdf,2025-11-26 17:57
68310-196,São Judas Tadeu,r,Rio Verde,68310-196 São Judas Tadeu - r - Rio Verde,NOVOS CEPs DE PARAUAPEBAS.pdf,2025-11-26 17:57
68318-282,São Lázaro,r,Betânia,68318-282 São Lázaro - r - Betânia,NOVOS CEPs DE PARAUAPEBAS.pdf,2025-11-26 17:57
68318-264,São Lucas,r,Betânia,68318-264 São Lucas - r - Betânia,NOVOS CEPs DE PARAUAPEBAS.pdf,2025-11-26 17:57
68320-288,São Luis,r,Palmares II,68320-288 São Luis - r - Palmares II,NOVOS CEPs DE PARAUAPEBAS.pdf,2025-11-26 17:57
68320-039,São Luís,r,Palmares Sul,68320-039 São Luís - r - Palmares Sul,NOVOS CEPs DE PARAUAPEBAS.pdf,2025-11-26 17:57
68310-310,São Luís,r,Primavera,68310-310 São Luís - r - Primavera,NOVOS CEPs DE PARAUAPEBAS.pdf,2025-11-26 17:57
68318-262,São Marcos,r,Betânia,68318-262 São Marcos - r - Betânia,NOVOS CEPs DE PARAUAPEBAS.pdf,2025-11-26 17:57
68318-276,São Mateus,r,Betânia,68318-276 São Mateus - r - Betânia,NOVOS CEPs DE PARAUAPEBAS.pdf,2025-11-26 17:57
68310-114,São Miguel,tv,Rio Verde,68310-114 São Miguel - tv - Rio Verde,NOVOS CEPs DE PARAUAPEBAS.pdf,2025-11-26 17:57
68320-051,São Paulo,r,Palmares Sul,68320-051 São Paulo - r - Palmares Sul,NOVOS CEPs DE PARAUAPEBAS.pdf,2025-11-26 17:57
68310-304,São Paulo,r,Primavera,68310-304 São Paulo - r - Primavera,NOVOS CEPs DE PARAUAPEBAS.pdf,2025-11-26 17:57
68310-760,São Raimundo Nonato,r,N Vida,68310-760 São Raimundo Nonato - r - N Vida,NOVOS CEPs DE PARAUAPEBAS.pdf,2025-11-26 17:57
68310-100,São Raimundo Nonato,r,Rio Verde,68310-100 São Raimundo Nonato - r - Rio Verde,NOVOS CEPs DE PARAUAPEBAS.pdf,2025-11-26 17:57
68311-726,São Tomé,r,Prq Nações,68311-726 São Tomé - r - Prq Nações,NOVOS CEPs DE PARAUAPEBAS.pdf,2025-11-26 17:57
68317-724,São Silvestre,tv,At Bonito,68317-724 São Silvestre - tv - At Bonito,NOVOS CEPs DE PARAUAPEBAS.pdf,2025-11-26 17:57
68310-554,São Vicente,tv,Liberdade I,68310-554 São Vicente - tv - Liberdade I,NOVOS CEPs DE PARAUAPEBAS.pdf,2025-11-26 17:57
68315-295,Sapoti,tv,Cid Jardim,68315-295 Sapoti - tv - Cid Jardim,NOVOS CEPs DE PARAUAPEBAS.pdf,2025-11-26 17:57
68310-370,Sapucaia,r,Primavera,68310-370 Sapucaia - r - Primavera,NOVOS CEPs DE PARAUAPEBAS.pdf,2025-11-26 17:57
68311-658,Saquarema,r,S Lucas,68311-658 Saquarema - r - S Lucas,NOVOS CEPs DE PARAUAPEBAS.pdf,2025-11-26 17:57
68319-237,Saraf,tv,Tropical,68319-237 Saraf - tv - Tropical,NOVOS CEPs DE PARAUAPEBAS.pdf,2025-11-26 17:57
68313-446,Saraievo,r,N Carajás,68313-446 Saraievo - r - N Carajás,NOVOS CEPs DE PARAUAPEBAS.pdf,2025-11-26 17:57
68319-061,Saraiva,r,Tropical,68319-061 Saraiva - r - Tropical,NOVOS CEPs DE PARAUAPEBAS.pdf,2025-11-26 17:57
68315-579,Sarda,r,Cid Jardim,68315-579 Sarda - r - Cid Jardim,NOVOS CEPs DE PARAUAPEBAS.pdf,2025-11-26 17:57
68313-274,Sargas,r,Alvorá,68313-274 Sargas - r - Alvorá,NOVOS CEPs DE PARAUAPEBAS.pdf,2025-11-26 17:57
68319-017,Sarges,tv,Tropical,68319-017 Sarges - tv - Tropical,NOVOS CEPs DE PARAUAPEBAS.pdf,2025-11-26 17:57
68315-463,Sargo,tv,Cid Jardim,68315-463 Sargo - tv - Cid Jardim,NOVOS CEPs DE PARAUAPEBAS.pdf,2025-11-26 17:57
68317-015,Saruê,av,Prq Carajás,68317-015 Saruê - av - Prq Carajás,NOVOS CEPs DE PARAUAPEBAS.pdf,2025-11-26 17:57
68313-266,Satélite,r,Alvorá,68313-266 Satélite - r - Alvorá,NOVOS CEPs DE PARAUAPEBAS.pdf,2025-11-26 17:57
68313-236,Saturno,r,Alvorá,68313-236 Saturno - r - Alvorá,NOVOS CEPs DE PARAUAPEBAS.pdf,2025-11-26 17:57
68315-519,Sauá,r,Cid Jardim,68315-519 Sauá - r - Cid Jardim,NOVOS CEPs DE PARAUAPEBAS.pdf,2025-11-26 17:57
68319-376,Sebastião de Lucena,tv,Novo Viver,68319-376 Sebastião de Lucena - tv - Novo Viver,NOVOS CEPs DE PARAUAPEBAS.pdf,2025-11-26 17:57
68313-288,Seginus,r,Alvorá,68313-288 Seginus - r - Alvorá,NOVOS CEPs DE PARAUAPEBAS.pdf,2025-11-26 17:57
68313-716,Segóvia,tv,N Carajás,68313-716 Segóvia - tv - N Carajás,NOVOS CEPs DE PARAUAPEBAS.pdf,2025-11-26 17:57
68315-723,Sena,tv,Cid Jardim,68315-723 Sena - tv - Cid Jardim,NOVOS CEPs DE PARAUAPEBAS.pdf,2025-11-26 17:57
68313-774,Senegal,r,N Carajás,68313-774 Senegal - r - N Carajás,NOVOS CEPs DE PARAUAPEBAS.pdf,2025-11-26 17:57
68318-752,Serafim Fernandes,r,Vle Sol,68318-752 Serafim Fernandes - r - Vle Sol,NOVOS CEPs DE PARAUAPEBAS.pdf,2025-11-26 17:57
68310-614,Sergipe,r,Liberdade I,68310-614 Sergipe - r - Liberdade I,NOVOS CEPs DE PARAUAPEBAS.pdf,2025-11-26 17:57
68310-716,Sergipe,r,LIberdade II,68310-716 Sergipe - r - LIberdade II,NOVOS CEPs DE PARAUAPEBAS.pdf,2025-11-26 17:57
68315-339,Seriema,r,Cid Jardim,68315-339 Seriema - r - Cid Jardim,NOVOS CEPs DE PARAUAPEBAS.pdf,2025-11-26 17:57
68312-154,Seriguela,r,Brasília,68312-154 Seriguela - r - Brasília,NOVOS CEPs DE PARAUAPEBAS.pdf,2025-11-26 17:57
68315-811,Seringueira,tv,Cid Jardim,68315-811 Seringueira - tv - Cid Jardim,NOVOS CEPs DE PARAUAPEBAS.pdf,2025-11-26 17:57
68313-268,Serra Arqueada,av,Alvorá,68313-268 Serra Arqueada - av - Alvorá,NOVOS CEPs DE PARAUAPEBAS.pdf,2025-11-26 17:57
68313-364,Serra Arqueada,av,N Carajás,68313-364 Serra Arqueada - av - N Carajás,NOVOS CEPs DE PARAUAPEBAS.pdf,2025-11-26 17:57
68310-720,Serra Azul,r,LIberdade II,68310-720 Serra Azul - r - LIberdade II,NOVOS CEPs DE PARAUAPEBAS.pdf,2025-11-26 17:57
68313-108,Serra Catarinense,r,Amazônia,68313-108 Serra Catarinense - r - Amazônia,NOVOS CEPs DE PARAUAPEBAS.pdf,2025-11-26 17:57
68313-130,Serra da Bocaina,al,Amazônia,68313-130 Serra da Bocaina - al - Amazônia,NOVOS CEPs DE PARAUAPEBAS.pdf,2025-11-26 17:57
68313-102,Serra da Canastra,r,Amazônia,68313-102 Serra da Canastra - r - Amazônia,NOVOS CEPs DE PARAUAPEBAS.pdf,2025-11-26 17:57
68313-118,Serra da Cantareira,r,Amazônia,68313-118 Serra da Cantareira - r - Amazônia,NOVOS CEPs DE PARAUAPEBAS.pdf,2025-11-26 17:57
68313-094,Serra da Mantiqueira,r,Amazônia,68313-094 Serra da Mantiqueira - r - Amazônia,NOVOS CEPs DE PARAUAPEBAS.pdf,2025-11-26 17:57
68313-114,Serra da Safira,r,Amazônia,68313-114 Serra da Safira - r - Amazônia,NOVOS CEPs DE PARAUAPEBAS.pdf,2025-11-26 17:57
68313-084,Serra de Pacaraíma,r,Amazônia,68313-084 Serra de Pacaraíma - r - Amazônia,NOVOS CEPs DE PARAUAPEBAS.pdf,2025-11-26 17:57
68313-096,Serra do Acaraí,r,Amazônia,68313-096 Serra do Acaraí - r - Amazônia,NOVOS CEPs DE PARAUAPEBAS.pdf,2025-11-26 17:57
68313-564,Serra do Buriti,r,N Carajás,68313-564 Serra do Buriti - r - N Carajás,NOVOS CEPs DE PARAUAPEBAS.pdf,2025-11-26 17:57
68313-128,Serra do Cachimbo,r,Amazônia,68313-128 Serra do Cachimbo - r - Amazônia,NOVOS CEPs DE PARAUAPEBAS.pdf,2025-11-26 17:57
68313-132,Serra do Cervo,r,Amazônia,68313-132 Serra do Cervo - r - Amazônia,NOVOS CEPs DE PARAUAPEBAS.pdf,2025-11-26 17:57
68313-664,Serra do Cinzento,r,N Carajás,68313-664 Serra do Cinzento - r - N Carajás,NOVOS CEPs DE PARAUAPEBAS.pdf,2025-11-26 17:57
68313-086,Serra do Cipó,r,Amazônia,68313-086 Serra do Cipó - r - Amazônia,NOVOS CEPs DE PARAUAPEBAS.pdf,2025-11-26 17:57
68313-092,Serra do Espinhaço,r,Amazônia,68313-092 Serra do Espinhaço - r - Amazônia,NOVOS CEPs DE PARAUAPEBAS.pdf,2025-11-26 17:57
68313-122,Serra do Imeri,r,Amazônia,68313-122 Serra do Imeri - r - Amazônia,NOVOS CEPs DE PARAUAPEBAS.pdf,2025-11-26 17:57
68313-110,Serra do Lenheiro,r,Amazônia,68313-110 Serra do Lenheiro - r - Amazônia,NOVOS CEPs DE PARAUAPEBAS.pdf,2025-11-26 17:57
68313-090,Serra do Mar,r,Amazônia,68313-090 Serra do Mar - r - Amazônia,NOVOS CEPs DE PARAUAPEBAS.pdf,2025-11-26 17:57
68313-126,Serra do Mirante,r,Amazônia,68313-126 Serra do Mirante - r - Amazônia,NOVOS CEPs DE PARAUAPEBAS.pdf,2025-11-26 17:57
68313-116,Serra do Rastro,r,Amazônia,68313-116 Serra do Rastro - r - Amazônia,NOVOS CEPs DE PARAUAPEBAS.pdf,2025-11-26 17:57
68313-112,Serra dos Alves,r,Amazônia,68313-112 Serra dos Alves - r - Amazônia,NOVOS CEPs DE PARAUAPEBAS.pdf,2025-11-26 17:57
68313-104,Serra dos Carajás,r,Amazônia,68313-104 Serra dos Carajás - r - Amazônia,NOVOS CEPs DE PARAUAPEBAS.pdf,2025-11-26 17:57
68313-106,Serra dos Cocais,r,Amazônia,68313-106 Serra dos Cocais - r - Amazônia,NOVOS CEPs DE PARAUAPEBAS.pdf,2025-11-26 17:57
68313-134,Serra dos Cristais,r,Amazônia,68313-134 Serra dos Cristais - r - Amazônia,NOVOS CEPs DE PARAUAPEBAS.pdf,2025-11-26 17:57
68313-088,Serra Gaúcha,r,Amazônia,68313-088 Serra Gaúcha - r - Amazônia,NOVOS CEPs DE PARAUAPEBAS.pdf,2025-11-26 17:57
68318-756,Serra Leoa,r,Vle Sol,68318-756 Serra Leoa - r - Vle Sol,NOVOS CEPs DE PARAUAPEBAS.pdf,2025-11-26 17:57
68313-672,Serra Norte,r,N Carajás,68313-672 Serra Norte - r - N Carajás,NOVOS CEPs DE PARAUAPEBAS.pdf,2025-11-26 17:57
68313-512,Serra Pelada,r,N Carajás,68313-512 Serra Pelada - r - N Carajás,NOVOS CEPs DE PARAUAPEBAS.pdf,2025-11-26 17:57
68313-780,Serra Sereno,r,N Carajás,68313-780 Serra Sereno - r - N Carajás,NOVOS CEPs DE PARAUAPEBAS.pdf,2025-11-26 17:57
68313-670,Serra Sul,r,N Carajás,68313-670 Serra Sul - r - N Carajás,NOVOS CEPs DE PARAUAPEBAS.pdf,2025-11-26 17:57
68319-227,Serrano,r,Tropical,68319-227 Serrano - r - Tropical,NOVOS CEPs DE PARAUAPEBAS.pdf,2025-11-26 17:57
68315-205,Sertões,tv,Cid Jardim,68315-205 Sertões - tv - Cid Jardim,NOVOS CEPs DE PARAUAPEBAS.pdf,2025-11-26 17:57
68313-796,Sérvia,tv,N Carajás,68313-796 Sérvia - tv - N Carajás,NOVOS CEPs DE PARAUAPEBAS.pdf,2025-11-26 17:57
68310-846,Sevilha,tv,N Vida,68310-846 Sevilha - tv - N Vida,NOVOS CEPs DE PARAUAPEBAS.pdf,2025-11-26 17:57
68317-720,Shalon,tv,At Bonito,68317-720 Shalon - tv - At Bonito,NOVOS CEPs DE PARAUAPEBAS.pdf,2025-11-26 17:57
68312-164,Siciliano,r,Brasília,68312-164 Siciliano - r - Brasília,NOVOS CEPs DE PARAUAPEBAS.pdf,2025-11-26 17:57
68318-736,Siena,tv,Vle Sol,68318-736 Siena - tv - Vle Sol,NOVOS CEPs DE PARAUAPEBAS.pdf,2025-11-26 17:57
68316-083,Silício,r,Minérios,68316-083 Silício - r - Minérios,NOVOS CEPs DE PARAUAPEBAS.pdf,2025-11-26 17:57
68319-135,Silva,tv,Tropical,68319-135 Silva - tv - Tropical,NOVOS CEPs DE PARAUAPEBAS.pdf,2025-11-26 17:57
68316-085,Silvita,tv,Minérios,68316-085 Silvita - tv - Minérios,NOVOS CEPs DE PARAUAPEBAS.pdf,2025-11-26 17:57
68311-644,Simões,tv,S Lucas,68311-644 Simões - tv - S Lucas,NOVOS CEPs DE PARAUAPEBAS.pdf,2025-11-26 17:57
68313-620,Singapura,r,N Carajás,68313-620 Singapura - r - N Carajás,NOVOS CEPs DE PARAUAPEBAS.pdf,2025-11-26 17:57
68311-606,Sinop,tv,S Lucas,68311-606 Sinop - tv - S Lucas,NOVOS CEPs DE PARAUAPEBAS.pdf,2025-11-26 17:57
68311-744,Sintra,r,Prq Nações,68311-744 Sintra - r - Prq Nações,NOVOS CEPs DE PARAUAPEBAS.pdf,2025-11-26 17:57
68313-814,Sintra,tv,N Carajás,68313-814 Sintra - tv - N Carajás,NOVOS CEPs DE PARAUAPEBAS.pdf,2025-11-26 17:57
68319-043,Siqueira,r,Tropical,68319-043 Siqueira - r - Tropical,NOVOS CEPs DE PARAUAPEBAS.pdf,2025-11-26 17:57
68319-358,Siqueira Mendes,r,Novo Viver,68319-358 Siqueira Mendes - r - Novo Viver,NOVOS CEPs DE PARAUAPEBAS.pdf,2025-11-26 17:57
68313-772,Síria,tv,N Carajás,68313-772 Síria - tv - N Carajás,NOVOS CEPs DE PARAUAPEBAS.pdf,2025-11-26 17:57
68313-224,Sirius,r,Alvorá,68313-224 Sirius - r - Alvorá,NOVOS CEPs DE PARAUAPEBAS.pdf,2025-11-26 17:57
68317-376,Smac,tv,Beira Rio,68317-376 Smac - tv - Beira Rio,NOVOS CEPs DE PARAUAPEBAS.pdf,2025-11-26 17:57
68319-207,Soares,tv,Tropical,68319-207 Soares - tv - Tropical,NOVOS CEPs DE PARAUAPEBAS.pdf,2025-11-26 17:57
68315-657,Soares Carneiro,r,Cid Jardim,68315-657 Soares Carneiro - r - Cid Jardim,NOVOS CEPs DE PARAUAPEBAS.pdf,2025-11-26 17:57
68310-158,Sobral,r,Rio Verde,68310-158 Sobral - r - Rio Verde,NOVOS CEPs DE PARAUAPEBAS.pdf,2025-11-26 17:57
68311-332,Sócrates,tv,Jd América,68311-332 Sócrates - tv - Jd América,NOVOS CEPs DE PARAUAPEBAS.pdf,2025-11-26 17:57
68316-023,Sodalita,r,Minérios,68316-023 Sodalita - r - Minérios,NOVOS CEPs DE PARAUAPEBAS.pdf,2025-11-26 17:57
68310-578,Sol,tv,Liberdade I,68310-578 Sol - tv - Liberdade I,NOVOS CEPs DE PARAUAPEBAS.pdf,2025-11-26 17:57
68311-158,Sol Poente,av,Esplanada,68311-158 Sol Poente - av - Esplanada,NOVOS CEPs DE PARAUAPEBAS.pdf,2025-11-26 17:57
68311-076,Sol Poente,av,Paraíso,68311-076 Sol Poente - av - Paraíso,NOVOS CEPs DE PARAUAPEBAS.pdf,2025-11-26 17:57
68310-009,Sol Poente,av,Paz,68310-009 Sol Poente - av - Paz,NOVOS CEPs DE PARAUAPEBAS.pdf,2025-11-26 17:57
68310-084,Sol Poente,av,Rio Verde,68310-084 Sol Poente - av - Rio Verde,NOVOS CEPs DE PARAUAPEBAS.pdf,2025-11-26 17:57
68310-500,Sol Poente,av,União,68310-500 Sol Poente - av - União,NOVOS CEPs DE PARAUAPEBAS.pdf,2025-11-26 17:57
68320-057,Sol Poente,r,Palmares Sul,68320-057 Sol Poente - r - Palmares Sul,NOVOS CEPs DE PARAUAPEBAS.pdf,2025-11-26 17:57
68310-624,Solano Trindade,r,Liberdade I,68310-624 Solano Trindade - r - Liberdade I,NOVOS CEPs DE PARAUAPEBAS.pdf,2025-11-26 17:57
68318-137,Solimões,r,Habitar Feliz,68318-137 Solimões - r - Habitar Feliz,NOVOS CEPs DE PARAUAPEBAS.pdf,2025-11-26 17:57
68313-452,Somália,r,N Carajás,68313-452 Somália - r - N Carajás,NOVOS CEPs DE PARAUAPEBAS.pdf,2025-11-26 17:57
68317-224,Sônia Cortês,av,Beira Rio,68317-224 Sônia Cortês - av - Beira Rio,NOVOS CEPs DE PARAUAPEBAS.pdf,2025-11-26 17:57
68315-049,Sônia Cortês,av,Cid Jardim,68315-049 Sônia Cortês - av - Cid Jardim,NOVOS CEPs DE PARAUAPEBAS.pdf,2025-11-26 17:57
68317-115,Sônia Cortês,av,Prq Carajás,68317-115 Sônia Cortês - av - Prq Carajás,NOVOS CEPs DE PARAUAPEBAS.pdf,2025-11-26 17:57
68318-087,Sorocaba,tv,Habitar Feliz,68318-087 Sorocaba - tv - Habitar Feliz,NOVOS CEPs DE PARAUAPEBAS.pdf,2025-11-26 17:57
68313-594,Sorrento,r,N Carajás,68313-594 Sorrento - r - N Carajás,NOVOS CEPs DE PARAUAPEBAS.pdf,2025-11-26 17:57
68311-618,Sorriso,tv,S Lucas,68311-618 Sorriso - tv - S Lucas,NOVOS CEPs DE PARAUAPEBAS.pdf,2025-11-26 17:57
68313-668,Sossego,r,N Carajás,68313-668 Sossego - r - N Carajás,NOVOS CEPs DE PARAUAPEBAS.pdf,2025-11-26 17:57
68315-181,Soure,r,Cid Jardim,68315-181 Soure - r - Cid Jardim,NOVOS CEPs DE PARAUAPEBAS.pdf,2025-11-26 17:57
68319-123,Souza,tv,Tropical,68319-123 Souza - tv - Tropical,NOVOS CEPs DE PARAUAPEBAS.pdf,2025-11-26 17:57
68310-484,Souza Dantas,r,União,68310-484 Souza Dantas - r - União,NOVOS CEPs DE PARAUAPEBAS.pdf,2025-11-26 17:57
68320-246,Souza Dantas,tv,Palmares II,68320-246 Souza Dantas - tv - Palmares II,NOVOS CEPs DE PARAUAPEBAS.pdf,2025-11-26 17:57
68310-830,Sport,tv,N Vida,68310-830 Sport - tv - N Vida,NOVOS CEPs DE PARAUAPEBAS.pdf,2025-11-26 17:57
68319-308,Stélio Maroja,r,Novo Viver,68319-308 Stélio Maroja - r - Novo Viver,NOVOS CEPs DE PARAUAPEBAS.pdf,2025-11-26 17:57
68313-708,Sucre,tv,N Carajás,68313-708 Sucre - tv - N Carajás,NOVOS CEPs DE PARAUAPEBAS.pdf,2025-11-26 17:57
68317-780,Sucupira,r,Polo Moveleiro,68317-780 Sucupira - r - Polo Moveleiro,NOVOS CEPs DE PARAUAPEBAS.pdf,2025-11-26 17:57
68315-765,Sucupira,tv,Cid Jardim,68315-765 Sucupira - tv - Cid Jardim,NOVOS CEPs DE PARAUAPEBAS.pdf,2025-11-26 17:57
68313-788,Suíça,r,N Carajás,68313-788 Suíça - r - N Carajás,NOVOS CEPs DE PARAUAPEBAS.pdf,2025-11-26 17:57
68311-742,Suíça,r,Prq Nações,68311-742 Suíça - r - Prq Nações,NOVOS CEPs DE PARAUAPEBAS.pdf,2025-11-26 17:57
68311-624,Sumaré,r,S Lucas,68311-624 Sumaré - r - S Lucas,NOVOS CEPs DE PARAUAPEBAS.pdf,2025-11-26 17:57
68311-750,Suriname,tv,Prq Nações,68311-750 Suriname - tv - Prq Nações,NOVOS CEPs DE PARAUAPEBAS.pdf,2025-11-26 17:57
68315-481,Surubim,tv,Cid Jardim,68315-481 Surubim - tv - Cid Jardim,NOVOS CEPs DE PARAUAPEBAS.pdf,2025-11-26 17:57
68317-119,Suruí,r,Prq Carajás,68317-119 Suruí - r - Prq Carajás,NOVOS CEPs DE PARAUAPEBAS.pdf,2025-11-26 17:57
68317-127,Suyá,r,Prq Carajás,68317-127 Suyá - r - Prq Carajás,NOVOS CEPs DE PARAUAPEBAS.pdf,2025-11-26 17:57
68310-528,T,tv,União,68310-528 T - tv - União,NOVOS CEPs DE PARAUAPEBAS.pdf,2025-11-26 17:57
68317-476,Tagetes,tv,Jd Canadá,68317-476 Tagetes - tv - Jd Canadá,NOVOS CEPs DE PARAUAPEBAS.pdf,2025-11-26 17:57
68313-358,Taguatinga,r,N Carajás,68313-358 Taguatinga - r - N Carajás,NOVOS CEPs DE PARAUAPEBAS.pdf,2025-11-26 17:57
68311-212,Tailândia,tv,Linha Verde,68311-212 Tailândia - tv - Linha Verde,NOVOS CEPs DE PARAUAPEBAS.pdf,2025-11-26 17:57
68315-581,Tainha,r,Cid Jardim,68315-581 Tainha - r - Cid Jardim,NOVOS CEPs DE PARAUAPEBAS.pdf,2025-11-26 17:57
68313-758,Taipé,tv,N Carajás,68313-758 Taipé - tv - N Carajás,NOVOS CEPs DE PARAUAPEBAS.pdf,2025-11-26 17:57
68311-616,Taipu,tv,S Lucas,68311-616 Taipu - tv - S Lucas,NOVOS CEPs DE PARAUAPEBAS.pdf,2025-11-26 17:57
68312-152,Taiti,r,Brasília,68312-152 Taiti - r - Brasília,NOVOS CEPs DE PARAUAPEBAS.pdf,2025-11-26 17:57
68313-212,Talassa,av,Alvorá,68313-212 Talassa - av - Alvorá,NOVOS CEPs DE PARAUAPEBAS.pdf,2025-11-26 17:57
68313-152,Talassa,av,Apoena,68313-152 Talassa - av - Apoena,NOVOS CEPs DE PARAUAPEBAS.pdf,2025-11-26 17:57
68313-632,Talim,tv,N Carajás,68313-632 Talim - tv - N Carajás,NOVOS CEPs DE PARAUAPEBAS.pdf,2025-11-26 17:57
68310-142,Talismã,r,Rio Verde,68310-142 Talismã - r - Rio Verde,NOVOS CEPs DE PARAUAPEBAS.pdf,2025-11-26 17:57
68315-671,Tamandaré,r,Cid Jardim,68315-671 Tamandaré - r - Cid Jardim,NOVOS CEPs DE PARAUAPEBAS.pdf,2025-11-26 17:57
68312-188,Tâmara,r,Brasília,68312-188 Tâmara - r - Brasília,NOVOS CEPs DE PARAUAPEBAS.pdf,2025-11-26 17:57
68312-270,Tamarilho,av,Brasília,68312-270 Tamarilho - av - Brasília,NOVOS CEPs DE PARAUAPEBAS.pdf,2025-11-26 17:57
68312-158,Tamarindo,r,Brasília,68312-158 Tamarindo - r - Brasília,NOVOS CEPs DE PARAUAPEBAS.pdf,2025-11-26 17:57
68315-025,Tambaqui,r,Cid Jardim,68315-025 Tambaqui - r - Cid Jardim,NOVOS CEPs DE PARAUAPEBAS.pdf,2025-11-26 17:57
68315-699,Tambaú,tv,Cid Jardim,68315-699 Tambaú - tv - Cid Jardim,NOVOS CEPs DE PARAUAPEBAS.pdf,2025-11-26 17:57
68315-151,Tanásia,tv,Cid Jardim,68315-151 Tanásia - tv - Cid Jardim,NOVOS CEPs DE PARAUAPEBAS.pdf,2025-11-26 17:57
68320-021,Tancredo Neves,av,Palmares Sul,68320-021 Tancredo Neves - av - Palmares Sul,NOVOS CEPs DE PARAUAPEBAS.pdf,2025-11-26 17:57
68316-115,Tanzania,tv,Minérios,68316-115 Tanzania - tv - Minérios,NOVOS CEPs DE PARAUAPEBAS.pdf,2025-11-26 17:57
68318-081,Tapajós,r,Habitar Feliz,68318-081 Tapajós - r - Habitar Feliz,NOVOS CEPs DE PARAUAPEBAS.pdf,2025-11-26 17:57
68315-793,Taperebá,tv,Cid Jardim,68315-793 Taperebá - tv - Cid Jardim,NOVOS CEPs DE PARAUAPEBAS.pdf,2025-11-26 17:57
68312-059,Taquari,r,Jd Planalto,68312-059 Taquari - r - Jd Planalto,NOVOS CEPs DE PARAUAPEBAS.pdf,2025-11-26 17:57
68310-562,Tarcila do Amaral,r,Liberdade I,68310-562 Tarcila do Amaral - r - Liberdade I,NOVOS CEPs DE PARAUAPEBAS.pdf,2025-11-26 17:57
68310-786,Tarcísio Meira,r,N Vida,68310-786 Tarcísio Meira - r - N Vida,NOVOS CEPs DE PARAUAPEBAS.pdf,2025-11-26 17:57
68315-429,Tarsila do Amaral,tv,Cid Jardim,68315-429 Tarsila do Amaral - tv - Cid Jardim,NOVOS CEPs DE PARAUAPEBAS.pdf,2025-11-26 17:57
68317-306,Tarumã,r,Beira Rio,68317-306 Tarumã - r - Beira Rio,NOVOS CEPs DE PARAUAPEBAS.pdf,2025-11-26 17:57
68318-085,Tarunã,tv,Habitar Feliz,68318-085 Tarunã - tv - Habitar Feliz,NOVOS CEPs DE PARAUAPEBAS.pdf,2025-11-26 17:57
68313-041,Tarvos,tv,Novo Brasil,68313-041 Tarvos - tv - Novo Brasil,NOVOS CEPs DE PARAUAPEBAS.pdf,2025-11-26 17:57
68317-782,Tatajuba,tv,Polo Moveleiro,68317-782 Tatajuba - tv - Polo Moveleiro,NOVOS CEPs DE PARAUAPEBAS.pdf,2025-11-26 17:57
68315-333,Tauraco,r,Cid Jardim,68315-333 Tauraco - r - Cid Jardim,NOVOS CEPs DE PARAUAPEBAS.pdf,2025-11-26 17:57
68313-324,Tauri,tv,Alvorá,68313-324 Tauri - tv - Alvorá,NOVOS CEPs DE PARAUAPEBAS.pdf,2025-11-26 17:57
68319-157,Tavares,r,Tropical,68319-157 Tavares - r - Tropical,NOVOS CEPs DE PARAUAPEBAS.pdf,2025-11-26 17:57
68317-025,Taynã,tv,Prq Carajás,68317-025 Taynã - tv - Prq Carajás,NOVOS CEPs DE PARAUAPEBAS.pdf,2025-11-26 17:57
68313-510,Tefé,tv,N Carajás,68313-510 Tefé - tv - N Carajás,NOVOS CEPs DE PARAUAPEBAS.pdf,2025-11-26 17:57
68319-127,Teixeira,r,Tropical,68319-127 Teixeira - r - Tropical,NOVOS CEPs DE PARAUAPEBAS.pdf,2025-11-26 17:57
68319-173,Teles,r,Tropical,68319-173 Teles - r - Tropical,NOVOS CEPs DE PARAUAPEBAS.pdf,2025-11-26 17:57
68313-037,Telesto,r,Novo Brasil,68313-037 Telesto - r - Novo Brasil,NOVOS CEPs DE PARAUAPEBAS.pdf,2025-11-26 17:57
68318-436,Telúrio,r,Novo Horizonte,68318-436 Telúrio - r - Novo Horizonte,NOVOS CEPs DE PARAUAPEBAS.pdf,2025-11-26 17:57
68317-031,Tembé,tv,Prq Carajás,68317-031 Tembé - tv - Prq Carajás,NOVOS CEPs DE PARAUAPEBAS.pdf,2025-11-26 17:57
68313-021,Temisto,r,Novo Brasil,68313-021 Temisto - r - Novo Brasil,NOVOS CEPs DE PARAUAPEBAS.pdf,2025-11-26 17:57
68310-586,Teotônio Vilela,r,Liberdade I,68310-586 Teotônio Vilela - r - Liberdade I,NOVOS CEPs DE PARAUAPEBAS.pdf,2025-11-26 17:57
68317-039,Terena,tv,Prq Carajás,68317-039 Terena - tv - Prq Carajás,NOVOS CEPs DE PARAUAPEBAS.pdf,2025-11-26 17:57
68320-029,Teresina,r,Palmares Sul,68320-029 Teresina - r - Palmares Sul,NOVOS CEPs DE PARAUAPEBAS.pdf,2025-11-26 17:57
68310-322,Teresina,r,Primavera,68310-322 Teresina - r - Primavera,NOVOS CEPs DE PARAUAPEBAS.pdf,2025-11-26 17:57
68320-260,"Terezinha, Santa",r,Palmares II,"68320-260 Terezinha, Santa - r - Palmares II",NOVOS CEPs DE PARAUAPEBAS.pdf,2025-11-26 17:57
68315-061,Terra Santa,r,Cid Jardim,68315-061 Terra Santa - r - Cid Jardim,NOVOS CEPs DE PARAUAPEBAS.pdf,2025-11-26 17:57
68318-300,Tessalônica,r,Betânia,68318-300 Tessalônica - r - Betânia,NOVOS CEPs DE PARAUAPEBAS.pdf,2025-11-26 17:57
68317-478,Tessalônica,r,Jd Canadá,68317-478 Tessalônica - r - Jd Canadá,NOVOS CEPs DE PARAUAPEBAS.pdf,2025-11-26 17:57
68313-534,Teutônia,tv,N Carajás,68313-534 Teutônia - tv - N Carajás,NOVOS CEPs DE PARAUAPEBAS.pdf,2025-11-26 17:57
68319-508,Texas,r,Sta Luzia,68319-508 Texas - r - Sta Luzia,NOVOS CEPs DE PARAUAPEBAS.pdf,2025-11-26 17:57
68311-340,Thomas Edison,r,Jd América,68311-340 Thomas Edison - r - Jd América,NOVOS CEPs DE PARAUAPEBAS.pdf,2025-11-26 17:57
68311-628,Tianguá,tv,S Lucas,68311-628 Tianguá - tv - S Lucas,NOVOS CEPs DE PARAUAPEBAS.pdf,2025-11-26 17:57
68317-121,Ticuna,r,Prq Carajás,68317-121 Ticuna - r - Prq Carajás,NOVOS CEPs DE PARAUAPEBAS.pdf,2025-11-26 17:57
68318-163,Tietê,tv,Habitar Feliz,68318-163 Tietê - tv - Habitar Feliz,NOVOS CEPs DE PARAUAPEBAS.pdf,2025-11-26 17:57
68311-630,Tijucas,tv,S Lucas,68311-630 Tijucas - tv - S Lucas,NOVOS CEPs DE PARAUAPEBAS.pdf,2025-11-26 17:57
68315-407,Tilápia,r,Cid Jardim,68315-407 Tilápia - r - Cid Jardim,NOVOS CEPs DE PARAUAPEBAS.pdf,2025-11-26 17:57
68311-348,Tim Lopes,r,Jd América,68311-348 Tim Lopes - r - Jd América,NOVOS CEPs DE PARAUAPEBAS.pdf,2025-11-26 17:57
68311-260,Tim Maia,r,Caetanópolis,68311-260 Tim Maia - r - Caetanópolis,NOVOS CEPs DE PARAUAPEBAS.pdf,2025-11-26 17:57
68319-037,Timberg,r,Tropical,68319-037 Timberg - r - Tropical,NOVOS CEPs DE PARAUAPEBAS.pdf,2025-11-26 17:57
68311-216,Timboteua,tv,Linha Verde,68311-216 Timboteua - tv - Linha Verde,NOVOS CEPs DE PARAUAPEBAS.pdf,2025-11-26 17:57
68318-099,Tinguá,tv,Habitar Feliz,68318-099 Tinguá - tv - Habitar Feliz,NOVOS CEPs DE PARAUAPEBAS.pdf,2025-11-26 17:57
68320-003,Tiradentes,r,Palmares Sul,68320-003 Tiradentes - r - Palmares Sul,NOVOS CEPs DE PARAUAPEBAS.pdf,2025-11-26 17:57
68310-082,Tiradentes,r,Rio Verde,68310-082 Tiradentes - r - Rio Verde,NOVOS CEPs DE PARAUAPEBAS.pdf,2025-11-26 17:57
68317-131,Tirió,tv,Prq Carajás,68317-131 Tirió - tv - Prq Carajás,NOVOS CEPs DE PARAUAPEBAS.pdf,2025-11-26 17:57
68313-059,Titânia,r,Novo Brasil,68313-059 Titânia - r - Novo Brasil,NOVOS CEPs DE PARAUAPEBAS.pdf,2025-11-26 17:57
68316-069,Titânio,r,Minérios,68316-069 Titânio - r - Minérios,NOVOS CEPs DE PARAUAPEBAS.pdf,2025-11-26 17:57
68314-019,Titânio,r,Polo Industrial,68314-019 Titânio - r - Polo Industrial,NOVOS CEPs DE PARAUAPEBAS.pdf,2025-11-26 17:57
68311-382,Tobias Barreto,r,Jd América,68311-382 Tobias Barreto - r - Jd América,NOVOS CEPs DE PARAUAPEBAS.pdf,2025-11-26 17:57
68310-214,Tocantins,r,Rio Verde,68310-214 Tocantins - r - Rio Verde,NOVOS CEPs DE PARAUAPEBAS.pdf,2025-11-26 17:57
68310-176,Toledo,al,Rio Verde,68310-176 Toledo - al - Rio Verde,NOVOS CEPs DE PARAUAPEBAS.pdf,2025-11-26 17:57
68310-378,Tom Jobim,r,Primavera,68310-378 Tom Jobim - r - Primavera,NOVOS CEPs DE PARAUAPEBAS.pdf,2025-11-26 17:57
68311-316,Tomás de Aquino,r,Jd América,68311-316 Tomás de Aquino - r - Jd América,NOVOS CEPs DE PARAUAPEBAS.pdf,2025-11-26 17:57
68311-376,Tomás de Aquino,tv,Jd América,68311-376 Tomás de Aquino - tv - Jd América,NOVOS CEPs DE PARAUAPEBAS.pdf,2025-11-26 17:57
68318-200,Tomé de Souza,r,Altamira,68318-200 Tomé de Souza - r - Altamira,NOVOS CEPs DE PARAUAPEBAS.pdf,2025-11-26 17:57
68317-700,Tomé de Souza,r,At Bonito,68317-700 Tomé de Souza - r - At Bonito,NOVOS CEPs DE PARAUAPEBAS.pdf,2025-11-26 17:57
68311-474,Topázio,r,Morada Nova,68311-474 Topázio - r - Morada Nova,NOVOS CEPs DE PARAUAPEBAS.pdf,2025-11-26 17:57
68311-602,Topázio,r,S Lucas,68311-602 Topázio - r - S Lucas,NOVOS CEPs DE PARAUAPEBAS.pdf,2025-11-26 17:57
68318-438,Topázios,r,Novo Horizonte,68318-438 Topázios - r - Novo Horizonte,NOVOS CEPs DE PARAUAPEBAS.pdf,2025-11-26 17:57
68318-336,Tóquio,r,Betânia,68318-336 Tóquio - r - Betânia,NOVOS CEPs DE PARAUAPEBAS.pdf,2025-11-26 17:57
68318-430,Tóquio,r,Novo Horizonte,68318-430 Tóquio - r - Novo Horizonte,NOVOS CEPs DE PARAUAPEBAS.pdf,2025-11-26 17:57
68315-773,Torênia,tv,Cid Jardim,68315-773 Torênia - tv - Cid Jardim,NOVOS CEPs DE PARAUAPEBAS.pdf,2025-11-26 17:57
68318-708,Toronto,tv,Vle Sol,68318-708 Toronto - tv - Vle Sol,NOVOS CEPs DE PARAUAPEBAS.pdf,2025-11-26 17:57
68319-205,Torres,tv,Tropical,68319-205 Torres - tv - Tropical,NOVOS CEPs DE PARAUAPEBAS.pdf,2025-11-26 17:57
68315-045,Tracajá,r,Cid Jardim,68315-045 Tracajá - r - Cid Jardim,NOVOS CEPs DE PARAUAPEBAS.pdf,2025-11-26 17:57
68311-622,Tracumã,r,S Lucas,68311-622 Tracumã - r - S Lucas,NOVOS CEPs DE PARAUAPEBAS.pdf,2025-11-26 17:57
68319-009,Trajano,r,Tropical,68319-009 Trajano - r - Tropical,NOVOS CEPs DE PARAUAPEBAS.pdf,2025-11-26 17:57
68315-681,Trancoso,tv,Cid Jardim,68315-681 Trancoso - tv - Cid Jardim,NOVOS CEPs DE PARAUAPEBAS.pdf,2025-11-26 17:57
68315-831,Travesa Cambuci,tv,Cid Jardim,68315-831 Travesa Cambuci - tv - Cid Jardim,NOVOS CEPs DE PARAUAPEBAS.pdf,2025-11-26 17:57
68315-823,Travesa Mucajá,tv,Cid Jardim,68315-823 Travesa Mucajá - tv - Cid Jardim,NOVOS CEPs DE PARAUAPEBAS.pdf,2025-11-26 17:57
68313-176,TravessaTangará,tv,Apoena,68313-176 TravessaTangará - tv - Apoena,NOVOS CEPs DE PARAUAPEBAS.pdf,2025-11-26 17:57
68315-809,Travesssa Patauá,tv,Cid Jardim,68315-809 Travesssa Patauá - tv - Cid Jardim,NOVOS CEPs DE PARAUAPEBAS.pdf,2025-11-26 17:57
68317-640,Travesssa Samaria,tv,At Bonito,68317-640 Travesssa Samaria - tv - At Bonito,NOVOS CEPs DE PARAUAPEBAS.pdf,2025-11-26 17:57
68316-027,Tremolina,r,Minérios,68316-027 Tremolina - r - Minérios,NOVOS CEPs DE PARAUAPEBAS.pdf,2025-11-26 17:57
68317-502,Três Marias,r,Jd Canadá,68317-502 Três Marias - r - Jd Canadá,NOVOS CEPs DE PARAUAPEBAS.pdf,2025-11-26 17:57
68311-612,Trindade,tv,S Lucas,68311-612 Trindade - tv - S Lucas,NOVOS CEPs DE PARAUAPEBAS.pdf,2025-11-26 17:57
68319-356,Tristão Santos,r,Novo Viver,68319-356 Tristão Santos - r - Novo Viver,NOVOS CEPs DE PARAUAPEBAS.pdf,2025-11-26 17:57
68313-280,Tritão,r,Alvorá,68313-280 Tritão - r - Alvorá,NOVOS CEPs DE PARAUAPEBAS.pdf,2025-11-26 17:57
68311-354,Tropical,r,Jd América,68311-354 Tropical - r - Jd América,NOVOS CEPs DE PARAUAPEBAS.pdf,2025-11-26 17:57
68315-529,Tucano,r,Cid Jardim,68315-529 Tucano - r - Cid Jardim,NOVOS CEPs DE PARAUAPEBAS.pdf,2025-11-26 17:57
68315-109,Tucumã,tv,Cid Jardim,68315-109 Tucumã - tv - Cid Jardim,NOVOS CEPs DE PARAUAPEBAS.pdf,2025-11-26 17:57
68315-569,Tucunaré,tv,Cid Jardim,68315-569 Tucunaré - tv - Cid Jardim,NOVOS CEPs DE PARAUAPEBAS.pdf,2025-11-26 17:57
68315-491,Tucuruí,tv,Cid Jardim,68315-491 Tucuruí - tv - Cid Jardim,NOVOS CEPs DE PARAUAPEBAS.pdf,2025-11-26 17:57
68315-527,Tuim,r,Cid Jardim,68315-527 Tuim - r - Cid Jardim,NOVOS CEPs DE PARAUAPEBAS.pdf,2025-11-26 17:57
68315-159,Tulipa,r,Cid Jardim,68315-159 Tulipa - r - Cid Jardim,NOVOS CEPs DE PARAUAPEBAS.pdf,2025-11-26 17:57
68313-832,Tulum,r,N Carajás,68313-832 Tulum - r - N Carajás,NOVOS CEPs DE PARAUAPEBAS.pdf,2025-11-26 17:57
68318-452,Tumarlino,tv,Novo Horizonte,68318-452 Tumarlino - tv - Novo Horizonte,NOVOS CEPs DE PARAUAPEBAS.pdf,2025-11-26 17:57
68317-320,Tuna Luso,tv,Beira Rio,68317-320 Tuna Luso - tv - Beira Rio,NOVOS CEPs DE PARAUAPEBAS.pdf,2025-11-26 17:57
68313-760,Tunes,tv,N Carajás,68313-760 Tunes - tv - N Carajás,NOVOS CEPs DE PARAUAPEBAS.pdf,2025-11-26 17:57
68310-248,Tuntum,r,Maranhão,68310-248 Tuntum - r - Maranhão,NOVOS CEPs DE PARAUAPEBAS.pdf,2025-11-26 17:57
68317-216,Tupinambá,av,Beira Rio,68317-216 Tupinambá - av - Beira Rio,NOVOS CEPs DE PARAUAPEBAS.pdf,2025-11-26 17:57
68315-047,Tupinambá,av,Cid Jardim,68315-047 Tupinambá - av - Cid Jardim,NOVOS CEPs DE PARAUAPEBAS.pdf,2025-11-26 17:57
68317-007,Tupinambá,av,Prq Carajás,68317-007 Tupinambá - av - Prq Carajás,NOVOS CEPs DE PARAUAPEBAS.pdf,2025-11-26 17:57
68317-087,Tupiniquis,r,Prq Carajás,68317-087 Tupiniquis - r - Prq Carajás,NOVOS CEPs DE PARAUAPEBAS.pdf,2025-11-26 17:57
68317-057,Tupy,tv,Prq Carajás,68317-057 Tupy - tv - Prq Carajás,NOVOS CEPs DE PARAUAPEBAS.pdf,2025-11-26 17:57
68318-750,Turim,tv,Vle Sol,68318-750 Turim - tv - Vle Sol,NOVOS CEPs DE PARAUAPEBAS.pdf,2025-11-26 17:57
68316-045,Turmalina,r,Minérios,68316-045 Turmalina - r - Minérios,NOVOS CEPs DE PARAUAPEBAS.pdf,2025-11-26 17:57
68316-103,Turquesa,r,Minérios,68316-103 Turquesa - r - Minérios,NOVOS CEPs DE PARAUAPEBAS.pdf,2025-11-26 17:57
68313-702,Turquia,r,N Carajás,68313-702 Turquia - r - N Carajás,NOVOS CEPs DE PARAUAPEBAS.pdf,2025-11-26 17:57
68310-274,Tutoia,r,Maranhão,68310-274 Tutoia - r - Maranhão,NOVOS CEPs DE PARAUAPEBAS.pdf,2025-11-26 17:57
68311-812,Tuvalu,r,Prq Nações,68311-812 Tuvalu - r - Prq Nações,NOVOS CEPs DE PARAUAPEBAS.pdf,2025-11-26 17:57
68310-530,U,tv,União,68310-530 U - tv - União,NOVOS CEPs DE PARAUAPEBAS.pdf,2025-11-26 17:57
68315-835,Ubatuba,r,Cid Jardim,68315-835 Ubatuba - r - Cid Jardim,NOVOS CEPs DE PARAUAPEBAS.pdf,2025-11-26 17:57
68310-128,Uberaba,al,Rio Verde,68310-128 Uberaba - al - Rio Verde,NOVOS CEPs DE PARAUAPEBAS.pdf,2025-11-26 17:57
68315-535,Uirapuru,r,Cid Jardim,68315-535 Uirapuru - r - Cid Jardim,NOVOS CEPs DE PARAUAPEBAS.pdf,2025-11-26 17:57
68313-158,Uberlândia,tv,Apoena,68313-158 Uberlândia - tv - Apoena,NOVOS CEPs DE PARAUAPEBAS.pdf,2025-11-26 17:57
68313-808,Ucrânia,tv,N Carajás,68313-808 Ucrânia - tv - N Carajás,NOVOS CEPs DE PARAUAPEBAS.pdf,2025-11-26 17:57
68311-718,Uganda,tv,Prq Nações,68311-718 Uganda - tv - Prq Nações,NOVOS CEPs DE PARAUAPEBAS.pdf,2025-11-26 17:57
68320-005,Ulisses Guimarães,r,Palmares Sul,68320-005 Ulisses Guimarães - r - Palmares Sul,NOVOS CEPs DE PARAUAPEBAS.pdf,2025-11-26 17:57
68317-318,Ulysses Guimarães,av,Beira Rio,68317-318 Ulysses Guimarães - av - Beira Rio,NOVOS CEPs DE PARAUAPEBAS.pdf,2025-11-26 17:57
68317-452,Ulysses Guimarães,av,Jd Canadá,68317-452 Ulysses Guimarães - av - Jd Canadá,NOVOS CEPs DE PARAUAPEBAS.pdf,2025-11-26 17:57
68318-029,Umã,r,Habitar Feliz,68318-029 Umã - r - Habitar Feliz,NOVOS CEPs DE PARAUAPEBAS.pdf,2025-11-26 17:57
68315-815,Umari,tv,Cid Jardim,68315-815 Umari - tv - Cid Jardim,NOVOS CEPs DE PARAUAPEBAS.pdf,2025-11-26 17:57
68317-206,Umarizal,r,Beira Rio,68317-206 Umarizal - r - Beira Rio,NOVOS CEPs DE PARAUAPEBAS.pdf,2025-11-26 17:57
68313-226,Umbriel,tv,Alvorá,68313-226 Umbriel - tv - Alvorá,NOVOS CEPs DE PARAUAPEBAS.pdf,2025-11-26 17:57
68312-182,Umbu,r,Brasília,68312-182 Umbu - r - Brasília,NOVOS CEPs DE PARAUAPEBAS.pdf,2025-11-26 17:57
68314-027,Urânio,r,Polo Industrial,68314-027 Urânio - r - Polo Industrial,NOVOS CEPs DE PARAUAPEBAS.pdf,2025-11-26 17:57
68313-234,Urano,r,Alvorá,68313-234 Urano - r - Alvorá,NOVOS CEPs DE PARAUAPEBAS.pdf,2025-11-26 17:57
68317-714,Uriel,tv,At Bonito,68317-714 Uriel - tv - At Bonito,NOVOS CEPs DE PARAUAPEBAS.pdf,2025-11-26 17:57
68315-245,Uruará,tv,Cid Jardim,68315-245 Uruará - tv - Cid Jardim,NOVOS CEPs DE PARAUAPEBAS.pdf,2025-11-26 17:57
68317-123,Urucum,r,Prq Carajás,68317-123 Urucum - r - Prq Carajás,NOVOS CEPs DE PARAUAPEBAS.pdf,2025-11-26 17:57
68318-071,Uruguai,r,Habitar Feliz,68318-071 Uruguai - r - Habitar Feliz,NOVOS CEPs DE PARAUAPEBAS.pdf,2025-11-26 17:57
68311-798,Uruguai,r,Prq Nações,68311-798 Uruguai - r - Prq Nações,NOVOS CEPs DE PARAUAPEBAS.pdf,2025-11-26 17:57
68315-597,Utinga,tv,Cid Jardim,68315-597 Utinga - tv - Cid Jardim,NOVOS CEPs DE PARAUAPEBAS.pdf,2025-11-26 17:57
68312-208,Uvaia,r,Brasília,68312-208 Uvaia - r - Brasília,NOVOS CEPs DE PARAUAPEBAS.pdf,2025-11-26 17:57
68312-168,Uxi,r,Brasília,68312-168 Uxi - r - Brasília,NOVOS CEPs DE PARAUAPEBAS.pdf,2025-11-26 17:57
68315-795,Uxi,tv,Cid Jardim,68315-795 Uxi - tv - Cid Jardim,NOVOS CEPs DE PARAUAPEBAS.pdf,2025-11-26 17:57
68310-532,V,tv,União,68310-532 V - tv - União,NOVOS CEPs DE PARAUAPEBAS.pdf,2025-11-26 17:57
68313-616,Vaduz,r,N Carajás,68313-616 Vaduz - r - N Carajás,NOVOS CEPs DE PARAUAPEBAS.pdf,2025-11-26 17:57
68313-160,"Valadares, Governador",tv,Apoena,"68313-160 Valadares, Governador - tv - Apoena",NOVOS CEPs DE PARAUAPEBAS.pdf,2025-11-26 17:57
68310-110,Valdir da Usina,tv,Rio Verde,68310-110 Valdir da Usina - tv - Rio Verde,NOVOS CEPs DE PARAUAPEBAS.pdf,2025-11-26 17:57
68318-466,"Vale , do",r,Novo Horizonte,"68318-466 Vale , do - r - Novo Horizonte",NOVOS CEPs DE PARAUAPEBAS.pdf,2025-11-26 17:57
68311-608,Valença,tv,S Lucas,68311-608 Valença - tv - S Lucas,NOVOS CEPs DE PARAUAPEBAS.pdf,2025-11-26 17:57
68317-552,Valeriana,tv,Jd Canadá,68317-552 Valeriana - tv - Jd Canadá,NOVOS CEPs DE PARAUAPEBAS.pdf,2025-11-26 17:57
68313-360,Valparaíso,r,N Carajás,68313-360 Valparaíso - r - N Carajás,NOVOS CEPs DE PARAUAPEBAS.pdf,2025-11-26 17:57
68316-111,Vanádio,r,Minérios,68316-111 Vanádio - r - Minérios,NOVOS CEPs DE PARAUAPEBAS.pdf,2025-11-26 17:57
68313-836,Vancouver,r,N Carajás,68313-836 Vancouver - r - N Carajás,NOVOS CEPs DE PARAUAPEBAS.pdf,2025-11-26 17:57
68311-780,Vanuatu,r,Prq Nações,68311-780 Vanuatu - r - Prq Nações,NOVOS CEPs DE PARAUAPEBAS.pdf,2025-11-26 17:57
68318-716,Varsóvia,tv,Vle Sol,68318-716 Varsóvia - tv - Vle Sol,NOVOS CEPs DE PARAUAPEBAS.pdf,2025-11-26 17:57
68317-360,Vasco da Gama,tv,Beira Rio,68317-360 Vasco da Gama - tv - Beira Rio,NOVOS CEPs DE PARAUAPEBAS.pdf,2025-11-26 17:57
68319-051,Vasconcelos,r,Tropical,68319-051 Vasconcelos - r - Tropical,NOVOS CEPs DE PARAUAPEBAS.pdf,2025-11-26 17:57
68319-163,Vasques,r,Tropical,68319-163 Vasques - r - Tropical,NOVOS CEPs DE PARAUAPEBAS.pdf,2025-11-26 17:57
68313-546,Vaticano,r,N Carajás,68313-546 Vaticano - r - N Carajás,NOVOS CEPs DE PARAUAPEBAS.pdf,2025-11-26 17:57
68313-238,Vega,r,Alvorá,68313-238 Vega - r - Alvorá,NOVOS CEPs DE PARAUAPEBAS.pdf,2025-11-26 17:57
68319-047,Veiga,tv,Tropical,68319-047 Veiga - tv - Tropical,NOVOS CEPs DE PARAUAPEBAS.pdf,2025-11-26 17:57
68315-177,Velame,r,Cid Jardim,68315-177 Velame - r - Cid Jardim,NOVOS CEPs DE PARAUAPEBAS.pdf,2025-11-26 17:57
68313-278,Velame,tv,Alvorá,68313-278 Velame - tv - Alvorá,NOVOS CEPs DE PARAUAPEBAS.pdf,2025-11-26 17:57
68313-590,Veneza,r,N Carajás,68313-590 Veneza - r - N Carajás,NOVOS CEPs DE PARAUAPEBAS.pdf,2025-11-26 17:57
68313-642,Venezuela,r,N Carajás,68313-642 Venezuela - r - N Carajás,NOVOS CEPs DE PARAUAPEBAS.pdf,2025-11-26 17:57
68313-240,Vênus,av,Alvorá,68313-240 Vênus - av - Alvorá,NOVOS CEPs DE PARAUAPEBAS.pdf,2025-11-26 17:57
68315-775,Verbena,tv,Cid Jardim,68315-775 Verbena - tv - Cid Jardim,NOVOS CEPs DE PARAUAPEBAS.pdf,2025-11-26 17:57
68315-513,Verdelhão,r,Cid Jardim,68315-513 Verdelhão - r - Cid Jardim,NOVOS CEPs DE PARAUAPEBAS.pdf,2025-11-26 17:57
68315-275,Veredas,tv,Cid Jardim,68315-275 Veredas - tv - Cid Jardim,NOVOS CEPs DE PARAUAPEBAS.pdf,2025-11-26 17:57
68318-706,Verettes,tv,Vle Sol,68318-706 Verettes - tv - Vle Sol,NOVOS CEPs DE PARAUAPEBAS.pdf,2025-11-26 17:57
68313-578,Verona,r,N Carajás,68313-578 Verona - r - N Carajás,NOVOS CEPs DE PARAUAPEBAS.pdf,2025-11-26 17:57
68318-328,Verona,tv,Betânia,68318-328 Verona - tv - Betânia,NOVOS CEPs DE PARAUAPEBAS.pdf,2025-11-26 17:57
68319-354,Verônica,r,Novo Viver,68319-354 Verônica - r - Novo Viver,NOVOS CEPs DE PARAUAPEBAS.pdf,2025-11-26 17:57
68319-055,Viana,r,Tropical,68319-055 Viana - r - Tropical,NOVOS CEPs DE PARAUAPEBAS.pdf,2025-11-26 17:57
68313-556,Vicente Dutra,tv,N Carajás,68313-556 Vicente Dutra - tv - N Carajás,NOVOS CEPs DE PARAUAPEBAS.pdf,2025-11-26 17:57
68315-409,Vicente Rego,tv,Cid Jardim,68315-409 Vicente Rego - tv - Cid Jardim,NOVOS CEPs DE PARAUAPEBAS.pdf,2025-11-26 17:57
68313-456,Viçosa,r,N Carajás,68313-456 Viçosa - r - N Carajás,NOVOS CEPs DE PARAUAPEBAS.pdf,2025-11-26 17:57
68317-634,Vida Nova,r,At Bonito,68317-634 Vida Nova - r - At Bonito,NOVOS CEPs DE PARAUAPEBAS.pdf,2025-11-26 17:57
68317-374,Vida Nova,r,Beira Rio,68317-374 Vida Nova - r - Beira Rio,NOVOS CEPs DE PARAUAPEBAS.pdf,2025-11-26 17:57
68315-729,Videira,r,Cid Jardim,68315-729 Videira - r - Cid Jardim,NOVOS CEPs DE PARAUAPEBAS.pdf,2025-11-26 17:57
68319-137,Viegas,r,Tropical,68319-137 Viegas - r - Tropical,NOVOS CEPs DE PARAUAPEBAS.pdf,2025-11-26 17:57
68319-121,Vieira,r,Tropical,68319-121 Vieira - r - Tropical,NOVOS CEPs DE PARAUAPEBAS.pdf,2025-11-26 17:57
68318-718,Viena,tv,Vle Sol,68318-718 Viena - tv - Vle Sol,NOVOS CEPs DE PARAUAPEBAS.pdf,2025-11-26 17:57
68311-358,Vienciana,r,Jd América,68311-358 Vienciana - r - Jd América,NOVOS CEPs DE PARAUAPEBAS.pdf,2025-11-26 17:57
68311-702,Vienciana,r,Prq Nações,68311-702 Vienciana - r - Prq Nações,NOVOS CEPs DE PARAUAPEBAS.pdf,2025-11-26 17:57
68315-247,Vigia,r,Cid Jardim,68315-247 Vigia - r - Cid Jardim,NOVOS CEPs DE PARAUAPEBAS.pdf,2025-11-26 17:57
68310-826,Vila Nova,r,N Vida,68310-826 Vila Nova - r - N Vida,NOVOS CEPs DE PARAUAPEBAS.pdf,2025-11-26 17:57
68313-394,Vilhena,tv,N Carajás,68313-394 Vilhena - tv - N Carajás,NOVOS CEPs DE PARAUAPEBAS.pdf,2025-11-26 17:57
68311-610,Vinhedo,tv,S Lucas,68311-610 Vinhedo - tv - S Lucas,NOVOS CEPs DE PARAUAPEBAS.pdf,2025-11-26 17:57
68310-622,Vinicius de Moraes,r,Liberdade I,68310-622 Vinicius de Moraes - r - Liberdade I,NOVOS CEPs DE PARAUAPEBAS.pdf,2025-11-26 17:57
68310-712,Vinicius de Moraes,r,LIberdade II,68310-712 Vinicius de Moraes - r - LIberdade II,NOVOS CEPs DE PARAUAPEBAS.pdf,2025-11-26 17:57
68317-518,Violeta,tv,Jd Canadá,68317-518 Violeta - tv - Jd Canadá,NOVOS CEPs DE PARAUAPEBAS.pdf,2025-11-26 17:57
68310-694,Viseu,r,LIberdade II,68310-694 Viseu - r - LIberdade II,NOVOS CEPs DE PARAUAPEBAS.pdf,2025-11-26 17:57
68311-410,Vital Brasil,r,Jd América,68311-410 Vital Brasil - r - Jd América,NOVOS CEPs DE PARAUAPEBAS.pdf,2025-11-26 17:57
68313-180,Vitória da Conquista,tv,Apoena,68313-180 Vitória da Conquista - tv - Apoena,NOVOS CEPs DE PARAUAPEBAS.pdf,2025-11-26 17:57
68315-759,Vitória Régia,tv,Cid Jardim,68315-759 Vitória Régia - tv - Cid Jardim,NOVOS CEPs DE PARAUAPEBAS.pdf,2025-11-26 17:57
68313-802,Vivenciana,r,N Carajás,68313-802 Vivenciana - r - N Carajás,NOVOS CEPs DE PARAUAPEBAS.pdf,2025-11-26 17:57
68310-488,W,r,União,68310-488 W - r - União,NOVOS CEPs DE PARAUAPEBAS.pdf,2025-11-26 17:57
68317-097,Waiana Apali,tv,Prq Carajás,68317-097 Waiana Apali - tv - Prq Carajás,NOVOS CEPs DE PARAUAPEBAS.pdf,2025-11-26 17:57
68319-155,Walcyr Monteiro,r,Tropical,68319-155 Walcyr Monteiro - r - Tropical,NOVOS CEPs DE PARAUAPEBAS.pdf,2025-11-26 17:57
68311-082,Washington Luís,r,Paraíso,68311-082 Washington Luís - r - Paraíso,NOVOS CEPs DE PARAUAPEBAS.pdf,2025-11-26 17:57
68317-113,Waura,tv,Prq Carajás,68317-113 Waura - tv - Prq Carajás,NOVOS CEPs DE PARAUAPEBAS.pdf,2025-11-26 17:57
68311-164,Wenceslau Braz,r,Esplanada,68311-164 Wenceslau Braz - r - Esplanada,NOVOS CEPs DE PARAUAPEBAS.pdf,2025-11-26 17:57
68311-208,Wenceslau Braz,r,Linha Verde,68311-208 Wenceslau Braz - r - Linha Verde,NOVOS CEPs DE PARAUAPEBAS.pdf,2025-11-26 17:57
68311-080,Wenceslau Braz,r,Paraíso,68311-080 Wenceslau Braz - r - Paraíso,NOVOS CEPs DE PARAUAPEBAS.pdf,2025-11-26 17:57
68313-498,Xangai,r,N Carajás,68313-498 Xangai - r - N Carajás,NOVOS CEPs DE PARAUAPEBAS.pdf,2025-11-26 17:57
68317-083,Xavantes,tv,Prq Carajás,68317-083 Xavantes - tv - Prq Carajás,NOVOS CEPs DE PARAUAPEBAS.pdf,2025-11-26 17:57
68319-223,Xavier,tv,Tropical,68319-223 Xavier - tv - Tropical,NOVOS CEPs DE PARAUAPEBAS.pdf,2025-11-26 17:57
68317-105,Xerentes,tv,Prq Carajás,68317-105 Xerentes - tv - Prq Carajás,NOVOS CEPs DE PARAUAPEBAS.pdf,2025-11-26 17:57
68317-013,Xikrin,r,Prq Carajás,68317-013 Xikrin - r - Prq Carajás,NOVOS CEPs DE PARAUAPEBAS.pdf,2025-11-26 17:57
68318-073,Xingu,r,Habitar Feliz,68318-073 Xingu - r - Habitar Feliz,NOVOS CEPs DE PARAUAPEBAS.pdf,2025-11-26 17:57
68315-259,Xinguara,r,Cid Jardim,68315-259 Xinguara - r - Cid Jardim,NOVOS CEPs DE PARAUAPEBAS.pdf,2025-11-26 17:57
68310-076,XV de Novembro,r,Rio Verde,68310-076 XV de Novembro - r - Rio Verde,NOVOS CEPs DE PARAUAPEBAS.pdf,2025-11-26 17:57
68310-486,Y,tv,União,68310-486 Y - tv - União,NOVOS CEPs DE PARAUAPEBAS.pdf,2025-11-26 17:57
68317-085,Yanomani,tv,Prq Carajás,68317-085 Yanomani - tv - Prq Carajás,NOVOS CEPs DE PARAUAPEBAS.pdf,2025-11-26 17:57
68317-107,Yecuana,r,Prq Carajás,68317-107 Yecuana - r - Prq Carajás,NOVOS CEPs DE PARAUAPEBAS.pdf,2025-11-26 17:57
68316-017,Yolita,tv,Minérios,68316-017 Yolita - tv - Minérios,NOVOS CEPs DE PARAUAPEBAS.pdf,2025-11-26 17:57
68310-516,Z,tv,União,68310-516 Z - tv - União,NOVOS CEPs DE PARAUAPEBAS.pdf,2025-11-26 17:57
68313-732,Zagreb,tv,N Carajás,68313-732 Zagreb - tv - N Carajás,NOVOS CEPs DE PARAUAPEBAS.pdf,2025-11-26 17:57
68311-758,Zâmbia,tv,Prq Nações,68311-758 Zâmbia - tv - Prq Nações,NOVOS CEPs DE PARAUAPEBAS.pdf,2025-11-26 17:57
68315-167,Zara,tv,Cid Jardim,68315-167 Zara - tv - Cid Jardim,NOVOS CEPs DE PARAUAPEBAS.pdf,2025-11-26 17:57
68310-348,Zero,r,Primavera,68310-348 Zero - r - Primavera,NOVOS CEPs DE PARAUAPEBAS.pdf,2025-11-26 17:57
68314-003,Zinco,r,Polo Industrial,68314-003 Zinco - r - Polo Industrial,NOVOS CEPs DE PARAUAPEBAS.pdf,2025-11-26 17:57
68316-037,Zinco,tv,Minérios,68316-037 Zinco - tv - Minérios,NOVOS CEPs DE PARAUAPEBAS.pdf,2025-11-26 17:57
68316-033,Zircão,r,Minérios,68316-033 Zircão - r - Minérios,NOVOS CEPs DE PARAUAPEBAS.pdf,2025-11-26 17:57
68316-063,Zircônio,tv,Minérios,68316-063 Zircônio - tv - Minérios,NOVOS CEPs DE PARAUAPEBAS.pdf,2025-11-26 17:57
68320-272,Zumbi dos Palmares,r,Palmares II,68320-272 Zumbi dos Palmares - r - Palmares II,NOVOS CEPs DE PARAUAPEBAS.pdf,2025-11-26 17:57
68318-738,Zurique,r,Vle Sol,68318-738 Zurique - r - Vle Sol,NOVOS CEPs DE PARAUAPEBAS.pdf,2025-11-26 17:57
68310-362,01 de Outubro,r,Primavera,68310-362 01 de Outubro - r - Primavera,NOVOS CEPs DE PARAUAPEBAS.pdf,2025-11-26 17:57
68310-442,1,r,Cid Nova,68310-442 1 - r - Cid Nova,NOVOS CEPs DE PARAUAPEBAS.pdf,2025-11-26 17:57
68310-346,1,r,Primavera,68310-346 1 - r - Primavera,NOVOS CEPs DE PARAUAPEBAS.pdf,2025-11-26 17:57
68310-426,10,r,Cid Nova,68310-426 10 - r - Cid Nova,NOVOS CEPs DE PARAUAPEBAS.pdf,2025-11-26 17:57
68310-326,10,r,Primavera,68310-326 10 - r - Primavera,NOVOS CEPs DE PARAUAPEBAS.pdf,2025-11-26 17:57
68310-514,10,r,União,68310-514 10 - r - União,NOVOS CEPs DE PARAUAPEBAS.pdf,2025-11-26 17:57
68310-576,10 De Maio,r,Liberdade I,68310-576 10 De Maio - r - Liberdade I,NOVOS CEPs DE PARAUAPEBAS.pdf,2025-11-26 17:57
68310-228,10 De Maio,r,Rio Verde,68310-228 10 De Maio - r - Rio Verde,NOVOS CEPs DE PARAUAPEBAS.pdf,2025-11-26 17:57
68310-424,11,r,Cid Nova,68310-424 11 - r - Cid Nova,NOVOS CEPs DE PARAUAPEBAS.pdf,2025-11-26 17:57
68310-324,11,r,Primavera,68310-324 11 - r - Primavera,NOVOS CEPs DE PARAUAPEBAS.pdf,2025-11-26 17:57
68310-512,11,r,União,68310-512 11 - r - União,NOVOS CEPs DE PARAUAPEBAS.pdf,2025-11-26 17:57
68310-414,12,r,Cid Nova,68310-414 12 - r - Cid Nova,NOVOS CEPs DE PARAUAPEBAS.pdf,2025-11-26 17:57
68320-093,12 de Outubro,r,Palmares Sul,68320-093 12 de Outubro - r - Palmares Sul,NOVOS CEPs DE PARAUAPEBAS.pdf,2025-11-26 17:57
68310-422,13,r,Cid Nova,68310-422 13 - r - Cid Nova,NOVOS CEPs DE PARAUAPEBAS.pdf,2025-11-26 17:57
68310-192,13 de Maio,r,Rio Verde,68310-192 13 de Maio - r - Rio Verde,NOVOS CEPs DE PARAUAPEBAS.pdf,2025-11-26 17:57
68320-264,13 de Maio,tv,Palmares II,68320-264 13 de Maio - tv - Palmares II,NOVOS CEPs DE PARAUAPEBAS.pdf,2025-11-26 17:57
68310-222,14 de Maio,r,Rio Verde,68310-222 14 de Maio - r - Rio Verde,NOVOS CEPs DE PARAUAPEBAS.pdf,2025-11-26 17:57
68320-095,13 de Outubro,r,Palmares Sul,68320-095 13 de Outubro - r - Palmares Sul,NOVOS CEPs DE PARAUAPEBAS.pdf,2025-11-26 17:57
68310-510,14,r,União,68310-510 14 - r - União,NOVOS CEPs DE PARAUAPEBAS.pdf,2025-11-26 17:57
68320-266,14 de Maio,r,Palmares II,68320-266 14 de Maio - r - Palmares II,NOVOS CEPs DE PARAUAPEBAS.pdf,2025-11-26 17:57
68310-410,15,r,Cid Nova,68310-410 15 - r - Cid Nova,NOVOS CEPs DE PARAUAPEBAS.pdf,2025-11-26 17:57
68320-280,15 de Março,r,Palmares II,68320-280 15 de Março - r - Palmares II,NOVOS CEPs DE PARAUAPEBAS.pdf,2025-11-26 17:57
68310-408,16,r,Cid Nova,68310-408 16 - r - Cid Nova,NOVOS CEPs DE PARAUAPEBAS.pdf,2025-11-26 17:57
68310-282,16,r,Maranhão,68310-282 16 - r - Maranhão,NOVOS CEPs DE PARAUAPEBAS.pdf,2025-11-26 17:57
68310-508,16,r,União,68310-508 16 - r - União,NOVOS CEPs DE PARAUAPEBAS.pdf,2025-11-26 17:57
68310-402,17,tv,Cid Nova,68310-402 17 - tv - Cid Nova,NOVOS CEPs DE PARAUAPEBAS.pdf,2025-11-26 17:57
68320-268,17 de Abril,r,Palmares II,68320-268 17 de Abril - r - Palmares II,NOVOS CEPs DE PARAUAPEBAS.pdf,2025-11-26 17:57
68310-406,18,tv,Cid Nova,68310-406 18 - tv - Cid Nova,NOVOS CEPs DE PARAUAPEBAS.pdf,2025-11-26 17:57
68310-502,19,r,União,68310-502 19 - r - União,NOVOS CEPs DE PARAUAPEBAS.pdf,2025-11-26 17:57
68310-440,2,r,Cid Nova,68310-440 2 - r - Cid Nova,NOVOS CEPs DE PARAUAPEBAS.pdf,2025-11-26 17:57
68310-344,2,r,Primavera,68310-344 2 - r - Primavera,NOVOS CEPs DE PARAUAPEBAS.pdf,2025-11-26 17:57
68310-496,20,r,União,68310-496 20 - r - União,NOVOS CEPs DE PARAUAPEBAS.pdf,2025-11-26 17:57
68310-104,20 de Janeiro,tv,Rio Verde,68310-104 20 de Janeiro - tv - Rio Verde,NOVOS CEPs DE PARAUAPEBAS.pdf,2025-11-26 17:57
68310-520,21,r,União,68310-520 21 - r - União,NOVOS CEPs DE PARAUAPEBAS.pdf,2025-11-26 17:57
68320-089,21 de Abril,r,Palmares Sul,68320-089 21 de Abril - r - Palmares Sul,NOVOS CEPs DE PARAUAPEBAS.pdf,2025-11-26 17:57
68310-106,21 de Abril,tv,Rio Verde,68310-106 21 de Abril - tv - Rio Verde,NOVOS CEPs DE PARAUAPEBAS.pdf,2025-11-26 17:57
68320-262,22 de Março,r,Palmares II,68320-262 22 de Março - r - Palmares II,NOVOS CEPs DE PARAUAPEBAS.pdf,2025-11-26 17:57
68310-007,24 de março,r,Paz,68310-007 24 de março - r - Paz,NOVOS CEPs DE PARAUAPEBAS.pdf,2025-11-26 17:57
68310-078,24 de março,r,Rio Verde,68310-078 24 de março - r - Rio Verde,NOVOS CEPs DE PARAUAPEBAS.pdf,2025-11-26 17:57
68310-258,25 de Dezembro,r,Maranhão,68310-258 25 de Dezembro - r - Maranhão,NOVOS CEPs DE PARAUAPEBAS.pdf,2025-11-26 17:57
68320-238,26 de Junho,r,Palmares II,68320-238 26 de Junho - r - Palmares II,NOVOS CEPs DE PARAUAPEBAS.pdf,2025-11-26 17:57
68310-438,3,r,Cid Nova,68310-438 3 - r - Cid Nova,NOVOS CEPs DE PARAUAPEBAS.pdf,2025-11-26 17:57
68310-340,3,r,Primavera,68310-340 3 - r - Primavera,NOVOS CEPs DE PARAUAPEBAS.pdf,2025-11-26 17:57
68310-436,4,r,Cid Nova,68310-436 4 - r - Cid Nova,NOVOS CEPs DE PARAUAPEBAS.pdf,2025-11-26 17:57
68310-332,4,r,Primavera,68310-332 4 - r - Primavera,NOVOS CEPs DE PARAUAPEBAS.pdf,2025-11-26 17:57
68310-526,4,r,União,68310-526 4 - r - União,NOVOS CEPs DE PARAUAPEBAS.pdf,2025-11-26 17:57
68310-434,5,r,Cid Nova,68310-434 5 - r - Cid Nova,NOVOS CEPs DE PARAUAPEBAS.pdf,2025-11-26 17:57
68310-330,5,r,Primavera,68310-330 5 - r - Primavera,NOVOS CEPs DE PARAUAPEBAS.pdf,2025-11-26 17:57
68310-524,5,r,União,68310-524 5 - r - União,NOVOS CEPs DE PARAUAPEBAS.pdf,2025-11-26 17:57
68310-432,6,r,Cid Nova,68310-432 6 - r - Cid Nova,NOVOS CEPs DE PARAUAPEBAS.pdf,2025-11-26 17:57
68310-522,6,r,União,68310-522 6 - r - União,NOVOS CEPs DE PARAUAPEBAS.pdf,2025-11-26 17:57
68310-444,7,r,Cid Nova,68310-444 7 - r - Cid Nova,NOVOS CEPs DE PARAUAPEBAS.pdf,2025-11-26 17:57
68310-086,7 de Setembro,r,Rio Verde,68310-086 7 de Setembro - r - Rio Verde,NOVOS CEPs DE PARAUAPEBAS.pdf,2025-11-26 17:57
68310-430,8,r,Cid Nova,68310-430 8 - r - Cid Nova,NOVOS CEPs DE PARAUAPEBAS.pdf,2025-11-26 17:57
68310-328,8,r,Primavera,68310-328 8 - r - Primavera,NOVOS CEPs DE PARAUAPEBAS.pdf,2025-11-26 17:57
68310-428,9,r,Cid Nova,68310-428 9 - r - Cid Nova,NOVOS CEPs DE PARAUAPEBAS.pdf,2025-11-26 17:57
68310-518,9,r,União,68310-518 9 - r - União,NOVOS CEPs DE PARAUAPEBAS.pdf,2025-11-26 17:57
